source,target,weight
0,335,1
0,2781,1
0,4297,1
0,5855,1
1,124,1
1,551,1
1,1716,1
1,5490,1
2,6195,1
2,8105,1
3,7894,1
4,7683,1
5,4898,1
5,7472,1
6,7261,1
7,7050,1
8,6630,1
8,6839,1
9,6628,1
10,800,1
10,6417,1
10,8128,1
11,3011,1
11,6206,1
12,5995,1
13,5784,1
14,5573,1
14,6221,1
15,1330,1
15,4846,1
15,5362,1
16,5151,1
17,4940,1
17,6432,1
18,1945,1
18,4729,1
19,4518,1
20,4307,1
21,2985,1
21,4096,1
21,4634,1
22,3885,1
22,4483,1
23,2900,1
23,3674,1
23,4840,1
24,2788,1
24,3463,1
25,1343,1
25,2020,1
25,3252,1
26,3041,1
27,2830,1
28,2460,1
28,2619,1
29,2408,1
30,2197,1
30,3090,1
30,4239,1
30,5738,1
31,1986,1
32,442,1
32,1775,1
32,2910,1
33,1564,1
34,1353,1
34,6523,1
35,1142,1
35,3786,1
36,931,1
36,4890,1
37,720,1
37,5842,1
37,6180,1
37,7683,1
38,509,1
38,936,1
39,298,1
39,1644,1
39,6402,1
40,87,1
41,8068,1
42,7857,1
43,7646,1
44,2617,1
44,7435,1
44,7882,1
45,7106,1
45,7224,1
46,7013,1
47,6802,1
48,621,1
48,2195,1
48,4363,1
48,6591,1
49,2075,1
49,4766,1
49,6380,1
50,3145,1
50,3154,1
50,4510,1
50,6169,1
51,3637,1
51,5958,1
52,398,1
52,5747,1
53,5536,1
54,5325,1
55,2643,1
55,3739,1
55,4630,1
55,5111,1
55,5114,1
55,7109,1
56,2233,1
56,4316,1
56,4903,1
57,4692,1
57,7631,1
58,165,1
58,4481,1
59,4270,1
60,3882,1
60,4059,1
61,720,1
61,1609,1
61,3848,1
61,4015,1
62,2548,1
62,3637,1
63,3426,1
64,360,1
64,3215,1
64,7739,1
65,3004,1
66,1895,1
66,2793,1
66,3879,1
66,4734,1
66,6114,1
66,7579,1
67,2582,1
68,2371,1
69,2160,1
69,7335,1
69,7389,1
70,1949,1
70,4121,1
70,7866,1
71,1738,1
71,5250,1
72,678,1
72,1527,1
72,3928,1
72,5671,1
73,1316,1
74,1105,1
75,894,1
75,7079,1
76,683,1
76,4001,1
76,5333,1
77,472,1
77,6753,1
78,261,1
79,50,1
80,1266,1
80,6712,1
80,8031,1
81,7820,1
82,7609,1
83,2294,1
83,7398,1
84,7187,1
85,4558,1
85,6976,1
85,7133,1
86,6765,1
87,1162,1
87,4156,1
87,6554,1
88,6343,1
89,1680,1
89,6132,1
90,2450,1
90,5921,1
91,969,1
91,3265,1
91,5710,1
92,4638,1
92,5499,1
92,8092,1
93,4523,1
93,5288,1
94,5077,1
95,4866,1
96,3494,1
96,4655,1
96,7310,1
97,1672,1
97,4444,1
98,4233,1
98,6524,1
99,4022,1
100,1760,1
100,3811,1
100,7021,1
101,273,1
101,3600,1
102,3389,1
102,5349,1
103,3178,1
104,2430,1
104,2967,1
104,6368,1
104,7980,1
105,2756,1
105,3172,1
106,287,1
106,2034,1
106,2545,1
106,4395,1
106,7063,1
107,2334,1
107,5216,1
107,7836,1
108,2123,1
109,1912,1
109,4456,1
110,970,1
110,1701,1
111,1490,1
112,1279,1
112,2632,1
113,1068,1
113,2480,1
114,491,1
114,857,1
115,646,1
115,6315,1
116,435,1
116,3412,1
117,224,1
117,357,1
117,1992,1
117,6710,1
118,13,1
118,1957,1
118,6052,1
119,2077,1
119,7994,1
120,4138,1
120,7783,1
121,7572,1
121,8179,1
122,1739,1
122,2123,1
122,7361,1
122,7999,1
123,617,1
123,1086,1
123,5815,1
123,7150,1
123,7532,1
124,6939,1
124,7677,1
125,5523,1
125,6728,1
126,37,1
126,2351,1
126,6517,1
127,419,1
127,6306,1
128,6095,1
128,6364,1
129,5884,1
130,5673,1
131,5462,1
132,4710,1
132,5251,1
132,8063,1
133,1664,1
133,5040,1
133,7069,1
134,3795,1
134,4829,1
135,1352,1
135,2729,1
135,2770,1
135,4618,1
136,4407,1
137,1694,1
137,4196,1
138,3985,1
138,5255,1
139,2415,1
139,3774,1
139,5886,1
140,3563,1
140,4507,1
140,6233,1
141,3352,1
141,5022,1
141,5328,1
141,7295,1
142,1916,1
142,2633,1
142,3141,1
143,1044,1
143,2930,1
143,6266,1
144,2719,1
145,2508,1
145,3445,1
146,2297,1
147,309,1
147,2086,1
147,2700,1
148,65,1
148,934,1
148,1875,1
148,5496,1
148,7356,1
149,1664,1
150,1453,1
150,2363,1
151,1242,1
151,1806,1
152,1031,1
153,820,1
153,1210,1
154,609,1
154,7934,1
155,398,1
155,1688,1
155,3767,1
156,187,1
156,4482,1
157,3997,1
157,5509,1
157,8168,1
158,2152,1
158,4633,1
158,7957,1
159,5848,1
159,7746,1
160,80,1
160,4099,1
160,7535,1
161,7324,1
162,7113,1
162,7635,1
163,5084,1
163,5577,1
163,6902,1
163,7266,1
164,6691,1
164,7695,1
165,6480,1
166,1499,1
166,6269,1
166,6582,1
167,5604,1
167,6058,1
168,5847,1
169,5636,1
170,4440,1
170,5314,1
170,5425,1
171,5214,1
172,5003,1
173,4792,1
174,4581,1
174,7553,1
175,4370,1
176,4159,1
176,4387,1
176,7887,1
177,3948,1
178,3737,1
179,3526,1
179,7629,1
180,3315,1
181,3104,1
181,5270,1
181,8000,1
182,2893,1
183,2682,1
183,5762,1
184,2471,1
184,4811,1
185,2260,1
186,945,1
186,2049,1
187,1838,1
188,1627,1
189,234,1
189,1055,1
189,1416,1
190,1205,1
191,994,1
191,4585,1
191,7456,1
192,783,1
193,572,1
193,5740,1
193,6800,1
194,361,1
194,3656,1
195,150,1
195,1081,1
196,6597,1
196,8131,1
197,7920,1
198,3800,1
198,5268,1
198,7709,1
199,7498,1
199,7770,1
200,7287,1
201,909,1
201,7076,1
202,3321,1
202,6196,1
202,6865,1
202,7667,1
203,4936,1
203,5251,1
203,6654,1
203,8081,1
204,6443,1
204,6585,1
205,39,1
205,6232,1
205,7161,1
206,6021,1
207,1997,1
207,2411,1
207,5810,1
208,5599,1
208,6600,1
208,6638,1
209,2841,1
209,5388,1
210,4236,1
210,5177,1
210,5538,1
210,6773,1
210,7643,1
211,4966,1
211,6725,1
212,4755,1
213,4544,1
213,6420,1
214,3093,1
214,4333,1
214,5449,1
214,7766,1
215,1278,1
215,4122,1
216,3911,1
216,4884,1
217,2553,1
217,3700,1
217,5635,1
217,7126,1
217,7571,1
218,650,1
218,1710,1
218,1920,1
218,3489,1
218,6587,1
219,3278,1
220,3067,1
221,2856,1
222,1765,1
222,2645,1
223,2434,1
223,7781,1
224,2223,1
225,2012,1
226,1244,1
226,1801,1
226,2327,1
227,1590,1
227,2764,1
228,1379,1
228,4736,1
229,1168,1
230,957,1
231,746,1
231,7692,1
232,535,1
233,324,1
233,1745,1
234,113,1
234,2521,1
235,8094,1
236,1196,1
236,7883,1
237,2716,1
237,5880,1
237,6419,1
237,7672,1
238,7461,1
239,3576,1
239,7250,1
240,4180,1
240,7039,1
241,2600,1
241,3447,1
241,6828,1
242,2883,1
242,6617,1
243,6406,1
244,4943,1
244,5544,1
244,6195,1
245,4195,1
245,5984,1
246,343,1
246,2677,1
246,5773,1
246,7488,1
247,2733,1
247,5307,1
247,5562,1
248,5351,1
249,3783,1
249,5140,1
250,4929,1
250,8024,1
251,4718,1
252,2295,1
252,3175,1
252,4507,1
252,6183,1
253,4296,1
254,3285,1
254,4085,1
255,3874,1
255,7678,1
256,2492,1
256,3663,1
257,2263,1
257,3452,1
258,3241,1
259,825,1
259,1261,1
259,3030,1
259,3738,1
260,2819,1
261,2608,1
262,2397,1
262,5281,1
263,2186,1
263,2773,1
264,1975,1
264,2330,1
265,1764,1
266,224,1
266,1553,1
266,2857,1
267,1342,1
268,1131,1
268,5486,1
269,920,1
270,709,1
270,3408,1
271,498,1
271,967,1
272,287,1
272,3619,1
273,76,1
273,545,1
273,1518,1
273,2717,1
274,8057,1
275,1624,1
275,7466,1
275,7846,1
276,3469,1
276,7635,1
277,7424,1
278,7213,1
279,1867,1
279,7002,1
280,6791,1
281,6580,1
282,6369,1
283,5606,1
283,6158,1
283,7000,1
284,2884,1
284,3096,1
284,4533,1
284,5226,1
284,5947,1
284,6442,1
285,5736,1
285,7528,1
286,5525,1
287,5314,1
288,1451,1
288,5103,1
289,4892,1
290,4681,1
291,4470,1
291,5208,1
292,4259,1
293,1053,1
293,4048,1
293,6858,1
294,3837,1
295,3626,1
295,3779,1
296,3415,1
297,3204,1
297,3899,1
298,2993,1
298,4810,1
298,7666,1
299,2782,1
300,2571,1
301,2360,1
302,2149,1
303,1938,1
304,1596,1
304,1727,1
304,4595,1
305,1172,1
305,1516,1
306,912,1
306,1305,1
306,3223,1
306,4520,1
307,1094,1
308,883,1
308,2416,1
309,672,1
309,5444,1
310,461,1
311,250,1
311,5520,1
312,39,1
312,2745,1
312,4385,1
313,8020,1
314,7809,1
315,4834,1
315,7477,1
315,7598,1
316,6393,1
316,7387,1
317,2253,1
317,7176,1
318,6965,1
319,6754,1
320,734,1
320,5919,1
320,6543,1
321,4644,1
321,6332,1
322,1490,1
322,2652,1
322,6121,1
323,5910,1
324,5699,1
325,2291,1
325,5488,1
326,5277,1
326,7757,1
327,5066,1
327,6913,1
328,4855,1
329,1802,1
329,4644,1
329,7031,1
330,4433,1
330,6786,1
331,4222,1
331,6793,1
332,2105,1
332,4011,1
332,4556,1
333,1138,1
333,3800,1
334,2695,1
334,3589,1
335,3378,1
335,3826,1
336,3167,1
336,3532,1
337,2956,1
338,824,1
338,1815,1
338,2745,1
339,2534,1
340,2323,1
341,903,1
341,2112,1
342,1779,1
342,1901,1
343,1690,1
344,1479,1
344,5806,1
345,1268,1
346,1057,1
347,846,1
347,1049,1
347,3527,1
347,5932,1
347,6076,1
348,635,1
348,6463,1
349,424,1
349,528,1
349,2791,1
349,2874,1
349,4298,1
349,6898,1
350,213,1
350,7268,1
351,2,1
351,3788,1
352,7983,1
353,3150,1
353,7772,1
354,7561,1
355,5603,1
355,7350,1
356,7139,1
357,6369,1
357,6928,1
358,1268,1
358,6717,1
358,6922,1
358,8176,1
359,6506,1
360,6295,1
360,7193,1
360,8140,1
361,6084,1
362,5873,1
363,2749,1
363,5662,1
364,5451,1
365,1223,1
365,4467,1
365,5240,1
366,5029,1
367,3092,1
367,4818,1
367,5301,1
368,4607,1
368,5715,1
369,4396,1
370,342,1
370,1006,1
370,4185,1
370,7749,1
371,2793,1
371,3974,1
372,3763,1
373,3552,1
374,2914,1
374,3341,1
374,5380,1
375,2580,1
375,3130,1
375,6291,1
375,6518,1
375,8148,1
376,2919,1
377,2708,1
378,604,1
378,1098,1
378,2497,1
378,2920,1
378,4204,1
379,2286,1
380,2075,1
380,7722,1
381,1864,1
381,3007,1
382,1653,1
382,4833,1
383,1364,1
383,1442,1
384,1231,1
385,1020,1
385,5434,1
386,375,1
386,809,1
387,598,1
388,387,1
388,2401,1
388,4653,1
388,7911,1
389,176,1
390,8157,1
391,7946,1
392,3040,1
392,7735,1
393,7524,1
394,7313,1
395,401,1
395,7102,1
396,6891,1
397,6680,1
397,7872,1
398,6001,1
398,6281,1
398,6469,1
399,1900,1
399,6258,1
400,2261,1
400,6047,1
401,5836,1
402,4247,1
402,5625,1
403,5414,1
404,5203,1
405,4992,1
406,577,1
406,4781,1
406,4783,1
407,4570,1
407,7489,1
407,7669,1
408,4359,1
409,4148,1
410,3937,1
410,5743,1
411,3726,1
411,4340,1
412,433,1
412,3515,1
413,3304,1
414,3093,1
414,5445,1
415,2882,1
415,5781,1
416,2671,1
417,2460,1
418,2249,1
419,2038,1
420,1827,1
420,2863,1
421,675,1
421,1616,1
421,3378,1
421,4872,1
422,1405,1
423,1194,1
423,3948,1
423,4087,1
423,6927,1
424,983,1
424,6834,1
425,772,1
425,7691,1
426,561,1
426,3892,1
427,350,1
427,1715,1
428,139,1
428,148,1
429,1599,1
429,8120,1
430,4091,1
430,5260,1
430,7909,1
431,7698,1
432,7487,1
433,7276,1
434,7065,1
435,1896,1
435,2797,1
435,6854,1
436,6643,1
437,4399,1
437,6432,1
438,5357,1
438,6221,1
439,836,1
439,6010,1
439,7274,1
440,5799,1
440,6796,1
441,5588,1
442,5377,1
443,4092,1
443,5166,1
444,1374,1
444,4172,1
444,4955,1
445,4744,1
446,490,1
446,4533,1
447,2726,1
447,4322,1
447,5634,1
448,2487,1
448,4111,1
448,7567,1
448,8109,1
449,3900,1
449,4394,1
450,679,1
450,3689,1
450,5170,1
450,6093,1
451,1651,1
451,3478,1
451,5537,1
452,3267,1
452,3714,1
452,6390,1
453,3056,1
453,6289,1
454,2845,1
454,3541,1
455,2634,1
456,612,1
456,2423,1
457,1833,1
457,2212,1
457,4458,1
458,2001,1
458,5770,1
459,1790,1
459,2010,1
460,1205,1
460,1579,1
461,1368,1
461,3110,1
462,1157,1
462,3526,1
463,946,1
464,735,1
464,4498,1
465,524,1
466,313,1
466,8137,1
467,102,1
467,4158,1
467,4254,1
468,193,1
468,8083,1
469,2412,1
469,7872,1
470,1026,1
470,3284,1
470,4444,1
470,7661,1
471,7450,1
472,2898,1
472,7239,1
473,6172,1
473,7028,1
474,6817,1
475,6606,1
476,5182,1
476,5772,1
476,6395,1
476,6481,1
476,7353,1
477,6184,1
478,779,1
478,5973,1
479,5762,1
480,1040,1
480,5551,1
480,5779,1
481,3436,1
481,5340,1
482,4491,1
482,5129,1
483,4918,1
484,1572,1
484,4707,1
484,7446,1
485,495,1
485,4496,1
486,3719,1
486,4285,1
487,2089,1
487,4074,1
488,2668,1
488,2825,1
488,3863,1
488,7782,1
489,3652,1
490,1333,1
490,3441,1
490,5143,1
491,2204,1
491,3230,1
492,180,1
492,585,1
492,3019,1
493,2808,1
494,1458,1
494,2597,1
494,3180,1
495,2386,1
496,2175,1
497,1964,1
497,5154,1
498,1359,1
498,1753,1
498,1787,1
499,1542,1
499,5594,1
499,5620,1
500,1331,1
501,365,1
501,1120,1
502,909,1
503,698,1
503,1906,1
503,4337,1
504,154,1
504,487,1
504,2702,1
505,276,1
505,6830,1
506,65,1
506,593,1
507,8046,1
508,2528,1
508,6956,1
508,7835,1
509,4402,1
509,5622,1
509,7624,1
510,7249,1
510,7413,1
511,7202,1
512,6991,1
513,6780,1
514,280,1
514,6569,1
514,7059,1
515,3099,1
515,6358,1
516,253,1
516,6147,1
517,22,1
517,5936,1
518,5725,1
519,2719,1
519,3504,1
519,5026,1
519,5514,1
520,5303,1
521,5092,1
521,5339,1
522,4881,1
523,4670,1
524,4459,1
524,6023,1
525,4248,1
526,4037,1
527,2957,1
527,3658,1
527,3826,1
527,5543,1
528,3615,1
528,3812,1
529,3404,1
530,3193,1
531,2982,1
532,2771,1
533,1696,1
533,2560,1
533,5990,1
534,614,1
534,2349,1
534,7129,1
535,2138,1
536,1927,1
536,3467,1
537,1097,1
537,1716,1
538,1505,1
539,1294,1
539,1699,1
539,5142,1
540,1083,1
541,872,1
541,1551,1
542,661,1
543,450,1
544,18,1
544,239,1
545,28,1
546,8009,1
547,2503,1
547,2732,1
547,2836,1
547,5242,1
547,6516,1
547,7784,1
547,7798,1
548,7587,1
549,2247,1
549,7376,1
549,7630,1
550,1084,1
550,4205,1
550,7165,1
551,4952,1
551,6954,1
552,3930,1
552,6743,1
553,6532,1
554,4288,1
554,6321,1
555,3400,1
555,6110,1
556,5899,1
556,7103,1
557,5688,1
558,5477,1
558,6837,1
559,5266,1
560,5055,1
561,1810,1
561,2991,1
561,4844,1
562,1590,1
562,4633,1
562,8056,1
563,4422,1
564,3736,1
564,4211,1
564,5701,1
565,4000,1
566,3789,1
566,7442,1
567,3578,1
567,4134,1
568,875,1
568,3367,1
569,686,1
569,2906,1
569,3156,1
570,57,1
570,1889,1
570,2945,1
571,2734,1
571,6623,1
572,2523,1
573,2312,1
573,5017,1
574,2101,1
575,123,1
575,1890,1
575,5623,1
576,1679,1
577,1468,1
577,1887,1
577,5337,1
578,1257,1
579,1046,1
580,835,1
580,7670,1
581,624,1
581,7136,1
581,7861,1
582,413,1
583,202,1
584,552,1
584,2840,1
584,8183,1
585,7972,1
586,5540,1
586,6581,1
586,7761,1
587,23,1
587,3881,1
587,3937,1
587,6292,1
587,7003,1
587,7550,1
588,7339,1
589,4188,1
589,4698,1
589,7128,1
590,6917,1
591,6706,1
592,3693,1
592,6495,1
593,6284,1
594,6073,1
595,2258,1
595,5862,1
596,5651,1
596,6475,1
597,5440,1
598,1092,1
598,5229,1
598,7615,1
599,5018,1
600,4807,1
601,2657,1
601,3962,1
601,4596,1
601,4886,1
602,4385,1
603,4174,1
603,5127,1
604,3553,1
604,3963,1
605,3752,1
606,3541,1
607,121,1
607,3330,1
607,6044,1
608,3119,1
608,7944,1
609,2908,1
610,2697,1
611,2486,1
612,2275,1
612,3125,1
613,2064,1
613,2547,1
614,1853,1
614,4696,1
614,6037,1
615,1642,1
616,1431,1
617,1220,1
617,3177,1
618,5,1
618,1009,1
618,1018,1
619,798,1
619,5057,1
619,7805,1
620,587,1
621,376,1
622,165,1
623,8146,1
624,1401,1
624,2329,1
624,5274,1
624,7935,1
625,7724,1
626,5917,1
626,7513,1
627,7302,1
628,7091,1
629,1332,1
629,6880,1
630,5332,1
630,6669,1
631,1122,1
631,6458,1
632,5149,1
632,6247,1
633,6036,1
634,3009,1
634,5825,1
634,6809,1
635,5614,1
636,451,1
636,1334,1
636,5403,1
637,1545,1
637,5192,1
638,4981,1
638,5949,1
639,4770,1
639,7940,1
640,2210,1
640,4559,1
641,4348,1
642,4137,1
642,5136,1
643,1941,1
643,3926,1
644,217,1
644,2110,1
644,3715,1
645,3504,1
645,4641,1
646,1259,1
646,3293,1
647,3082,1
648,2871,1
649,2660,1
650,2449,1
651,2238,1
651,3030,1
651,3776,1
652,2027,1
652,2414,1
653,1816,1
654,1605,1
655,1394,1
656,1183,1
656,2599,1
657,972,1
658,761,1
658,1185,1
659,550,1
660,44,1
660,339,1
660,6985,1
661,128,1
661,1387,1
661,5019,1
662,4539,1
662,8109,1
663,7898,1
664,4904,1
664,7687,1
665,7476,1
666,7265,1
666,7492,1
667,1668,1
667,7054,1
668,6843,1
669,6632,1
669,7576,1
670,2605,1
670,6421,1
671,1746,1
671,6210,1
672,5999,1
673,1313,1
673,2092,1
673,3920,1
673,5788,1
674,2747,1
674,5577,1
675,1200,1
675,1337,1
675,5366,1
676,5155,1
677,4944,1
678,4733,1
678,5257,1
678,7018,1
679,4522,1
680,4311,1
681,4100,1
681,6515,1
681,7851,1
682,3510,1
682,3889,1
682,7628,1
683,3678,1
683,4852,1
684,2585,1
684,3467,1
685,3256,1
686,3045,1
687,2834,1
688,2623,1
688,6757,1
689,862,1
689,2412,1
689,5734,1
689,6615,1
690,2201,1
691,166,1
691,1990,1
692,229,1
692,1779,1
692,1857,1
692,4354,1
693,881,1
693,1568,1
694,1357,1
695,548,1
695,1146,1
696,776,1
696,935,1
696,4763,1
697,724,1
697,3666,1
697,4926,1
697,5678,1
697,6209,1
698,513,1
698,2577,1
698,5655,1
699,302,1
700,91,1
701,6387,1
701,8072,1
702,1932,1
702,4927,1
702,7861,1
703,1131,1
703,2567,1
703,6821,1
703,7650,1
704,2262,1
704,7439,1
705,338,1
705,7228,1
706,4051,1
706,7017,1
707,4857,1
707,6806,1
708,6595,1
709,3667,1
709,6384,1
709,6588,1
710,6173,1
711,5433,1
711,5962,1
711,6732,1
712,5751,1
713,5405,1
713,5540,1
714,5329,1
715,5118,1
716,4907,1
716,5342,1
717,4696,1
717,5482,1
717,8036,1
718,2557,1
718,4485,1
719,4274,1
720,3126,1
720,3679,1
720,4063,1
720,5676,1
721,3852,1
722,3641,1
722,3972,1
723,3430,1
724,2545,1
724,3219,1
725,3008,1
726,311,1
726,1435,1
726,2797,1
726,8181,1
727,1150,1
727,2586,1
727,7986,1
728,2375,1
729,2164,1
730,1953,1
730,2595,1
731,1742,1
731,3549,1
731,6998,1
731,7154,1
732,1531,1
733,562,1
733,1320,1
734,1109,1
734,3674,1
735,802,1
735,898,1
735,3657,1
736,687,1
736,1877,1
737,476,1
737,1838,1
738,265,1
738,7564,1
739,54,1
739,5412,1
740,530,1
740,8035,1
741,7824,1
742,3006,1
742,7457,1
742,7613,1
743,4310,1
743,7402,1
744,1977,1
744,2699,1
744,5624,1
744,6641,1
744,7191,1
745,6980,1
746,3404,1
746,6769,1
747,659,1
747,1159,1
747,6558,1
748,6347,1
749,6136,1
750,156,1
750,5925,1
750,6470,1
751,2856,1
751,5714,1
752,5503,1
752,7284,1
752,7825,1
752,8093,1
753,4496,1
753,5292,1
754,3200,1
754,5081,1
755,112,1
755,4870,1
755,6004,1
755,6061,1
755,6357,1
756,4659,1
757,4448,1
757,7619,1
758,4237,1
759,1305,1
759,3503,1
759,4026,1
759,4989,1
760,3815,1
760,6029,1
761,1608,1
761,3604,1
762,3393,1
762,7703,1
763,2268,1
763,3182,1
763,5897,1
764,2971,1
764,3722,1
765,2760,1
766,2549,1
767,2338,1
768,2127,1
768,4427,1
769,667,1
769,1916,1
769,2995,1
769,3889,1
770,1705,1
771,1494,1
771,3499,1
772,1283,1
773,107,1
773,1072,1
774,861,1
774,1088,1
774,5325,1
775,650,1
776,439,1
776,5574,1
776,6160,1
777,228,1
778,17,1
778,1662,1
778,1943,1
778,4144,1
779,4319,1
779,7175,1
779,7998,1
780,7656,1
780,7787,1
781,4386,1
781,7576,1
782,7365,1
783,5551,1
783,6095,1
783,6881,1
783,7154,1
784,1461,1
784,1796,1
784,6943,1
785,1723,1
785,6732,1
786,6521,1
786,7561,1
787,6310,1
788,1682,1
788,6099,1
789,5888,1
790,5677,1
791,5452,1
791,5466,1
792,5255,1
793,5044,1
793,8149,1
794,55,1
794,4833,1
794,7580,1
795,4622,1
795,5249,1
796,4411,1
797,531,1
797,4200,1
798,1908,1
798,3989,1
799,3778,1
799,5253,1
799,5616,1
800,3567,1
800,4971,1
800,5828,1
801,3356,1
802,3145,1
802,5192,1
803,2934,1
804,2723,1
805,484,1
805,2512,1
805,7244,1
806,2301,1
806,6536,1
807,2090,1
807,2597,1
807,3237,1
808,1879,1
809,1403,1
809,1668,1
810,1457,1
810,6995,1
811,1246,1
811,4072,1
812,1035,1
812,1284,1
812,2655,1
813,824,1
813,5323,1
814,613,1
814,3437,1
815,402,1
815,6461,1
816,160,1
816,191,1
817,4025,1
817,5499,1
817,8172,1
818,942,1
818,7961,1
819,7072,1
819,7750,1
820,1860,1
820,2665,1
820,3600,1
820,7539,1
821,3124,1
821,7328,1
822,7117,1
823,1432,1
823,6906,1
824,6695,1
825,6484,1
825,6851,1
825,7701,1
826,477,1
826,6273,1
827,6062,1
828,5851,1
829,399,1
829,636,1
829,5640,1
830,1342,1
830,5429,1
831,5218,1
832,588,1
832,3176,1
832,3716,1
832,5007,1
832,5511,1
833,4796,1
833,5641,1
834,4585,1
835,4374,1
836,2608,1
836,4163,1
836,7725,1
837,3952,1
837,5830,1
838,3741,1
838,6609,1
839,851,1
839,3530,1
840,3319,1
841,3108,1
842,2897,1
842,7602,1
843,2686,1
843,4388,1
844,2475,1
845,2264,1
845,2660,1
845,3625,1
846,2053,1
846,7263,1
847,1842,1
848,1631,1
848,6833,1
849,1420,1
849,2081,1
849,6994,1
850,1209,1
850,2398,1
851,998,1
851,3279,1
851,3725,1
852,787,1
852,5485,1
853,576,1
854,365,1
855,154,1
856,6746,1
856,8135,1
857,921,1
857,4221,1
857,4845,1
857,7924,1
858,4996,1
858,7713,1
859,1226,1
859,2454,1
859,6568,1
859,7502,1
860,7291,1
861,2828,1
861,6070,1
861,6335,1
861,7080,1
862,6099,1
862,6869,1
863,3157,1
863,6658,1
863,7591,1
864,3397,1
864,6447,1
865,6236,1
866,76,1
866,114,1
866,6025,1
867,5814,1
868,5603,1
869,4787,1
869,5392,1
870,3366,1
870,3745,1
870,5181,1
870,7299,1
871,3603,1
871,4955,1
871,4970,1
872,4759,1
872,5202,1
873,4548,1
874,3487,1
874,4337,1
875,4126,1
876,1974,1
876,3915,1
877,3704,1
878,3493,1
878,5595,1
879,1318,1
879,3282,1
880,145,1
880,1262,1
880,3071,1
881,2860,1
881,6823,1
882,2649,1
883,2438,1
883,3229,1
884,2227,1
885,2016,1
886,1805,1
886,2080,1
887,1594,1
888,1383,1
889,724,1
889,1172,1
889,2500,1
890,961,1
890,5049,1
891,750,1
891,4543,1
892,539,1
893,328,1
893,3847,1
893,4868,1
894,117,1
894,3085,1
894,4449,1
894,4931,1
895,4401,1
895,8098,1
896,7887,1
897,756,1
897,5335,1
897,7676,1
898,7465,1
899,7254,1
900,4609,1
900,7043,1
901,5152,1
901,6832,1
902,514,1
902,6621,1
903,4552,1
903,6410,1
904,6199,1
905,5988,1
905,7933,1
906,2071,1
906,5777,1
907,4462,1
907,4619,1
907,5566,1
907,5680,1
908,5355,1
908,6198,1
908,6685,1
908,7373,1
909,5144,1
910,4933,1
911,4722,1
912,1096,1
912,4511,1
913,4300,1
913,5321,1
914,2277,1
914,4074,1
914,4089,1
915,3878,1
915,6014,1
915,7804,1
916,3667,1
916,6984,1
917,3456,1
917,6650,1
918,684,1
918,3245,1
918,8133,1
919,462,1
919,3034,1
920,560,1
920,2823,1
920,4986,1
921,2612,1
922,2401,1
922,6003,1
923,2190,1
923,5909,1
923,7165,1
924,1979,1
925,99,1
925,1768,1
925,5706,1
926,1557,1
926,4381,1
927,1346,1
927,7217,1
927,7647,1
928,1135,1
928,2040,1
928,6574,1
929,924,1
929,3524,1
930,713,1
930,2009,1
931,502,1
932,291,1
932,3976,1
933,80,1
933,141,1
933,568,1
934,8061,1
935,7850,1
936,2698,1
936,7639,1
937,7015,1
937,7428,1
938,2984,1
938,7217,1
938,7734,1
939,4601,1
939,7006,1
940,2834,1
940,5881,1
940,6795,1
940,6838,1
940,6965,1
941,771,1
941,6136,1
941,6584,1
942,823,1
942,841,1
942,4511,1
942,6373,1
943,6162,1
944,5951,1
944,6555,1
944,8174,1
945,5372,1
945,5740,1
945,7746,1
946,1740,1
946,5529,1
947,728,1
947,4636,1
947,5119,1
947,5318,1
948,5107,1
948,7199,1
948,7679,1
949,2880,1
949,4875,1
949,4896,1
950,2,1
950,4685,1
951,4474,1
952,4263,1
952,4655,1
953,4052,1
954,3841,1
955,3630,1
956,3419,1
957,3208,1
957,7496,1
958,1292,1
958,2997,1
958,4040,1
958,6404,1
959,2786,1
960,2575,1
961,2364,1
961,3830,1
961,4445,1
962,2153,1
962,2711,1
963,1942,1
964,1731,1
965,1090,1
965,1520,1
965,4437,1
965,4659,1
965,5289,1
966,105,1
966,1309,1
966,5582,1
967,1098,1
967,3068,1
968,887,1
968,5426,1
969,676,1
969,3048,1
969,4080,1
970,465,1
970,6848,1
971,254,1
971,3117,1
971,5939,1
972,43,1
973,8024,1
974,6986,1
974,7813,1
975,1252,1
975,7602,1
976,5838,1
976,7391,1
977,2190,1
977,6512,1
977,7180,1
978,6505,1
978,6969,1
979,6758,1
980,3300,1
980,5128,1
980,6547,1
981,3129,1
981,5902,1
981,6336,1
982,6125,1
983,2047,1
983,5914,1
984,5703,1
985,3262,1
985,5492,1
985,6354,1
986,109,1
986,892,1
986,2316,1
986,2354,1
986,3833,1
986,5281,1
986,5454,1
987,5070,1
987,7443,1
988,1513,1
988,4859,1
989,630,1
989,4477,1
989,4648,1
990,4437,1
990,7222,1
991,4226,1
992,4015,1
992,5646,1
992,7924,1
993,3804,1
994,3593,1
995,241,1
995,2060,1
995,3382,1
995,7951,1
996,2763,1
996,3171,1
996,6453,1
997,1224,1
997,2960,1
998,2097,1
998,2749,1
999,2538,1
999,2622,1
1000,2327,1
1001,1575,1
1001,2116,1
1001,3353,1
1002,653,1
1002,1647,1
1002,1905,1
1002,6853,1
1002,7485,1
1003,1216,1
1003,1694,1
1003,2394,1
1003,4321,1
1004,1483,1
1004,3042,1
1004,5553,1
1005,1272,1
1006,1061,1
1007,850,1
1007,1106,1
1007,5637,1
1007,6938,1
1008,639,1
1008,5277,1
1008,7848,1
1009,428,1
1010,217,1
1011,6,1
1011,95,1
1011,3902,1
1012,6429,1
1012,7987,1
1013,4784,1
1013,7776,1
1014,4442,1
1014,7565,1
1015,7354,1
1016,7143,1
1017,6932,1
1017,7410,1
1018,6721,1
1019,5113,1
1019,6510,1
1020,2846,1
1020,5896,1
1020,6299,1
1020,7080,1
1021,6088,1
1022,1837,1
1022,2932,1
1022,5877,1
1023,4700,1
1023,5666,1
1024,5455,1
1024,6772,1
1025,5244,1
1026,5033,1
1027,4822,1
1027,6249,1
1028,2267,1
1028,4611,1
1029,4400,1
1029,6919,1
1030,69,1
1030,191,1
1030,868,1
1030,4189,1
1031,3978,1
1032,2624,1
1032,3767,1
1033,3556,1
1034,14,1
1034,1438,1
1034,3345,1
1034,4661,1
1035,3134,1
1035,4368,1
1035,6478,1
1036,2923,1
1037,2712,1
1038,1176,1
1038,2501,1
1038,2871,1
1038,6378,1
1039,2290,1
1040,2079,1
1040,2461,1
1040,6896,1
1041,1868,1
1042,1657,1
1043,1446,1
1044,1235,1
1044,3620,1
1045,1024,1
1045,3474,1
1046,813,1
1046,6119,1
1046,7548,1
1047,425,1
1047,602,1
1047,4664,1
1047,5813,1
1048,391,1
1048,1483,1
1048,6968,1
1048,7913,1
1049,180,1
1050,6989,1
1050,8161,1
1051,7950,1
1052,7739,1
1053,7528,1
1054,7317,1
1055,7106,1
1055,8003,1
1056,6895,1
1057,6684,1
1058,5494,1
1058,6473,1
1059,2066,1
1059,3347,1
1059,6262,1
1060,4675,1
1060,6051,1
1060,7186,1
1061,5840,1
1062,5629,1
1063,3295,1
1063,5418,1
1063,6043,1
1064,2021,1
1064,5207,1
1065,4563,1
1065,4996,1
1066,3440,1
1066,4785,1
1067,4574,1
1068,4363,1
1069,4152,1
1070,3941,1
1071,3730,1
1072,3519,1
1072,4145,1
1072,7152,1
1072,8083,1
1073,3308,1
1074,3097,1
1074,6139,1
1075,2886,1
1075,3314,1
1076,2675,1
1077,1583,1
1077,2449,1
1077,2464,1
1077,3415,1
1078,2253,1
1078,2347,1
1078,3038,1
1079,2042,1
1079,3784,1
1079,6564,1
1080,1831,1
1081,1620,1
1082,745,1
1082,1409,1
1083,1198,1
1083,5228,1
1084,987,1
1084,2895,1
1084,7070,1
1084,8172,1
1085,776,1
1085,2947,1
1086,565,1
1086,8079,1
1087,354,1
1087,2640,1
1088,143,1
1089,3161,1
1089,3212,1
1089,6590,1
1089,8044,1
1089,8124,1
1090,752,1
1090,5765,1
1090,7913,1
1091,1771,1
1091,7401,1
1091,7702,1
1092,397,1
1092,7491,1
1093,1118,1
1093,5431,1
1093,7280,1
1094,7069,1
1095,6858,1
1096,6647,1
1097,960,1
1097,6436,1
1098,6225,1
1099,807,1
1099,6014,1
1099,6668,1
1100,5803,1
1101,5592,1
1101,7075,1
1102,5381,1
1102,5498,1
1103,4062,1
1103,5170,1
1104,4959,1
1105,4748,1
1105,5997,1
1105,6175,1
1106,4537,1
1107,4326,1
1108,4115,1
1109,3904,1
1110,3693,1
1111,3482,1
1112,3271,1
1113,2649,1
1113,2842,1
1113,3060,1
1114,2849,1
1114,3954,1
1114,5527,1
1115,2638,1
1116,1724,1
1116,2427,1
1116,3521,1
1116,8142,1
1117,693,1
1117,1190,1
1117,2216,1
1118,2005,1
1118,2972,1
1119,1794,1
1120,1583,1
1120,4647,1
1121,1372,1
1121,4526,1
1122,1161,1
1123,950,1
1123,4468,1
1124,739,1
1125,528,1
1126,317,1
1127,106,1
1127,2269,1
1128,8087,1
1129,5645,1
1129,7876,1
1130,7665,1
1131,7454,1
1131,7595,1
1132,3970,1
1132,7243,1
1133,517,1
1133,7032,1
1134,6821,1
1134,7205,1
1134,7953,1
1135,6019,1
1135,6610,1
1135,7094,1
1136,4851,1
1136,6399,1
1137,2990,1
1137,6188,1
1138,5977,1
1139,5766,1
1140,5437,1
1140,5555,1
1140,8112,1
1141,5344,1
1141,5516,1
1142,5133,1
1143,4922,1
1143,6020,1
1144,4711,1
1144,4804,1
1144,5839,1
1145,4500,1
1146,3307,1
1146,4289,1
1147,2435,1
1147,3616,1
1147,4078,1
1147,7326,1
1148,2192,1
1148,3867,1
1149,3017,1
1149,3656,1
1149,5043,1
1149,7956,1
1150,2988,1
1150,3445,1
1150,6237,1
1150,8069,1
1151,3234,1
1151,4264,1
1152,339,1
1152,3023,1
1153,2812,1
1154,2601,1
1154,4759,1
1155,2390,1
1156,883,1
1156,2179,1
1157,1968,1
1158,1757,1
1159,1546,1
1160,809,1
1160,1335,1
1160,3640,1
1160,3933,1
1160,5819,1
1160,7744,1
1161,1124,1
1162,913,1
1162,2130,1
1162,4564,1
1162,6395,1
1162,6636,1
1163,702,1
1163,3135,1
1164,491,1
1164,3950,1
1164,7763,1
1165,280,1
1165,1627,1
1166,69,1
1167,8050,1
1168,7839,1
1169,6894,1
1169,7628,1
1170,7417,1
1171,7206,1
1172,6995,1
1173,3874,1
1173,6784,1
1174,6134,1
1174,6573,1
1175,6362,1
1176,6151,1
1177,5940,1
1177,7388,1
1178,5729,1
1178,8166,1
1179,5518,1
1180,5307,1
1180,5672,1
1181,5096,1
1182,3364,1
1182,4885,1
1182,5415,1
1182,6443,1
1183,4674,1
1184,3391,1
1184,4463,1
1184,5914,1
1185,4252,1
1186,4041,1
1187,3830,1
1187,5112,1
1188,3619,1
1189,3194,1
1189,3408,1
1189,4790,1
1190,3197,1
1191,113,1
1191,2986,1
1191,6467,1
1192,949,1
1192,2775,1
1192,6319,1
1193,499,1
1193,2564,1
1194,2353,1
1195,2142,1
1195,7119,1
1196,1931,1
1197,1110,1
1197,1701,1
1197,1720,1
1198,474,1
1198,1509,1
1199,1298,1
1200,709,1
1200,1087,1
1200,1874,1
1201,876,1
1201,3543,1
1202,665,1
1202,1918,1
1202,3715,1
1203,454,1
1203,5936,1
1204,243,1
1205,32,1
1205,2639,1
1205,3606,1
1206,386,1
1206,1152,1
1206,6747,1
1206,8013,1
1207,1488,1
1207,5854,1
1207,7802,1
1208,408,1
1208,7591,1
1209,2876,1
1209,7380,1
1210,226,1
1210,871,1
1210,4624,1
1210,7169,1
1211,4612,1
1211,6958,1
1212,6747,1
1213,6536,1
1213,6813,1
1213,7764,1
1214,6325,1
1215,6114,1
1215,7731,1
1216,5903,1
1216,6048,1
1216,7368,1
1217,5692,1
1217,7113,1
1218,150,1
1218,5399,1
1218,5481,1
1219,3628,1
1219,5270,1
1220,2951,1
1220,5059,1
1221,4848,1
1222,4637,1
1222,5673,1
1223,4426,1
1223,5800,1
1224,4215,1
1225,4004,1
1225,6449,1
1226,1079,1
1226,3793,1
1226,6109,1
1227,3582,1
1227,4639,1
1228,3371,1
1229,743,1
1229,3160,1
1229,4178,1
1230,130,1
1230,2949,1
1230,5343,1
1231,2738,1
1232,2527,1
1233,1275,1
1233,2316,1
1234,316,1
1234,2105,1
1235,1894,1
1236,1683,1
1237,729,1
1237,1472,1
1237,3866,1
1238,216,1
1238,1261,1
1239,1050,1
1240,839,1
1240,6778,1
1241,628,1
1242,417,1
1243,206,1
1243,428,1
1243,2801,1
1243,5160,1
1243,5721,1
1243,6388,1
1243,7271,1
1244,8187,1
1245,1241,1
1245,7976,1
1246,2974,1
1246,4921,1
1246,5442,1
1246,5844,1
1246,7765,1
1247,7554,1
1248,6660,1
1248,7343,1
1249,3990,1
1249,6519,1
1249,7132,1
1250,2120,1
1250,6921,1
1251,541,1
1251,6710,1
1252,6499,1
1253,2107,1
1253,6288,1
1253,6752,1
1254,6077,1
1255,5866,1
1255,5946,1
1256,5655,1
1257,1743,1
1257,5444,1
1258,2967,1
1258,5233,1
1258,7632,1
1259,4724,1
1259,5022,1
1259,5178,1
1259,7380,1
1260,2128,1
1260,4811,1
1261,4600,1
1262,4389,1
1262,4808,1
1263,4178,1
1264,3646,1
1264,3967,1
1264,4847,1
1264,7408,1
1264,7957,1
1265,3513,1
1265,3756,1
1266,2052,1
1266,3137,1
1266,3545,1
1267,3334,1
1268,3123,1
1268,7613,1
1269,2912,1
1269,5374,1
1270,2701,1
1270,3798,1
1270,4713,1
1271,2362,1
1271,2490,1
1272,2279,1
1273,2068,1
1273,4432,1
1274,1857,1
1275,1646,1
1275,4929,1
1275,7392,1
1276,1435,1
1277,1224,1
1278,1013,1
1279,802,1
1280,591,1
1281,21,1
1281,380,1
1281,2740,1
1281,5847,1
1281,7735,1
1281,7759,1
1282,169,1
1283,8150,1
1284,1944,1
1284,7939,1
1285,4213,1
1285,7251,1
1285,7728,1
1286,1525,1
1286,7517,1
1287,7306,1
1288,7095,1
1289,6884,1
1290,6673,1
1291,6462,1
1292,6251,1
1293,6040,1
1293,6459,1
1293,7769,1
1294,4589,1
1294,5829,1
1295,5618,1
1296,1240,1
1296,3463,1
1296,5407,1
1296,5805,1
1297,5196,1
1297,5392,1
1298,4985,1
1298,6658,1
1299,4037,1
1299,4774,1
1300,4563,1
1301,4352,1
1302,1111,1
1302,1456,1
1302,4141,1
1303,3930,1
1304,3719,1
1305,3508,1
1305,7612,1
1306,3297,1
1306,3299,1
1307,203,1
1307,3086,1
1308,1939,1
1308,2875,1
1309,2664,1
1309,3770,1
1310,2201,1
1310,2453,1
1311,2242,1
1311,3575,1
1312,961,1
1312,2031,1
1312,4844,1
1313,1820,1
1313,5674,1
1313,5980,1
1314,1609,1
1315,1398,1
1315,1770,1
1315,3450,1
1316,1187,1
1316,6566,1
1316,7047,1
1317,976,1
1317,1878,1
1318,765,1
1319,554,1
1320,343,1
1320,1035,1
1321,132,1
1322,1028,1
1322,1125,1
1322,2094,1
1322,8113,1
1323,7902,1
1323,8136,1
1324,7691,1
1325,192,1
1325,4803,1
1325,7480,1
1326,2744,1
1326,7269,1
1327,142,1
1327,3926,1
1327,7058,1
1328,1500,1
1328,1955,1
1328,6847,1
1329,1379,1
1329,6636,1
1329,6978,1
1330,4029,1
1330,6425,1
1331,1155,1
1331,6214,1
1332,1592,1
1332,6003,1
1333,5792,1
1334,5581,1
1335,3019,1
1335,3555,1
1335,5370,1
1335,7283,1
1336,3992,1
1336,5159,1
1337,4948,1
1338,4737,1
1338,6056,1
1339,4526,1
1339,8100,1
1340,4315,1
1340,6254,1
1341,2795,1
1341,2909,1
1341,4104,1
1342,485,1
1342,3893,1
1343,1973,1
1343,3682,1
1344,3471,1
1345,1204,1
1345,1674,1
1345,2357,1
1345,3260,1
1346,3049,1
1347,2838,1
1348,2627,1
1349,2416,1
1350,2205,1
1351,1994,1
1352,1783,1
1353,1572,1
1353,4538,1
1353,6355,1
1354,1361,1
1355,1150,1
1356,939,1
1357,728,1
1357,1995,1
1358,517,1
1358,2326,1
1359,306,1
1360,95,1
1360,3424,1
1360,8101,1
1361,8076,1
1362,1121,1
1362,5951,1
1362,7865,1
1363,7654,1
1364,7443,1
1365,7232,1
1366,4924,1
1366,5812,1
1366,7021,1
1367,6810,1
1368,6599,1
1369,6388,1
1369,6929,1
1370,3193,1
1370,5892,1
1370,6177,1
1371,5966,1
1372,5755,1
1372,6416,1
1373,5544,1
1374,3199,1
1374,4485,1
1374,4548,1
1374,5333,1
1375,5122,1
1376,4911,1
1377,1996,1
1377,4690,1
1377,4700,1
1378,4489,1
1378,6854,1
1379,4278,1
1379,4282,1
1379,4746,1
1380,1714,1
1380,3932,1
1380,4067,1
1380,6787,1
1381,3856,1
1382,3645,1
1383,1464,1
1383,3434,1
1384,2459,1
1384,3223,1
1384,4966,1
1385,510,1
1385,1033,1
1385,3012,1
1385,6987,1
1386,2801,1
1386,6191,1
1387,2590,1
1387,4550,1
1388,655,1
1388,2379,1
1389,2168,1
1390,1957,1
1390,2432,1
1390,5682,1
1391,230,1
1391,1746,1
1392,1535,1
1392,4623,1
1393,1324,1
1393,3804,1
1393,6426,1
1394,1113,1
1394,2784,1
1395,902,1
1396,691,1
1397,480,1
1397,1623,1
1398,269,1
1399,58,1
1400,8039,1
1401,7828,1
1402,4503,1
1402,7617,1
1403,7406,1
1404,6560,1
1404,7195,1
1405,6984,1
1405,8098,1
1406,281,1
1406,6773,1
1407,6562,1
1408,6351,1
1408,6573,1
1409,4910,1
1409,6140,1
1410,3351,1
1410,4067,1
1410,5929,1
1411,5718,1
1411,6064,1
1412,785,1
1412,5507,1
1412,7523,1
1413,5296,1
1414,5085,1
1414,6526,1
1415,4874,1
1416,4663,1
1417,3489,1
1417,4452,1
1418,4241,1
1418,5732,1
1418,7594,1
1419,4030,1
1420,3819,1
1420,4905,1
1420,6755,1
1420,6859,1
1420,8053,1
1421,1814,1
1421,3608,1
1422,3397,1
1422,6803,1
1423,993,1
1423,3186,1
1423,4958,1
1423,5559,1
1423,7651,1
1424,2975,1
1424,6436,1
1425,2764,1
1426,2553,1
1426,7740,1
1427,2342,1
1428,2131,1
1429,1494,1
1429,1920,1
1429,4677,1
1430,1709,1
1431,1498,1
1431,2802,1
1431,6347,1
1431,6759,1
1432,633,1
1432,1287,1
1433,1076,1
1433,2606,1
1434,865,1
1434,4684,1
1434,5164,1
1434,7753,1
1435,654,1
1435,7155,1
1435,7178,1
1436,422,1
1436,443,1
1436,5652,1
1437,232,1
1437,6049,1
1437,6607,1
1438,21,1
1439,6667,1
1439,8002,1
1440,1017,1
1440,7791,1
1441,7580,1
1442,7369,1
1443,2197,1
1443,6353,1
1443,7158,1
1444,1830,1
1444,6500,1
1444,6947,1
1445,481,1
1445,2830,1
1445,6736,1
1446,6525,1
1447,672,1
1447,3519,1
1447,6314,1
1448,2945,1
1448,6103,1
1449,326,1
1449,5892,1
1450,5681,1
1451,3340,1
1451,5470,1
1451,6283,1
1452,1290,1
1452,5259,1
1452,6991,1
1453,5048,1
1454,4837,1
1455,387,1
1455,4626,1
1456,2131,1
1456,4415,1
1456,5422,1
1456,7225,1
1457,4204,1
1458,3993,1
1459,1890,1
1459,3782,1
1459,7597,1
1460,2803,1
1460,3571,1
1460,3967,1
1461,3360,1
1461,3896,1
1462,3149,1
1463,2938,1
1464,2727,1
1465,1329,1
1465,2516,1
1466,2305,1
1467,2094,1
1468,1883,1
1468,4170,1
1469,1203,1
1469,1672,1
1469,6156,1
1470,1461,1
1471,1250,1
1472,1039,1
1473,828,1
1473,2178,1
1474,617,1
1475,406,1
1475,1645,1
1475,6073,1
1475,7976,1
1476,195,1
1476,7139,1
1477,3103,1
1477,8054,1
1477,8176,1
1478,7453,1
1478,7965,1
1479,7754,1
1480,5439,1
1480,7543,1
1481,7332,1
1481,7797,1
1482,4119,1
1482,7121,1
1483,1574,1
1483,4933,1
1483,5610,1
1483,6910,1
1484,5718,1
1484,6699,1
1484,7104,1
1485,3211,1
1485,6488,1
1486,6277,1
1487,6066,1
1487,7227,1
1488,5064,1
1488,5855,1
1489,2484,1
1489,5644,1
1490,5433,1
1491,4279,1
1491,5222,1
1492,5011,1
1493,4800,1
1493,6977,1
1493,8023,1
1494,1225,1
1494,2285,1
1494,4484,1
1494,4589,1
1494,4682,1
1495,4378,1
1495,4900,1
1496,1578,1
1496,4167,1
1497,2980,1
1497,3956,1
1498,259,1
1498,3745,1
1499,3534,1
1499,3539,1
1500,3323,1
1501,2826,1
1501,2886,1
1501,3112,1
1502,2901,1
1503,2690,1
1503,5107,1
1503,7277,1
1504,2479,1
1505,2268,1
1505,2305,1
1506,781,1
1506,2057,1
1506,7975,1
1507,1846,1
1508,1635,1
1508,3613,1
1508,5048,1
1508,5110,1
1509,1424,1
1510,1213,1
1510,4010,1
1510,6832,1
1511,1002,1
1511,1267,1
1511,4792,1
1511,5790,1
1512,791,1
1513,580,1
1513,7394,1
1513,7902,1
1514,369,1
1514,4604,1
1514,6318,1
1515,158,1
1515,6472,1
1516,8139,1
1517,4839,1
1517,7424,1
1517,7928,1
1518,7717,1
1519,7506,1
1520,7295,1
1521,7084,1
1522,6873,1
1523,6662,1
1524,1990,1
1524,3832,1
1524,6451,1
1524,7052,1
1525,1698,1
1525,3731,1
1525,4439,1
1525,4764,1
1525,6240,1
1526,5094,1
1526,6029,1
1527,5818,1
1527,6889,1
1528,5607,1
1529,5396,1
1530,5185,1
1531,4974,1
1532,4763,1
1533,4552,1
1533,7585,1
1534,4341,1
1535,1653,1
1535,4130,1
1536,643,1
1536,1283,1
1536,3919,1
1536,5375,1
1537,3708,1
1537,4311,1
1538,2287,1
1538,2888,1
1538,3497,1
1539,3286,1
1540,3075,1
1541,2864,1
1541,6720,1
1542,2653,1
1542,6439,1
1543,505,1
1543,2442,1
1544,2231,1
1544,2417,1
1545,1219,1
1545,2020,1
1545,4070,1
1546,1809,1
1547,857,1
1547,1598,1
1548,973,1
1548,1387,1
1549,1176,1
1550,965,1
1551,754,1
1551,1113,1
1551,2388,1
1552,543,1
1552,2551,1
1552,8117,1
1553,332,1
1553,6719,1
1554,121,1
1555,35,1
1555,8102,1
1556,1061,1
1556,7891,1
1557,2903,1
1557,7680,1
1558,7469,1
1559,7258,1
1560,7047,1
1561,2390,1
1561,6259,1
1561,6836,1
1562,456,1
1562,6625,1
1563,6414,1
1564,1173,1
1564,4831,1
1564,5295,1
1564,6203,1
1565,5992,1
1565,7990,1
1566,5781,1
1566,6210,1
1566,6288,1
1567,5570,1
1568,4976,1
1568,5359,1
1569,5148,1
1570,2423,1
1570,4937,1
1570,5656,1
1571,4726,1
1572,4515,1
1572,5464,1
1572,6059,1
1573,4304,1
1574,4093,1
1574,6704,1
1575,3763,1
1575,3882,1
1575,7535,1
1576,2091,1
1576,3671,1
1577,3460,1
1577,4184,1
1577,5621,1
1578,85,1
1578,356,1
1578,1791,1
1578,2221,1
1578,3249,1
1578,7469,1
1579,3038,1
1580,2827,1
1581,2616,1
1582,2405,1
1582,4669,1
1583,2194,1
1583,6161,1
1584,1983,1
1585,1772,1
1586,1561,1
1586,5096,1
1586,6774,1
1587,1350,1
1587,5248,1
1588,1139,1
1588,6460,1
1589,928,1
1590,717,1
1591,506,1
1592,295,1
1593,84,1
1593,7201,1
1594,8065,1
1595,7854,1
1596,7643,1
1597,6817,1
1597,7432,1
1597,7870,1
1597,8042,1
1598,7221,1
1599,6138,1
1599,7010,1
1599,7983,1
1600,6799,1
1601,6588,1
1602,4502,1
1602,6377,1
1603,6166,1
1604,5955,1
1604,6009,1
1605,5744,1
1605,6777,1
1606,4107,1
1606,4274,1
1606,5533,1
1607,337,1
1607,5322,1
1607,7526,1
1608,5111,1
1608,6734,1
1609,4900,1
1610,3705,1
1610,4689,1
1611,3080,1
1611,4478,1
1612,4267,1
1613,3012,1
1613,4056,1
1614,2420,1
1614,3836,1
1614,3845,1
1614,6072,1
1615,811,1
1615,3634,1
1616,3423,1
1617,3212,1
1617,4031,1
1617,6742,1
1618,3001,1
1619,2790,1
1620,2579,1
1621,1903,1
1621,2368,1
1622,2157,1
1622,3052,1
1623,1946,1
1624,1735,1
1624,2626,1
1624,3644,1
1625,1524,1
1626,1313,1
1626,2953,1
1626,7582,1
1627,1102,1
1627,1769,1
1627,4428,1
1628,891,1
1628,5666,1
1628,7936,1
1628,8095,1
1629,680,1
1630,469,1
1630,3106,1
1631,258,1
1631,705,1
1631,2180,1
1632,47,1
1633,4668,1
1633,7087,1
1633,8028,1
1634,640,1
1634,5458,1
1634,7817,1
1635,4463,1
1635,7606,1
1636,7395,1
1637,4559,1
1637,7184,1
1638,435,1
1638,835,1
1638,6857,1
1638,6973,1
1638,8008,1
1639,6762,1
1640,5774,1
1640,6551,1
1641,6340,1
1642,6129,1
1643,1047,1
1643,3915,1
1643,5918,1
1644,3631,1
1644,5707,1
1645,5496,1
1645,7387,1
1646,41,1
1646,1842,1
1646,5285,1
1647,5074,1
1648,4863,1
1649,244,1
1649,2445,1
1649,4652,1
1649,5472,1
1649,8025,1
1650,4441,1
1651,3357,1
1651,4230,1
1652,4019,1
1652,6399,1
1652,6656,1
1653,2100,1
1653,3528,1
1653,3808,1
1654,3597,1
1654,7758,1
1655,3386,1
1655,5066,1
1656,3175,1
1656,4245,1
1657,2964,1
1657,3867,1
1658,1146,1
1658,2753,1
1658,6082,1
1659,2542,1
1659,6192,1
1660,2331,1
1661,1597,1
1661,2120,1
1661,4317,1
1662,801,1
1662,1909,1
1662,6078,1
1663,1698,1
1664,1487,1
1665,1276,1
1665,5733,1
1666,1065,1
1666,6431,1
1667,795,1
1667,854,1
1668,643,1
1668,2754,1
1669,432,1
1670,221,1
1670,867,1
1670,6325,1
1671,10,1
1671,1876,1
1671,6071,1
1672,4797,1
1672,7991,1
1673,7780,1
1674,2935,1
1674,7569,1
1675,1555,1
1675,2872,1
1675,5704,1
1675,7358,1
1676,1085,1
1676,5316,1
1676,6477,1
1676,7147,1
1677,6936,1
1678,6725,1
1679,4174,1
1679,6514,1
1680,6303,1
1680,6681,1
1680,7826,1
1681,1433,1
1681,3733,1
1681,6092,1
1682,5881,1
1683,1820,1
1683,4258,1
1683,5670,1
1683,7966,1
1684,5459,1
1685,4949,1
1685,5248,1
1685,6905,1
1686,5037,1
1687,4826,1
1687,6379,1
1687,6738,1
1688,4615,1
1689,994,1
1689,3710,1
1689,3908,1
1689,4404,1
1689,7785,1
1690,4193,1
1690,5850,1
1691,3982,1
1692,3771,1
1693,1508,1
1693,3560,1
1693,7301,1
1694,2167,1
1694,3349,1
1694,4448,1
1694,6270,1
1695,3138,1
1695,7476,1
1696,2927,1
1696,7830,1
1697,2716,1
1698,899,1
1698,2505,1
1699,1593,1
1699,2294,1
1699,5608,1
1700,2083,1
1700,3147,1
1701,1872,1
1701,7479,1
1702,317,1
1702,1661,1
1702,6068,1
1703,584,1
1703,1450,1
1704,1239,1
1705,1028,1
1706,817,1
1707,606,1
1707,6907,1
1708,395,1
1708,2444,1
1709,184,1
1709,7037,1
1709,7142,1
1710,8165,1
1711,6382,1
1711,7954,1
1712,1232,1
1712,7743,1
1713,1659,1
1713,5591,1
1713,7344,1
1713,7532,1
1714,3402,1
1714,4214,1
1714,7321,1
1715,1062,1
1715,4345,1
1715,7110,1
1716,1339,1
1716,5938,1
1716,6899,1
1717,6688,1
1717,7350,1
1718,767,1
1718,6477,1
1719,6266,1
1720,6055,1
1721,5844,1
1722,162,1
1722,5633,1
1723,5422,1
1724,3458,1
1724,5211,1
1725,5000,1
1726,4789,1
1727,4578,1
1728,1530,1
1728,1789,1
1728,4367,1
1729,190,1
1729,4156,1
1730,3945,1
1730,7464,1
1731,3734,1
1732,3523,1
1732,4704,1
1733,3312,1
1733,5981,1
1733,7625,1
1734,3101,1
1734,4004,1
1735,2890,1
1736,2679,1
1737,2468,1
1737,5267,1
1738,556,1
1738,2257,1
1738,4793,1
1739,2046,1
1740,1835,1
1741,1624,1
1742,1413,1
1742,4760,1
1743,1202,1
1743,3248,1
1744,991,1
1744,6822,1
1745,780,1
1745,4950,1
1745,6372,1
1746,569,1
1746,4143,1
1747,358,1
1747,6186,1
1748,147,1
1748,742,1
1749,405,1
1749,8128,1
1750,5098,1
1750,5969,1
1750,7917,1
1751,7706,1
1752,7495,1
1753,7284,1
1754,2587,1
1754,7073,1
1755,6862,1
1756,6651,1
1756,7203,1
1757,6184,1
1757,6440,1
1758,6229,1
1759,6018,1
1760,225,1
1760,439,1
1760,3675,1
1760,5807,1
1760,6545,1
1761,1854,1
1761,2121,1
1761,5596,1
1762,1897,1
1762,5385,1
1763,4333,1
1763,5174,1
1764,4963,1
1765,4752,1
1766,211,1
1766,4541,1
1766,7673,1
1767,2031,1
1767,4330,1
1767,7577,1
1768,4119,1
1768,4189,1
1769,3908,1
1769,6579,1
1769,7332,1
1770,3362,1
1770,3697,1
1771,3486,1
1772,3275,1
1773,2820,1
1773,3064,1
1774,2853,1
1775,2642,1
1775,3877,1
1775,4908,1
1776,1029,1
1776,1051,1
1776,2431,1
1776,2675,1
1776,2686,1
1776,4238,1
1776,6867,1
1777,2220,1
1777,2293,1
1777,2809,1
1778,2009,1
1778,6392,1
1778,6648,1
1778,6677,1
1778,6812,1
1779,1798,1
1779,3855,1
1780,797,1
1780,1587,1
1780,2151,1
1781,1376,1
1781,3380,1
1782,1165,1
1783,954,1
1783,7881,1
1784,743,1
1784,2194,1
1784,5552,1
1785,532,1
1786,321,1
1787,110,1
1787,4964,1
1788,7279,1
1788,8091,1
1789,2302,1
1789,7137,1
1789,7407,1
1789,7880,1
1790,7669,1
1791,207,1
1791,1101,1
1791,7458,1
1792,7247,1
1793,6768,1
1793,7036,1
1793,7832,1
1794,1855,1
1794,6825,1
1795,1603,1
1795,4084,1
1795,6614,1
1796,6403,1
1797,6192,1
1797,7979,1
1798,4431,1
1798,5359,1
1798,5981,1
1799,5770,1
1799,7432,1
1800,2039,1
1800,5559,1
1801,2472,1
1801,5348,1
1802,5137,1
1803,3906,1
1803,4926,1
1804,4715,1
1804,5836,1
1805,4504,1
1805,5297,1
1806,3699,1
1806,4293,1
1807,4082,1
1808,3871,1
1809,3026,1
1809,3660,1
1810,3449,1
1811,3238,1
1812,3027,1
1813,2816,1
1814,2605,1
1815,2394,1
1815,4722,1
1816,2183,1
1817,581,1
1817,1972,1
1818,1761,1
1819,1550,1
1819,3968,1
1819,4433,1
1819,6006,1
1819,7308,1
1820,1339,1
1821,1128,1
1821,7592,1
1822,917,1
1822,3053,1
1822,6448,1
1823,706,1
1823,7859,1
1824,495,1
1825,284,1
1825,1009,1
1825,1980,1
1826,73,1
1826,5807,1
1827,6173,1
1827,6326,1
1827,7168,1
1827,8054,1
1828,5116,1
1828,7843,1
1829,3811,1
1829,7632,1
1830,3642,1
1830,7421,1
1831,7210,1
1832,6999,1
1833,6788,1
1834,206,1
1834,2043,1
1834,6577,1
1834,6625,1
1835,5101,1
1835,6366,1
1836,4628,1
1836,5647,1
1836,6155,1
1837,3022,1
1837,5581,1
1837,5895,1
1837,5944,1
1838,5733,1
1838,6553,1
1839,5522,1
1840,4681,1
1840,5311,1
1841,5100,1
1842,4889,1
1843,4678,1
1844,4467,1
1845,4256,1
1846,599,1
1846,716,1
1846,3291,1
1846,4045,1
1846,7384,1
1847,3834,1
1847,6218,1
1847,7202,1
1848,2692,1
1848,3623,1
1849,3412,1
1850,3201,1
1850,3910,1
1851,2990,1
1852,2779,1
1853,2568,1
1854,2357,1
1855,1567,1
1855,2146,1
1855,4079,1
1856,1935,1
1857,1724,1
1857,2941,1
1858,164,1
1858,1513,1
1858,2940,1
1859,1302,1
1860,1091,1
1860,2270,1
1860,8108,1
1861,296,1
1861,880,1
1862,669,1
1863,458,1
1864,247,1
1864,533,1
1865,36,1
1866,8017,1
1867,7494,1
1867,7806,1
1868,695,1
1868,1731,1
1868,6690,1
1868,7595,1
1869,2877,1
1869,5549,1
1869,6572,1
1869,7384,1
1870,7173,1
1871,3076,1
1871,6962,1
1872,6751,1
1873,6540,1
1874,6329,1
1875,698,1
1875,6118,1
1875,7947,1
1876,3324,1
1876,5907,1
1877,5696,1
1878,5485,1
1879,5274,1
1880,5063,1
1881,2946,1
1881,4852,1
1882,4641,1
1883,4430,1
1883,6229,1
1884,925,1
1884,2728,1
1884,4219,1
1885,4008,1
1885,6852,1
1886,3797,1
1886,4853,1
1886,6520,1
1887,3586,1
1887,7671,1
1888,3375,1
1888,6915,1
1889,638,1
1889,3164,1
1890,2953,1
1890,4377,1
1890,7110,1
1891,2742,1
1892,1695,1
1892,2531,1
1892,2641,1
1893,758,1
1893,2188,1
1893,2320,1
1894,2109,1
1895,565,1
1895,1898,1
1895,6486,1
1895,8119,1
1896,1687,1
1897,1476,1
1897,7445,1
1898,1265,1
1898,5873,1
1899,1054,1
1899,6149,1
1899,6346,1
1900,843,1
1900,7510,1
1901,632,1
1901,1547,1
1901,7062,1
1902,421,1
1902,3191,1
1903,210,1
1903,7823,1
1904,4011,1
1904,8191,1
1905,7980,1
1906,1180,1
1906,7769,1
1907,7558,1
1908,7347,1
1909,7136,1
1910,1512,1
1910,1652,1
1910,1836,1
1910,6925,1
1911,6714,1
1912,673,1
1912,3987,1
1912,6503,1
1913,2279,1
1913,6292,1
1914,6081,1
1914,7806,1
1915,682,1
1915,5870,1
1915,7092,1
1916,1646,1
1916,5659,1
1917,197,1
1917,312,1
1917,4366,1
1917,4554,1
1917,5448,1
1917,5483,1
1918,5237,1
1918,6125,1
1918,6845,1
1918,7634,1
1919,5026,1
1919,5153,1
1919,5240,1
1919,5493,1
1920,432,1
1920,4815,1
1920,6230,1
1921,4604,1
1922,4393,1
1922,7053,1
1923,324,1
1923,1083,1
1923,4182,1
1924,3971,1
1925,1600,1
1925,3760,1
1925,4160,1
1926,1705,1
1926,3549,1
1927,3338,1
1927,7822,1
1928,3127,1
1929,2916,1
1930,353,1
1930,1163,1
1930,2705,1
1931,2494,1
1931,7920,1
1932,1306,1
1932,2283,1
1933,2072,1
1933,6932,1
1934,1861,1
1935,1650,1
1935,2787,1
1935,2806,1
1935,5746,1
1936,1439,1
1937,1228,1
1938,1017,1
1939,806,1
1939,8050,1
1940,595,1
1940,6178,1
1941,384,1
1941,2612,1
1941,4643,1
1942,173,1
1942,4009,1
1943,1386,1
1943,3730,1
1943,8154,1
1944,5013,1
1944,7943,1
1945,2096,1
1945,7732,1
1946,2712,1
1946,5150,1
1946,6194,1
1946,7381,1
1946,7521,1
1947,7310,1
1948,3306,1
1948,7099,1
1948,7727,1
1949,1186,1
1949,6888,1
1950,3442,1
1950,6677,1
1951,1673,1
1951,1969,1
1951,6466,1
1952,6255,1
1953,927,1
1953,996,1
1953,1132,1
1953,3205,1
1953,6044,1
1954,821,1
1954,5833,1
1955,2533,1
1955,3971,1
1955,5622,1
1956,1881,1
1956,5411,1
1957,5200,1
1958,4989,1
1959,4778,1
1959,6143,1
1960,4567,1
1961,4356,1
1961,4982,1
1962,4145,1
1962,4272,1
1962,7810,1
1963,3934,1
1963,4294,1
1963,6547,1
1963,6836,1
1964,3723,1
1965,3512,1
1966,2569,1
1966,3301,1
1966,6418,1
1967,3090,1
1968,2879,1
1968,3234,1
1968,3562,1
1969,2668,1
1970,2457,1
1970,6468,1
1970,8082,1
1971,2246,1
1972,2035,1
1973,1824,1
1974,1613,1
1975,1402,1
1975,3778,1
1976,1191,1
1977,980,1
1977,4413,1
1978,769,1
1978,806,1
1978,2611,1
1979,558,1
1979,7206,1
1980,347,1
1981,136,1
1981,3979,1
1982,8117,1
1983,7906,1
1984,2931,1
1984,3344,1
1984,7695,1
1985,3303,1
1985,6707,1
1985,7484,1
1986,2217,1
1986,7273,1
1987,1056,1
1987,1072,1
1987,7062,1
1988,6851,1
1988,7665,1
1989,674,1
1989,6640,1
1990,5771,1
1990,6429,1
1990,8115,1
1991,5639,1
1991,6218,1
1991,6252,1
1992,3806,1
1992,6007,1
1993,5796,1
1994,5585,1
1994,5787,1
1995,5374,1
1995,7415,1
1996,5163,1
1996,5278,1
1997,1799,1
1997,2609,1
1997,4809,1
1997,4952,1
1998,4741,1
1998,7029,1
1998,8004,1
1999,4530,1
1999,7010,1
1999,7918,1
2000,3379,1
2000,3396,1
2000,4319,1
2001,3818,1
2001,4108,1
2001,6040,1
2002,3897,1
2002,7994,1
2003,3686,1
2004,3475,1
2005,1135,1
2005,3264,1
2005,3544,1
2006,2997,1
2006,3053,1
2006,5974,1
2006,6320,1
2007,2842,1
2008,2631,1
2009,2420,1
2010,2209,1
2011,1998,1
2012,1787,1
2012,7493,1
2013,1576,1
2013,3190,1
2013,4075,1
2014,1365,1
2015,1154,1
2015,3632,1
2015,6471,1
2016,943,1
2017,450,1
2017,732,1
2018,521,1
2018,3602,1
2019,310,1
2019,1023,1
2019,1649,1
2020,99,1
2020,7207,1
2021,5650,1
2021,6342,1
2021,8080,1
2022,7869,1
2023,429,1
2023,7658,1
2023,8183,1
2024,7447,1
2025,4671,1
2025,7236,1
2026,4916,1
2026,7025,1
2027,6814,1
2028,6603,1
2029,6392,1
2030,1712,1
2030,3568,1
2030,6181,1
2030,7835,1
2031,1375,1
2031,2251,1
2031,5970,1
2032,1725,1
2032,5759,1
2033,5548,1
2034,1885,1
2034,5337,1
2035,5126,1
2036,4915,1
2037,4704,1
2038,4493,1
2039,1808,1
2039,4282,1
2040,4071,1
2040,5106,1
2041,2819,1
2041,3860,1
2041,7078,1
2042,3649,1
2043,3438,1
2044,77,1
2044,1128,1
2044,2992,1
2044,3204,1
2044,3227,1
2044,5845,1
2045,3016,1
2046,1437,1
2046,2805,1
2047,2594,1
2048,2383,1
2048,4789,1
2048,5233,1
2049,2172,1
2049,4130,1
2049,7895,1
2049,7928,1
2050,215,1
2050,1961,1
2050,2125,1
2051,1750,1
2052,1539,1
2053,322,1
2053,1328,1
2053,1901,1
2054,1117,1
2055,906,1
2055,3136,1
2055,7798,1
2055,7996,1
2056,695,1
2057,484,1
2058,273,1
2058,3246,1
2059,62,1
2060,815,1
2060,7024,1
2060,8043,1
2061,749,1
2061,7145,1
2061,7832,1
2062,3213,1
2062,7420,1
2062,7621,1
2063,251,1
2063,7410,1
2064,8,1
2064,3868,1
2064,7199,1
2065,6988,1
2066,5027,1
2066,6777,1
2067,4832,1
2067,6566,1
2068,1366,1
2068,4358,1
2068,6355,1
2069,6144,1
2070,4414,1
2070,5933,1
2071,5722,1
2072,266,1
2072,5511,1
2072,5636,1
2072,6081,1
2073,5300,1
2074,5089,1
2075,4241,1
2075,4878,1
2076,4667,1
2076,6162,1
2077,4456,1
2078,4245,1
2078,6552,1
2079,412,1
2079,1568,1
2079,4034,1
2079,4154,1
2080,3823,1
2080,6450,1
2081,913,1
2081,3475,1
2081,3612,1
2081,5918,1
2082,3401,1
2082,5843,1
2082,6618,1
2083,3190,1
2083,6943,1
2084,2979,1
2085,2768,1
2086,2557,1
2087,2346,1
2088,2135,1
2088,5062,1
2089,1924,1
2090,1713,1
2090,2902,1
2090,5930,1
2091,1502,1
2091,2427,1
2091,6371,1
2092,1291,1
2093,1080,1
2094,869,1
2095,658,1
2095,4475,1
2096,447,1
2097,236,1
2097,2419,1
2098,25,1
2098,265,1
2098,3109,1
2098,5968,1
2099,8006,1
2100,7795,1
2101,2603,1
2101,7584,1
2102,7373,1
2103,7162,1
2104,6951,1
2105,3411,1
2105,6740,1
2106,931,1
2106,6529,1
2107,6318,1
2108,212,1
2108,6107,1
2109,1134,1
2109,5896,1
2110,5685,1
2111,5474,1
2111,5899,1
2112,5263,1
2113,4584,1
2113,5052,1
2114,4841,1
2114,6756,1
2115,4630,1
2115,5651,1
2116,4419,1
2116,5905,1
2117,4208,1
2117,6257,1
2118,3997,1
2118,5347,1
2119,2707,1
2119,3786,1
2120,3575,1
2121,3364,1
2122,3153,1
2122,5354,1
2122,6234,1
2123,2942,1
2124,2731,1
2125,2520,1
2126,2309,1
2127,2098,1
2127,4646,1
2127,7441,1
2128,1887,1
2128,4417,1
2129,1676,1
2130,1465,1
2130,1774,1
2131,1254,1
2131,2055,1
2131,2796,1
2131,5885,1
2132,1043,1
2132,6498,1
2133,222,1
2133,641,1
2133,832,1
2134,621,1
2135,410,1
2135,7265,1
2136,199,1
2136,7540,1
2137,6620,1
2137,7211,1
2137,8180,1
2138,2405,1
2138,5344,1
2138,7969,1
2139,7758,1
2139,7863,1
2140,762,1
2140,1891,1
2140,5664,1
2140,7547,1
2141,3649,1
2141,7336,1
2142,1,1
2142,3660,1
2142,4153,1
2142,7125,1
2143,6914,1
2144,6703,1
2145,6492,1
2146,91,1
2146,1591,1
2146,4814,1
2146,5120,1
2146,6281,1
2147,3051,1
2147,4454,1
2147,6070,1
2148,269,1
2148,5859,1
2149,5573,1
2149,5648,1
2149,6462,1
2150,5437,1
2151,5226,1
2152,5015,1
2153,4804,1
2154,1020,1
2154,4593,1
2154,4660,1
2155,4382,1
2156,1320,1
2156,2348,1
2156,4171,1
2157,3960,1
2157,4687,1
2157,6333,1
2157,7931,1
2158,3749,1
2159,699,1
2159,741,1
2159,3538,1
2160,3327,1
2161,3116,1
2162,2905,1
2163,2694,1
2164,406,1
2164,2483,1
2164,7829,1
2164,7921,1
2165,158,1
2165,2272,1
2166,2061,1
2167,1850,1
2168,298,1
2168,1325,1
2168,1639,1
2168,7896,1
2169,1428,1
2169,3659,1
2170,1217,1
2171,914,1
2171,1006,1
2172,795,1
2172,7280,1
2172,7339,1
2173,584,1
2173,7512,1
2174,373,1
2174,5763,1
2175,162,1
2175,2651,1
2176,8143,1
2177,3178,1
2177,4932,1
2177,7932,1
2178,6825,1
2178,7721,1
2179,3388,1
2179,7510,1
2180,7299,1
2181,1486,1
2181,7088,1
2182,6877,1
2183,6666,1
2184,6455,1
2185,3935,1
2185,6244,1
2186,4828,1
2186,6033,1
2186,7864,1
2187,5822,1
2188,5611,1
2189,5400,1
2189,5429,1
2190,5189,1
2190,6954,1
2191,4978,1
2192,4767,1
2193,526,1
2193,1866,1
2193,1954,1
2193,4556,1
2193,7293,1
2193,7403,1
2193,7730,1
2193,7998,1
2194,4345,1
2194,7608,1
2195,4134,1
2196,83,1
2196,3923,1
2197,149,1
2197,3712,1
2197,4024,1
2198,855,1
2198,3501,1
2199,3290,1
2199,3711,1
2200,2882,1
2200,3079,1
2201,1809,1
2201,2868,1
2202,2657,1
2202,5470,1
2203,2446,1
2203,5042,1
2203,7140,1
2204,639,1
2204,986,1
2204,2235,1
2204,4230,1
2204,4569,1
2205,2024,1
2205,2474,1
2206,625,1
2206,1813,1
2207,1391,1
2207,1602,1
2207,8089,1
2208,1391,1
2209,409,1
2209,1180,1
2210,619,1
2210,969,1
2210,7517,1
2211,758,1
2211,1462,1
2212,547,1
2212,5129,1
2213,336,1
2213,7952,1
2214,125,1
2214,3316,1
2215,8106,1
2216,4270,1
2216,7895,1
2217,7684,1
2218,1790,1
2218,3407,1
2218,7473,1
2219,7262,1
2220,7051,1
2221,6840,1
2222,1120,1
2222,6629,1
2223,1188,1
2223,6418,1
2223,6428,1
2224,6207,1
2224,7718,1
2225,5996,1
2226,5785,1
2227,5574,1
2228,5363,1
2229,5152,1
2230,4941,1
2230,6413,1
2230,6527,1
2231,1856,1
2231,4730,1
2231,6947,1
2232,204,1
2232,4519,1
2232,5563,1
2233,3638,1
2233,4308,1
2234,3062,1
2234,4097,1
2235,3886,1
2236,3675,1
2237,3464,1
2238,3253,1
2238,5954,1
2239,3042,1
2239,3495,1
2239,4267,1
2240,2831,1
2240,6332,1
2241,1147,1
2241,2620,1
2242,1708,1
2242,2409,1
2242,2862,1
2243,2198,1
2244,1987,1
2244,5723,1
2245,1776,1
2245,7444,1
2246,1565,1
2246,3188,1
2247,1354,1
2247,6847,1
2248,1143,1
2248,4956,1
2249,932,1
2250,721,1
2251,351,1
2251,510,1
2252,299,1
2253,88,1
2254,4352,1
2254,7435,1
2254,8069,1
2255,6054,1
2255,7858,1
2256,2136,1
2256,7647,1
2257,6666,1
2257,7436,1
2258,3682,1
2258,7225,1
2259,7014,1
2260,1331,1
2260,3554,1
2260,5008,1
2260,6803,1
2261,812,1
2261,6592,1
2262,6381,1
2263,6170,1
2264,376,1
2264,5959,1
2264,7001,1
2265,658,1
2265,5748,1
2266,1470,1
2266,5537,1
2267,594,1
2267,5326,1
2268,247,1
2268,5115,1
2269,1498,1
2269,4904,1
2269,7724,1
2270,4600,1
2270,4693,1
2271,4482,1
2272,1091,1
2272,2300,1
2272,4271,1
2273,4060,1
2274,3849,1
2274,4379,1
2274,6870,1
2275,3638,1
2276,103,1
2276,3427,1
2277,3216,1
2278,1667,1
2278,3005,1
2278,4509,1
2279,2563,1
2279,2794,1
2279,3428,1
2280,2583,1
2281,2372,1
2282,448,1
2282,2161,1
2282,7128,1
2283,1950,1
2284,1739,1
2284,7121,1
2285,1385,1
2285,1528,1
2285,1752,1
2285,5478,1
2286,1317,1
2287,1106,1
2287,5122,1
2287,7483,1
2287,8049,1
2288,895,1
2289,684,1
2290,473,1
2290,7125,1
2291,262,1
2292,51,1
2293,1757,1
2293,7007,1
2293,8032,1
2294,965,1
2294,1655,1
2294,7821,1
2295,7610,1
2296,5195,1
2296,7399,1
2297,731,1
2297,7188,1
2297,8138,1
2298,4923,1
2298,6977,1
2299,6766,1
2300,6555,1
2301,591,1
2301,6344,1
2302,2058,1
2302,6133,1
2303,5922,1
2303,7044,1
2304,5711,1
2305,3114,1
2305,5500,1
2306,5289,1
2307,5078,1
2308,634,1
2308,885,1
2308,976,1
2308,4436,1
2308,4867,1
2309,4656,1
2310,2340,1
2310,4347,1
2310,4445,1
2311,4234,1
2312,4023,1
2313,2768,1
2313,3812,1
2313,7214,1
2314,3601,1
2314,6348,1
2315,3390,1
2315,5179,1
2315,5491,1
2316,3179,1
2317,2968,1
2318,2757,1
2319,2546,1
2320,2335,1
2321,2124,1
2322,1913,1
2322,7272,1
2323,1702,1
2323,6299,1
2323,6662,1
2323,8011,1
2324,1491,1
2324,3500,1
2324,4941,1
2325,1280,1
2325,1702,1
2326,1069,1
2326,7153,1
2327,858,1
2327,4235,1
2328,647,1
2328,6140,1
2328,6310,1
2329,436,1
2330,225,1
2331,14,1
2331,1038,1
2331,1231,1
2331,2520,1
2331,7871,1
2332,7995,1
2333,7784,1
2333,8144,1
2334,7573,1
2335,3410,1
2335,4535,1
2335,7362,1
2336,1141,1
2336,3512,1
2336,6619,1
2336,7151,1
2337,714,1
2337,6940,1
2338,6206,1
2338,6345,1
2338,6729,1
2339,4658,1
2339,5108,1
2339,6518,1
2339,7101,1
2340,6307,1
2341,6096,1
2341,7323,1
2341,7958,1
2342,1930,1
2342,3140,1
2342,5885,1
2343,5674,1
2344,2673,1
2344,5463,1
2344,7460,1
2345,1827,1
2345,5252,1
2345,6441,1
2346,5012,1
2346,5041,1
2346,6843,1
2347,1182,1
2347,4830,1
2348,4135,1
2348,4619,1
2349,1924,1
2349,4408,1
2349,7527,1
2350,4038,1
2350,4197,1
2351,3986,1
2352,3775,1
2353,2358,1
2353,3564,1
2354,238,1
2354,3353,1
2355,3142,1
2356,2931,1
2357,2323,1
2357,2720,1
2358,2265,1
2358,2509,1
2358,6269,1
2359,2298,1
2360,2087,1
2360,3871,1
2361,31,1
2361,1876,1
2361,2440,1
2361,2522,1
2362,1665,1
2363,1454,1
2363,5712,1
2363,6613,1
2363,8067,1
2364,1243,1
2364,3083,1
2365,1032,1
2365,2958,1
2366,821,1
2367,610,1
2367,5090,1
2368,184,1
2368,399,1
2369,188,1
2370,2650,1
2370,3678,1
2370,7009,1
2370,8169,1
2371,7958,1
2372,6411,1
2372,7747,1
2373,6816,1
2373,7536,1
2374,707,1
2374,2546,1
2374,7325,1
2374,7977,1
2375,1761,1
2375,7027,1
2375,7114,1
2376,864,1
2376,4740,1
2376,6903,1
2377,2104,1
2377,6692,1
2378,2845,1
2378,6481,1
2379,3432,1
2379,6270,1
2380,6059,1
2381,580,1
2381,3097,1
2381,5848,1
2381,8126,1
2382,5637,1
2383,5426,1
2384,1420,1
2384,2637,1
2384,3371,1
2384,5215,1
2384,7686,1
2385,302,1
2385,2456,1
2385,2867,1
2385,5004,1
2386,4793,1
2387,4582,1
2388,3958,1
2388,4371,1
2389,4160,1
2390,3949,1
2390,7539,1
2391,1656,1
2391,3738,1
2392,3527,1
2392,4654,1
2392,5775,1
2393,3316,1
2394,2870,1
2394,2989,1
2394,3105,1
2394,4730,1
2395,2894,1
2396,2683,1
2396,4139,1
2397,2472,1
2397,7176,1
2398,2261,1
2399,2050,1
2399,7366,1
2399,7370,1
2400,236,1
2400,1000,1
2400,1839,1
2401,1628,1
2401,8145,1
2402,1384,1
2402,1417,1
2402,2930,1
2402,5934,1
2403,1206,1
2404,995,1
2404,7179,1
2405,784,1
2405,1851,1
2406,573,1
2406,1788,1
2406,7910,1
2407,362,1
2408,151,1
2409,534,1
2409,8132,1
2410,7465,1
2410,7921,1
2411,7710,1
2412,2939,1
2412,3043,1
2412,7499,1
2413,1428,1
2413,7288,1
2414,3963,1
2414,7077,1
2415,1209,1
2415,2053,1
2415,2928,1
2415,4615,1
2415,6866,1
2416,2705,1
2416,6655,1
2416,7030,1
2416,7559,1
2417,6444,1
2418,1831,1
2418,6233,1
2419,6022,1
2420,1692,1
2420,5811,1
2421,5529,1
2421,5600,1
2422,5389,1
2422,7747,1
2423,2571,1
2423,5178,1
2424,4967,1
2425,4396,1
2425,4756,1
2425,7093,1
2426,2794,1
2426,4545,1
2427,1300,1
2427,4334,1
2428,4123,1
2428,4747,1
2428,6308,1
2429,3912,1
2429,6544,1
2430,3701,1
2431,3490,1
2432,3279,1
2433,3068,1
2433,4581,1
2434,2857,1
2435,2646,1
2435,5368,1
2436,1207,1
2436,2435,1
2436,5419,1
2437,947,1
2437,2224,1
2438,2013,1
2438,5572,1
2439,1802,1
2439,8157,1
2440,1591,1
2441,713,1
2441,1380,1
2442,798,1
2442,1169,1
2442,6688,1
2442,7923,1
2443,958,1
2443,2490,1
2443,5188,1
2443,7664,1
2444,361,1
2444,747,1
2445,366,1
2445,536,1
2445,2101,1
2445,3587,1
2446,325,1
2447,114,1
2447,4767,1
2448,8095,1
2449,7884,1
2450,7171,1
2450,7673,1
2451,2756,1
2451,7462,1
2452,452,1
2452,6120,1
2452,6863,1
2452,7251,1
2453,4951,1
2453,7040,1
2454,6829,1
2455,6618,1
2456,3919,1
2456,6407,1
2457,6196,1
2457,7847,1
2458,3497,1
2458,5985,1
2459,5774,1
2459,6440,1
2460,5563,1
2460,6949,1
2461,1248,1
2461,2514,1
2461,5352,1
2462,4490,1
2462,5141,1
2463,4930,1
2463,6950,1
2464,4719,1
2464,7174,1
2465,4262,1
2465,4508,1
2465,5687,1
2466,4297,1
2467,4086,1
2467,4683,1
2468,3875,1
2469,578,1
2469,3664,1
2470,2115,1
2470,3453,1
2470,6244,1
2471,3163,1
2471,3242,1
2472,1160,1
2472,3031,1
2473,331,1
2473,2820,1
2473,4359,1
2474,2609,1
2474,5293,1
2474,6030,1
2475,2272,1
2475,2398,1
2475,2983,1
2475,3079,1
2475,5073,1
2475,7616,1
2476,1927,1
2476,2187,1
2477,1976,1
2478,1765,1
2478,3311,1
2479,1554,1
2479,7930,1
2480,1343,1
2480,6089,1
2481,1132,1
2482,921,1
2483,710,1
2483,2959,1
2484,499,1
2485,288,1
2485,7857,1
2486,77,1
2486,3574,1
2486,3669,1
2487,6567,1
2487,8058,1
2488,1824,1
2488,7847,1
2489,3486,1
2489,7636,1
2489,7916,1
2490,4782,1
2490,7425,1
2491,4209,1
2491,7214,1
2492,7003,1
2493,6792,1
2494,2746,1
2494,4826,1
2494,6341,1
2494,6581,1
2495,6370,1
2495,6964,1
2496,6159,1
2497,5948,1
2498,5737,1
2498,7904,1
2499,1822,1
2499,2591,1
2499,5526,1
2500,722,1
2500,5315,1
2501,1637,1
2501,5104,1
2502,427,1
2502,662,1
2502,4893,1
2502,5766,1
2503,4364,1
2503,4682,1
2503,6380,1
2504,4471,1
2504,7903,1
2505,4260,1
2506,4049,1
2506,7051,1
2507,3838,1
2508,3627,1
2509,719,1
2509,3416,1
2510,3205,1
2511,2994,1
2511,3627,1
2511,3737,1
2511,4376,1
2512,2783,1
2512,7436,1
2513,2572,1
2513,3335,1
2513,5382,1
2513,7149,1
2514,2361,1
2514,4128,1
2514,6652,1
2515,431,1
2515,2150,1
2516,1939,1
2517,1728,1
2517,1819,1
2517,6373,1
2517,7844,1
2518,1517,1
2518,2581,1
2518,5865,1
2519,829,1
2519,1306,1
2520,1095,1
2520,3372,1
2521,884,1
2521,5979,1
2522,558,1
2522,673,1
2522,6679,1
2522,8163,1
2523,462,1
2523,5397,1
2523,5669,1
2524,251,1
2525,40,1
2526,187,1
2526,8021,1
2527,1947,1
2527,4177,1
2527,7810,1
2528,7599,1
2529,5685,1
2529,7388,1
2530,4410,1
2530,7177,1
2531,5029,1
2531,6966,1
2532,6755,1
2532,7748,1
2533,3383,1
2533,6544,1
2533,7586,1
2534,6333,1
2535,6122,1
2536,5911,1
2537,5700,1
2538,5489,1
2539,5278,1
2540,5067,1
2540,6147,1
2541,125,1
2541,4856,1
2541,6892,1
2542,1251,1
2542,4645,1
2543,697,1
2543,1811,1
2543,4434,1
2544,4223,1
2544,5115,1
2545,4012,1
2546,3801,1
2546,7086,1
2547,3590,1
2547,5508,1
2548,3379,1
2548,3862,1
2549,929,1
2549,3168,1
2550,2957,1
2551,2746,1
2552,2535,1
2553,2324,1
2553,2562,1
2554,2113,1
2555,1902,1
2556,1691,1
2556,3898,1
2557,1480,1
2558,1269,1
2558,6739,1
2558,6818,1
2559,1058,1
2560,847,1
2560,3478,1
2561,636,1
2561,664,1
2561,1217,1
2561,3799,1
2561,4566,1
2561,6678,1
2562,425,1
2563,214,1
2563,6903,1
2564,3,1
2564,2736,1
2564,5528,1
2564,6849,1
2565,846,1
2565,7876,1
2565,7984,1
2566,5292,1
2566,7773,1
2567,7562,1
2568,2720,1
2568,7351,1
2569,5175,1
2569,5612,1
2569,7140,1
2569,7232,1
2570,6929,1
2571,6718,1
2572,6507,1
2572,7097,1
2573,6296,1
2574,2926,1
2574,6085,1
2575,5874,1
2576,5075,1
2576,5663,1
2576,6781,1
2577,5452,1
2578,5241,1
2579,5030,1
2579,7828,1
2580,367,1
2580,4819,1
2581,93,1
2581,3873,1
2581,4608,1
2582,4397,1
2583,4186,1
2584,3975,1
2585,3764,1
2585,5754,1
2585,7081,1
2586,3553,1
2587,3342,1
2587,4512,1
2587,6983,1
2588,3131,1
2589,863,1
2589,980,1
2589,2920,1
2589,6902,1
2590,2709,1
2591,2498,1
2592,2287,1
2592,3985,1
2593,2076,1
2593,3913,1
2593,4196,1
2594,1865,1
2595,1654,1
2596,1443,1
2597,1232,1
2597,1553,1
2597,4798,1
2598,75,1
2598,1021,1
2598,2003,1
2598,7008,1
2599,810,1
2600,599,1
2600,4220,1
2601,388,1
2602,177,1
2603,919,1
2603,8158,1
2604,7947,1
2605,2590,1
2605,7736,1
2606,2380,1
2606,7525,1
2607,7314,1
2607,8106,1
2608,4334,1
2608,7103,1
2609,6892,1
2609,7543,1
2610,1010,1
2610,6681,1
2611,6470,1
2612,4136,1
2612,6259,1
2613,4233,1
2613,6048,1
2614,5837,1
2615,2897,1
2615,5626,1
2616,5415,1
2616,6737,1
2616,8019,1
2617,5204,1
2618,4993,1
2619,4616,1
2619,4782,1
2619,7355,1
2620,4571,1
2621,4360,1
2622,3039,1
2622,4149,1
2622,4973,1
2623,3938,1
2624,139,1
2624,3727,1
2624,6958,1
2625,2079,1
2625,3516,1
2625,6952,1
2626,3305,1
2627,3094,1
2628,2883,1
2628,7802,1
2629,2672,1
2630,2461,1
2631,2250,1
2632,2039,1
2633,1365,1
2633,1828,1
2633,5294,1
2634,329,1
2634,1617,1
2635,1406,1
2635,3634,1
2635,3650,1
2636,1195,1
2636,3169,1
2637,984,1
2637,4420,1
2637,4579,1
2638,773,1
2638,2409,1
2639,562,1
2639,1071,1
2639,2336,1
2639,2645,1
2640,351,1
2640,5967,1
2640,8076,1
2641,140,1
2641,221,1
2641,2392,1
2641,6940,1
2642,8121,1
2643,5361,1
2643,7910,1
2644,7699,1
2645,5459,1
2645,7352,1
2645,7488,1
2646,7277,1
2647,7066,1
2648,6855,1
2649,6644,1
2650,4411,1
2650,6433,1
2650,6942,1
2651,3361,1
2651,6222,1
2652,6011,1
2653,2177,1
2653,2441,1
2653,5800,1
2654,461,1
2654,3373,1
2654,5589,1
2655,5378,1
2655,6181,1
2656,2778,1
2656,5167,1
2657,4956,1
2658,4745,1
2658,7440,1
2659,4534,1
2659,6593,1
2659,6804,1
2660,4323,1
2661,4112,1
2662,2346,1
2662,3901,1
2663,3690,1
2664,2476,1
2664,3479,1
2665,2222,1
2665,3268,1
2665,8065,1
2666,3057,1
2666,6050,1
2667,2846,1
2667,3578,1
2668,2635,1
2669,2424,1
2670,2213,1
2671,2002,1
2671,3228,1
2672,1791,1
2672,4382,1
2672,4481,1
2673,1580,1
2673,4055,1
2673,5564,1
2674,1369,1
2675,1014,1
2675,1158,1
2675,5209,1
2675,5913,1
2676,947,1
2677,736,1
2678,525,1
2678,3744,1
2678,4182,1
2679,314,1
2679,3439,1
2679,6097,1
2680,103,1
2681,6627,1
2681,8084,1
2682,2475,1
2682,3607,1
2682,7873,1
2683,7662,1
2684,7256,1
2684,7451,1
2685,198,1
2685,7240,1
2686,7029,1
2687,6818,1
2688,3277,1
2688,6607,1
2689,1258,1
2689,6396,1
2690,6185,1
2691,5974,1
2692,5763,1
2693,475,1
2693,5552,1
2694,5014,1
2694,5341,1
2694,6188,1
2695,507,1
2695,5130,1
2696,4919,1
2696,6476,1
2697,4708,1
2697,6075,1
2697,7508,1
2698,4497,1
2698,7281,1
2699,4286,1
2700,1526,1
2700,4075,1
2701,3864,1
2702,3653,1
2703,3442,1
2703,6530,1
2704,2238,1
2704,3231,1
2704,3298,1
2704,3566,1
2705,3014,1
2705,3020,1
2706,2809,1
2706,3863,1
2707,413,1
2707,546,1
2707,644,1
2707,2598,1
2708,2387,1
2709,2176,1
2710,536,1
2710,1965,1
2710,5761,1
2711,403,1
2711,532,1
2711,1754,1
2712,1543,1
2712,3381,1
2712,6946,1
2713,214,1
2713,1332,1
2713,5576,1
2714,1121,1
2714,6502,1
2715,910,1
2716,699,1
2717,488,1
2718,277,1
2718,2013,1
2719,66,1
2720,8047,1
2721,7836,1
2722,7625,1
2723,279,1
2723,6785,1
2723,7414,1
2724,7203,1
2725,6503,1
2725,6992,1
2726,6781,1
2727,460,1
2727,6570,1
2728,6359,1
2729,2002,1
2729,6148,1
2730,5937,1
2731,5726,1
2732,5515,1
2733,4400,1
2733,5304,1
2733,6042,1
2734,4140,1
2734,5093,1
2735,4599,1
2735,4882,1
2736,10,1
2736,2084,1
2736,4671,1
2736,5600,1
2737,1495,1
2737,1794,1
2737,4460,1
2737,7359,1
2738,4249,1
2739,1533,1
2739,4038,1
2740,694,1
2740,3827,1
2741,3174,1
2741,3616,1
2742,3405,1
2742,3430,1
2742,5266,1
2743,3194,1
2743,6112,1
2744,2983,1
2744,3643,1
2745,2753,1
2745,2772,1
2745,7131,1
2746,2108,1
2746,2320,1
2746,2561,1
2747,805,1
2747,2350,1
2747,7633,1
2748,2139,1
2749,1928,1
2750,1717,1
2751,1506,1
2752,1295,1
2752,7814,1
2753,1084,1
2753,2891,1
2754,873,1
2755,662,1
2755,2048,1
2755,2312,1
2756,451,1
2757,240,1
2757,6086,1
2758,29,1
2759,7422,1
2759,8010,1
2760,5318,1
2760,6362,1
2760,7799,1
2761,7588,1
2762,6033,1
2762,7377,1
2763,5232,1
2763,7166,1
2764,4179,1
2764,4645,1
2764,6955,1
2765,5929,1
2765,6744,1
2766,974,1
2766,6533,1
2767,3891,1
2767,6322,1
2768,6111,1
2769,736,1
2769,1666,1
2769,3822,1
2769,5900,1
2770,1399,1
2770,5689,1
2771,4596,1
2771,5478,1
2772,5267,1
2773,3395,1
2773,5056,1
2774,4845,1
2775,4634,1
2776,2213,1
2776,4423,1
2777,4212,1
2777,5326,1
2778,4001,1
2778,6294,1
2779,3790,1
2780,3579,1
2781,3368,1
2781,7800,1
2782,1847,1
2782,2769,1
2782,3157,1
2783,1455,1
2783,2946,1
2784,2735,1
2784,4981,1
2784,6682,1
2784,6814,1
2785,2524,1
2786,2313,1
2787,2102,1
2787,3457,1
2788,1891,1
2789,1680,1
2789,2552,1
2790,1469,1
2791,1258,1
2791,1421,1
2792,1047,1
2792,5417,1
2792,7890,1
2793,836,1
2793,2018,1
2793,3288,1
2794,625,1
2794,744,1
2794,6693,1
2795,414,1
2796,203,1
2796,6937,1
2797,2045,1
2797,8184,1
2798,7973,1
2799,7762,1
2800,7551,1
2801,6334,1
2801,7340,1
2802,7120,1
2802,7129,1
2803,6918,1
2804,43,1
2804,6707,1
2805,6496,1
2806,3653,1
2806,3680,1
2806,6285,1
2807,897,1
2807,6074,1
2808,5863,1
2808,7245,1
2809,5652,1
2810,5441,1
2810,5889,1
2811,5230,1
2812,5019,1
2812,6360,1
2813,4808,1
2814,4597,1
2815,3691,1
2815,4386,1
2815,7732,1
2816,178,1
2816,4175,1
2817,3964,1
2818,1355,1
2818,3753,1
2819,3542,1
2819,6868,1
2820,3331,1
2820,7172,1
2821,3120,1
2821,3149,1
2821,4253,1
2822,2909,1
2822,3192,1
2823,608,1
2823,2127,1
2823,2698,1
2823,4081,1
2823,7221,1
2824,845,1
2824,1389,1
2824,2487,1
2824,7932,1
2825,2276,1
2826,553,1
2826,726,1
2826,2065,1
2826,3529,1
2826,4036,1
2827,1854,1
2827,3156,1
2827,4674,1
2828,1643,1
2828,5223,1
2829,1432,1
2830,1221,1
2830,4947,1
2830,6358,1
2831,1010,1
2832,799,1
2832,6174,1
2833,588,1
2834,377,1
2834,817,1
2834,8086,1
2835,166,1
2836,4680,1
2836,7674,1
2836,8147,1
2837,1517,1
2837,7936,1
2838,2256,1
2838,4064,1
2838,7725,1
2839,3045,1
2839,4100,1
2839,7514,1
2840,7303,1
2841,1430,1
2841,7092,1
2842,340,1
2842,4525,1
2842,6881,1
2843,3448,1
2843,3676,1
2843,6670,1
2844,6459,1
2845,4693,1
2845,5915,1
2845,6248,1
2846,4068,1
2846,6037,1
2846,6466,1
2847,5826,1
2847,7157,1
2847,7246,1
2848,5615,1
2849,5404,1
2849,6529,1
2850,3735,1
2850,5193,1
2851,4982,1
2852,4771,1
2853,4560,1
2854,2278,1
2854,4349,1
2855,4138,1
2855,6201,1
2856,86,1
2856,790,1
2856,3927,1
2856,4487,1
2856,5922,1
2856,6614,1
2857,3716,1
2858,2317,1
2858,3505,1
2858,5161,1
2859,3294,1
2860,3083,1
2860,5409,1
2860,6899,1
2861,2872,1
2862,2661,1
2863,94,1
2863,2000,1
2863,2450,1
2863,3069,1
2864,508,1
2864,2239,1
2865,2028,1
2865,7285,1
2866,1817,1
2867,1606,1
2867,2418,1
2867,6250,1
2868,1395,1
2868,5403,1
2869,62,1
2869,1184,1
2870,973,1
2870,4774,1
2871,762,1
2871,1935,1
2872,551,1
2873,340,1
2874,129,1
2874,6267,1
2874,6508,1
2875,669,1
2875,3242,1
2875,5000,1
2875,6363,1
2875,7704,1
2875,8110,1
2876,7899,1
2877,2905,1
2877,4685,1
2877,7688,1
2878,4197,1
2878,7477,1
2879,1998,1
2879,5085,1
2879,7266,1
2880,3960,1
2880,7055,1
2881,754,1
2881,6844,1
2882,6633,1
2883,6422,1
2884,2339,1
2884,6211,1
2884,6343,1
2884,7500,1
2885,6000,1
2886,808,1
2886,5789,1
2887,5578,1
2887,7451,1
2888,609,1
2888,2333,1
2888,2501,1
2888,5352,1
2888,5367,1
2889,5156,1
2889,6415,1
2889,6729,1
2890,3865,1
2890,4873,1
2890,4945,1
2890,5166,1
2891,4734,1
2892,4523,1
2892,6669,1
2892,8078,1
2893,131,1
2893,4312,1
2893,6967,1
2894,876,1
2894,3465,1
2894,4101,1
2894,4880,1
2894,7653,1
2895,3756,1
2895,3890,1
2895,4499,1
2896,1153,1
2896,1463,1
2896,3679,1
2897,3468,1
2897,4590,1
2897,6027,1
2897,6383,1
2898,3257,1
2899,3046,1
2900,2508,1
2900,2835,1
2900,3516,1
2901,1872,1
2901,2624,1
2901,5005,1
2902,2413,1
2903,2202,1
2903,3939,1
2904,1338,1
2904,1991,1
2904,7793,1
2905,416,1
2905,1780,1
2905,6405,1
2905,6603,1
2906,1569,1
2906,5872,1
2907,1358,1
2908,1147,1
2908,5162,1
2909,936,1
2909,2779,1
2909,6317,1
2909,7729,1
2910,725,1
2911,514,1
2912,303,1
2912,3727,1
2913,92,1
2913,1341,1
2913,1474,1
2914,341,1
2914,8012,1
2914,8073,1
2915,7862,1
2916,7651,1
2917,7440,1
2917,7794,1
2918,7229,1
2919,5477,1
2919,7018,1
2920,404,1
2920,6807,1
2921,6164,1
2921,6596,1
2922,3201,1
2922,6385,1
2923,4162,1
2923,6174,1
2923,8155,1
2924,1417,1
2924,1778,1
2924,3067,1
2924,5963,1
2925,5752,1
2925,7971,1
2926,5541,1
2927,2364,1
2927,3342,1
2927,5330,1
2928,3496,1
2928,4825,1
2928,5119,1
2929,3031,1
2929,4908,1
2930,1487,1
2930,4697,1
2931,4486,1
2932,4275,1
2933,4064,1
2934,3853,1
2935,3642,1
2935,7358,1
2935,7462,1
2936,3431,1
2937,437,1
2937,3220,1
2937,7546,1
2938,3009,1
2938,3686,1
2939,2798,1
2940,2587,1
2940,4718,1
2941,2376,1
2941,2537,1
2942,2165,1
2942,7929,1
2943,1954,1
2944,1743,1
2945,1532,1
2946,1321,1
2946,4152,1
2946,6232,1
2946,6924,1
2946,7190,1
2947,1110,1
2948,899,1
2948,3850,1
2949,688,1
2950,477,1
2951,40,1
2951,266,1
2951,4200,1
2952,55,1
2952,2153,1
2953,8036,1
2954,2090,1
2954,7825,1
2955,7614,1
2956,5070,1
2956,7403,1
2957,7192,1
2958,1315,1
2958,6981,1
2959,6770,1
2959,7336,1
2960,304,1
2960,328,1
2960,6559,1
2961,414,1
2961,6348,1
2962,6137,1
2963,5926,1
2964,5715,1
2965,4876,1
2965,5504,1
2966,5293,1
2966,6278,1
2967,5082,1
2968,4871,1
2969,4660,1
2969,5291,1
2970,4449,1
2971,646,1
2971,910,1
2971,2061,1
2971,4238,1
2971,6356,1
2972,4027,1
2973,3816,1
2973,4576,1
2973,8064,1
2974,3605,1
2974,4046,1
2974,6696,1
2975,3394,1
2976,3183,1
2977,2972,1
2978,2761,1
2978,7254,1
2979,2550,1
2979,7351,1
2980,2339,1
2981,2128,1
2981,7506,1
2982,1917,1
2983,1706,1
2984,1495,1
2984,4902,1
2984,7684,1
2985,1284,1
2986,1073,1
2987,862,1
2988,297,1
2988,651,1
2988,2379,1
2988,3016,1
2989,440,1
2989,4307,1
2990,229,1
2990,2576,1
2991,18,1
2991,2986,1
2991,4030,1
2992,7999,1
2993,6910,1
2993,7788,1
2994,6687,1
2994,7577,1
2995,7366,1
2996,7155,1
2997,1063,1
2997,6944,1
2998,6733,1
2999,6522,1
3000,557,1
3000,2370,1
3000,6311,1
3001,314,1
3001,6100,1
3002,5889,1
3003,3250,1
3003,5678,1
3003,7322,1
3004,1031,1
3004,3597,1
3004,5467,1
3004,7038,1
3005,1776,1
3005,5256,1
3006,5045,1
3006,6240,1
3007,4834,1
3007,5068,1
3007,6496,1
3008,4623,1
3009,4412,1
3010,2012,1
3010,4201,1
3011,3990,1
3012,3779,1
3013,1114,1
3013,1501,1
3013,3568,1
3014,3357,1
3015,1912,1
3015,3146,1
3015,6207,1
3016,2935,1
3016,3108,1
3016,8170,1
3017,985,1
3017,2724,1
3017,7396,1
3018,2513,1
3019,2302,1
3019,3416,1
3020,1768,1
3020,2091,1
3021,956,1
3021,1880,1
3021,5784,1
3022,1669,1
3023,1458,1
3023,3443,1
3023,5921,1
3023,6647,1
3024,1247,1
3024,7877,1
3025,1036,1
3025,6577,1
3026,825,1
3026,6491,1
3027,614,1
3027,2421,1
3028,403,1
3029,192,1
3029,1844,1
3030,8173,1
3031,977,1
3031,7962,1
3032,7751,1
3033,5348,1
3033,7414,1
3033,7540,1
3034,466,1
3034,7329,1
3035,4089,1
3035,4812,1
3035,7118,1
3035,7839,1
3036,6907,1
3036,7041,1
3037,6696,1
3037,7362,1
3038,5780,1
3038,6485,1
3039,6274,1
3040,6063,1
3041,930,1
3041,5852,1
3041,7537,1
3042,5641,1
3042,7624,1
3043,5430,1
3043,6533,1
3044,5219,1
3044,6879,1
3045,5008,1
3045,5764,1
3046,1328,1
3046,3409,1
3046,4797,1
3046,7658,1
3047,4586,1
3048,4375,1
3049,4164,1
3049,4329,1
3050,1703,1
3050,3953,1
3050,8186,1
3051,1378,1
3051,3742,1
3051,4770,1
3052,3531,1
3053,3320,1
3053,4460,1
3054,3109,1
3055,2898,1
3056,2687,1
3056,6300,1
3057,2476,1
3057,2962,1
3058,2265,1
3059,2054,1
3059,3588,1
3059,3922,1
3060,1595,1
3060,1843,1
3060,4568,1
3061,1632,1
3061,3671,1
3061,4132,1
3062,1421,1
3062,1549,1
3062,3688,1
3063,1210,1
3064,999,1
3064,3538,1
3064,7288,1
3065,788,1
3065,3912,1
3066,577,1
3066,4889,1
3067,366,1
3067,5206,1
3068,155,1
3069,5505,1
3069,8136,1
3070,7925,1
3071,1102,1
3071,7714,1
3072,1348,1
3072,2908,1
3072,4748,1
3072,7503,1
3073,6490,1
3073,7292,1
3074,7081,1
3074,7447,1
3075,47,1
3075,6870,1
3076,2549,1
3076,4870,1
3076,6659,1
3077,6448,1
3078,782,1
3078,6237,1
3079,2638,1
3079,6026,1
3079,8120,1
3080,1145,1
3080,5815,1
3081,1074,1
3081,1816,1
3081,5604,1
3082,5393,1
3083,5182,1
3084,4971,1
3085,3754,1
3085,4760,1
3085,6884,1
3086,4549,1
3086,7845,1
3087,4338,1
3088,4127,1
3089,3916,1
3089,5080,1
3089,7893,1
3090,3210,1
3090,3705,1
3091,1229,1
3091,3494,1
3092,54,1
3092,177,1
3092,3283,1
3092,5159,1
3093,1411,1
3093,3072,1
3094,2861,1
3095,2650,1
3096,2439,1
3097,2228,1
3098,1453,1
3098,2017,1
3098,6032,1
3099,1806,1
3099,4419,1
3100,828,1
3100,1595,1
3101,1384,1
3102,1173,1
3102,2129,1
3103,383,1
3103,962,1
3103,2529,1
3103,3461,1
3104,751,1
3104,4372,1
3105,540,1
3105,1485,1
3105,2881,1
3105,3269,1
3106,329,1
3107,118,1
3108,759,1
3108,8099,1
3109,7888,1
3110,2594,1
3110,7677,1
3111,7466,1
3112,1738,1
3112,7028,1
3112,7255,1
3113,1931,1
3113,6933,1
3113,7044,1
3114,6626,1
3114,6833,1
3115,3000,1
3115,6622,1
3116,799,1
3116,6411,1
3117,1472,1
3117,2284,1
3117,6200,1
3118,126,1
3118,5989,1
3119,1376,1
3119,2977,1
3119,5778,1
3119,6036,1
3120,2701,1
3120,3346,1
3120,5567,1
3121,1195,1
3121,5356,1
3122,3112,1
3122,5145,1
3122,6316,1
3123,4934,1
3123,6783,1
3124,4723,1
3125,4006,1
3125,4512,1
3125,5144,1
3126,2035,1
3126,4301,1
3127,4090,1
3127,5697,1
3127,6445,1
3128,3879,1
3129,3668,1
3129,4106,1
3130,575,1
3130,3457,1
3130,4537,1
3131,3246,1
3132,3035,1
3132,3182,1
3132,4895,1
3132,7328,1
3133,2543,1
3133,2824,1
3133,7278,1
3134,72,1
3134,642,1
3134,2613,1
3135,2402,1
3135,2554,1
3135,4762,1
3136,2191,1
3136,7329,1
3137,1980,1
3137,2122,1
3138,1769,1
3138,5795,1
3139,120,1
3139,1558,1
3139,3386,1
3139,7627,1
3140,1347,1
3141,1136,1
3141,2182,1
3141,2981,1
3142,925,1
3142,2139,1
3143,377,1
3143,714,1
3143,2875,1
3144,503,1
3144,1045,1
3145,292,1
3145,6111,1
3146,81,1
3146,1604,1
3146,2948,1
3146,3170,1
3147,8062,1
3148,1302,1
3148,7851,1
3149,7640,1
3150,7429,1
3151,7218,1
3152,1099,1
3152,7007,1
3153,6796,1
3154,2491,1
3154,4709,1
3154,6585,1
3155,1966,1
3155,2792,1
3155,6374,1
3156,6163,1
3157,918,1
3157,5952,1
3158,2750,1
3158,5741,1
3158,6504,1
3158,6689,1
3159,28,1
3159,5530,1
3160,5319,1
3161,2376,1
3161,5108,1
3162,4897,1
3163,355,1
3163,4686,1
3164,3333,1
3164,4475,1
3165,4264,1
3165,4781,1
3166,691,1
3166,1285,1
3166,1628,1
3166,4053,1
3167,3842,1
3168,3631,1
3169,3420,1
3170,389,1
3170,2156,1
3170,3209,1
3170,3996,1
3171,968,1
3171,2998,1
3172,602,1
3172,2787,1
3173,2576,1
3173,2911,1
3174,2343,1
3174,2365,1
3175,2154,1
3175,4519,1
3176,1943,1
3176,5046,1
3176,5982,1
3177,1732,1
3177,3567,1
3178,1521,1
3179,1310,1
3180,1099,1
3180,3672,1
3181,888,1
3181,3697,1
3181,4021,1
3181,5221,1
3182,677,1
3183,466,1
3183,1322,1
3184,255,1
3185,44,1
3186,7791,1
3186,8025,1
3187,2800,1
3187,7814,1
3188,3692,1
3188,6216,1
3188,7324,1
3188,7603,1
3189,7392,1
3190,7181,1
3191,6970,1
3192,3387,1
3192,4522,1
3192,6759,1
3193,4607,1
3193,6548,1
3194,606,1
3194,6193,1
3194,6337,1
3195,6126,1
3196,5915,1
3197,810,1
3197,5704,1
3197,6235,1
3198,2735,1
3198,5493,1
3199,5282,1
3200,5071,1
3201,4860,1
3202,4649,1
3203,1601,1
3203,2859,1
3203,2907,1
3203,4438,1
3203,4741,1
3204,4227,1
3205,4016,1
3205,7004,1
3206,2325,1
3206,3805,1
3206,7372,1
3206,7939,1
3207,3594,1
3208,3383,1
3209,3172,1
3209,4737,1
3210,2822,1
3210,2961,1
3210,6284,1
3211,2750,1
3212,2539,1
3213,2328,1
3214,2117,1
3214,3060,1
3215,1906,1
3215,3651,1
3216,1695,1
3217,1484,1
3217,2559,1
3218,1273,1
3218,5728,1
3218,6646,1
3219,1062,1
3220,851,1
3220,5558,1
3221,640,1
3221,3875,1
3222,429,1
3222,5820,1
3223,218,1
3224,7,1
3225,660,1
3225,1563,1
3225,7988,1
3226,7777,1
3227,2924,1
3227,7566,1
3228,7355,1
3229,6941,1
3229,7144,1
3230,6933,1
3231,6722,1
3232,6511,1
3233,5976,1
3233,6300,1
3234,4063,1
3234,6089,1
3235,5878,1
3236,2160,1
3236,5667,1
3237,5456,1
3238,5245,1
3239,369,1
3239,861,1
3239,3254,1
3239,3893,1
3239,5034,1
3239,5554,1
3239,6473,1
3240,3668,1
3240,4823,1
3241,2240,1
3241,3673,1
3241,4612,1
3242,4401,1
3242,4480,1
3242,5327,1
3243,4190,1
3243,5653,1
3244,3979,1
3245,3768,1
3245,4518,1
3246,2239,1
3246,3557,1
3246,5567,1
3246,7345,1
3247,3346,1
3247,5506,1
3247,8058,1
3247,8061,1
3248,1447,1
3248,3135,1
3248,7809,1
3249,1016,1
3249,2924,1
3250,2713,1
3251,791,1
3251,2502,1
3251,5183,1
3252,2291,1
3253,2080,1
3253,6743,1
3254,1869,1
3254,3828,1
3255,1658,1
3255,2831,1
3255,3936,1
3256,1447,1
3257,1236,1
3258,1025,1
3258,5191,1
3259,814,1
3260,603,1
3261,392,1
3262,181,1
3262,6971,1
3262,8104,1
3263,8162,1
3264,7951,1
3265,629,1
3265,3809,1
3265,7740,1
3266,426,1
3266,3206,1
3266,7529,1
3267,4925,1
3267,7318,1
3268,7107,1
3269,6896,1
3269,7525,1
3270,5744,1
3270,6685,1
3271,2901,1
3271,6474,1
3272,3305,1
3272,5002,1
3272,6263,1
3273,1650,1
3273,5273,1
3273,6052,1
3274,5841,1
3275,3148,1
3275,3743,1
3275,5630,1
3276,5419,1
3277,5208,1
3277,7074,1
3278,4997,1
3279,4786,1
3280,4054,1
3280,4575,1
3280,4688,1
3280,5735,1
3281,4364,1
3281,5627,1
3281,5931,1
3282,4153,1
3283,1795,1
3283,3942,1
3284,147,1
3284,3731,1
3285,730,1
3285,3520,1
3285,4183,1
3285,6153,1
3286,463,1
3286,3309,1
3286,5708,1
3287,3098,1
3288,2887,1
3288,8107,1
3289,2676,1
3290,1233,1
3290,2465,1
3291,2254,1
3291,4911,1
3291,5401,1
3292,2043,1
3293,1832,1
3294,1621,1
3294,1635,1
3294,2243,1
3295,623,1
3295,1410,1
3295,2369,1
3295,4161,1
3296,1199,1
3296,3801,1
3297,988,1
3297,3550,1
3297,4918,1
3297,7672,1
3298,777,1
3298,1161,1
3299,566,1
3299,3141,1
3300,355,1
3300,1124,1
3301,144,1
3301,7751,1
3302,8125,1
3303,1174,1
3303,6842,1
3303,7914,1
3304,1621,1
3304,1960,1
3304,5802,1
3304,7703,1
3305,559,1
3305,6220,1
3305,7492,1
3306,7281,1
3307,1108,1
3307,6528,1
3307,7070,1
3308,6859,1
3309,4565,1
3309,6648,1
3309,7685,1
3310,254,1
3310,2344,1
3310,6437,1
3310,7260,1
3311,6226,1
3312,6015,1
3312,6961,1
3313,940,1
3313,2861,1
3313,5804,1
3314,2827,1
3314,2839,1
3314,5593,1
3315,5382,1
3316,941,1
3316,1057,1
3316,5171,1
3316,5966,1
3317,3352,1
3317,4960,1
3318,2368,1
3318,4749,1
3319,4538,1
3320,1301,1
3320,2133,1
3320,2234,1
3320,3721,1
3320,4327,1
3321,4116,1
3322,3338,1
3322,3905,1
3323,407,1
3323,3694,1
3323,7316,1
3324,661,1
3324,1418,1
3324,3483,1
3325,3272,1
3326,3061,1
3326,3389,1
3327,1466,1
3327,1634,1
3327,2850,1
3327,3709,1
3328,2639,1
3329,2428,1
3329,7398,1
3330,2217,1
3331,2006,1
3331,4769,1
3331,5987,1
3331,6142,1
3332,1795,1
3332,2687,1
3332,4199,1
3333,1584,1
3334,516,1
3334,1373,1
3335,1162,1
3335,2212,1
3336,951,1
3336,5021,1
3336,6051,1
3336,6828,1
3337,740,1
3338,529,1
3338,1818,1
3338,5353,1
3338,7938,1
3339,45,1
3339,318,1
3340,107,1
3340,246,1
3341,7317,1
3341,8088,1
3342,3523,1
3342,7877,1
3343,1208,1
3343,7666,1
3344,6226,1
3344,7455,1
3345,7244,1
3346,1742,1
3346,7033,1
3347,6822,1
3348,5841,1
3348,6611,1
3349,1082,1
3349,6400,1
3349,7964,1
3350,6189,1
3351,5978,1
3351,7379,1
3352,1670,1
3352,5767,1
3353,3758,1
3353,5254,1
3353,5416,1
3353,5556,1
3353,8031,1
3354,4753,1
3354,5345,1
3355,4946,1
3355,5134,1
3356,4923,1
3356,6513,1
3357,4712,1
3358,4501,1
3359,4290,1
3359,4452,1
3359,4817,1
3360,4079,1
3361,3868,1
3361,4775,1
3362,1907,1
3362,2478,1
3362,3657,1
3363,3446,1
3363,4164,1
3364,3235,1
3364,3365,1
3364,5284,1
3365,3024,1
3366,1689,1
3366,2813,1
3366,4308,1
3367,2602,1
3368,2391,1
3368,5189,1
3369,2180,1
3369,7226,1
3370,1969,1
3371,1103,1
3371,1758,1
3371,3057,1
3371,7230,1
3372,1547,1
3372,3122,1
3373,1298,1
3373,1336,1
3373,6763,1
3374,1125,1
3375,914,1
3375,4881,1
3376,703,1
3377,492,1
3378,281,1
3378,4380,1
3379,70,1
3380,8051,1
3381,5386,1
3381,7840,1
3382,7629,1
3383,5814,1
3383,7418,1
3384,7207,1
3385,6996,1
3385,7314,1
3386,6785,1
3387,1594,1
3387,2245,1
3387,6574,1
3388,6363,1
3389,865,1
3389,6152,1
3390,2158,1
3390,5941,1
3390,7090,1
3391,3046,1
3391,5730,1
3391,5977,1
3392,1625,1
3392,5519,1
3392,7610,1
3393,2306,1
3393,5308,1
3394,5097,1
3394,6807,1
3395,4886,1
3395,6733,1
3395,6790,1
3396,4675,1
3397,4464,1
3398,4065,1
3398,4253,1
3398,6694,1
3399,4042,1
3399,4434,1
3399,7102,1
3400,1149,1
3400,3831,1
3400,4961,1
3400,8141,1
3401,3620,1
3401,3726,1
3401,6225,1
3402,2963,1
3402,3409,1
3403,3198,1
3404,2987,1
3404,6253,1
3405,2662,1
3405,2776,1
3406,2565,1
3406,4479,1
3407,2354,1
3408,2143,1
3409,348,1
3409,1476,1
3409,1932,1
3410,1721,1
3410,3943,1
3411,1510,1
3412,1299,1
3412,6891,1
3413,1088,1
3413,6231,1
3414,877,1
3414,2433,1
3414,2669,1
3414,3747,1
3415,666,1
3415,3354,1
3416,455,1
3416,1011,1
3416,1858,1
3416,5730,1
3416,6535,1
3417,244,1
3417,7180,1
3418,33,1
3419,8014,1
3420,1397,1
3420,4744,1
3420,7803,1
3421,7592,1
3422,4338,1
3422,7381,1
3423,7170,1
3424,1749,1
3424,4843,1
3424,6959,1
3425,6748,1
3426,4191,1
3426,6537,1
3427,6326,1
3428,133,1
3428,6115,1
3429,1950,1
3429,3835,1
3429,5904,1
3429,6792,1
3429,7224,1
3429,7961,1
3430,2164,1
3430,5693,1
3431,3534,1
3431,5482,1
3432,5271,1
3433,3274,1
3433,5060,1
3434,4849,1
3435,3810,1
3435,4638,1
3436,1934,1
3436,4427,1
3437,4216,1
3438,3608,1
3438,4005,1
3439,3794,1
3439,4514,1
3440,3583,1
3441,3372,1
3442,3161,1
3443,2950,1
3444,2739,1
3444,3027,1
3444,5010,1
3445,2528,1
3446,2317,1
3446,2936,1
3446,3185,1
3447,2106,1
3448,1895,1
3448,6497,1
3449,1201,1
3449,1684,1
3450,1473,1
3450,3278,1
3451,1262,1
3451,6766,1
3451,7054,1
3452,1051,1
3453,840,1
3454,629,1
3454,2378,1
3455,418,1
3456,207,1
3457,2607,1
3457,6871,1
3457,8188,1
3458,7977,1
3459,7766,1
3460,1921,1
3460,3304,1
3460,7555,1
3461,424,1
3461,1227,1
3461,3286,1
3461,5992,1
3461,7344,1
3462,2207,1
3462,7133,1
3463,6922,1
3463,7824,1
3464,6711,1
3465,6500,1
3466,469,1
3466,3683,1
3466,6289,1
3467,6078,1
3468,5867,1
3469,5656,1
3470,5445,1
3470,7184,1
3471,5234,1
3472,1052,1
3472,1868,1
3472,5023,1
3473,1288,1
3473,3663,1
3473,4812,1
3474,4601,1
3475,4390,1
3476,4179,1
3477,3968,1
3478,3757,1
3479,3546,1
3479,7213,1
3480,3335,1
3480,4712,1
3481,3124,1
3482,2913,1
3482,4631,1
3483,2702,1
3484,2491,1
3485,2280,1
3485,4528,1
3485,7349,1
3486,2069,1
3486,3752,1
3487,1858,1
3488,1647,1
3489,1436,1
3490,268,1
3490,1225,1
3491,1014,1
3492,803,1
3493,592,1
3494,381,1
3494,8167,1
3495,170,1
3495,1884,1
3495,4023,1
3495,5385,1
3495,7016,1
3495,7603,1
3496,615,1
3496,3113,1
3496,6312,1
3496,8151,1
3497,170,1
3497,7940,1
3498,7729,1
3499,3464,1
3499,7518,1
3500,6280,1
3500,7307,1
3501,7096,1
3502,6885,1
3503,3433,1
3503,6674,1
3504,4323,1
3504,5038,1
3504,6463,1
3505,6252,1
3506,567,1
3506,5078,1
3506,6041,1
3506,7886,1
3507,4389,1
3507,5830,1
3508,5619,1
3509,1372,1
3509,5408,1
3510,5197,1
3511,306,1
3511,3585,1
3511,4986,1
3512,4775,1
3512,7156,1
3513,1781,1
3513,4564,1
3514,4353,1
3514,7303,1
3515,4142,1
3516,421,1
3516,3931,1
3516,4505,1
3516,6751,1
3516,7291,1
3517,3028,1
3517,3720,1
3517,3895,1
3518,220,1
3518,449,1
3518,1958,1
3518,3509,1
3519,3298,1
3520,3087,1
3520,5037,1
3520,5114,1
3520,7858,1
3521,2876,1
3522,2665,1
3523,2454,1
3523,3940,1
3523,5961,1
3523,7019,1
3524,984,1
3524,2243,1
3524,4265,1
3525,2032,1
3526,657,1
3526,1821,1
3526,3712,1
3527,1610,1
3527,1949,1
3528,1165,1
3528,1399,1
3529,1188,1
3529,5126,1
3530,977,1
3530,2919,1
3530,5035,1
3531,766,1
3531,1198,1
3532,555,1
3532,7905,1
3533,344,1
3534,133,1
3534,7197,1
3535,2257,1
3535,8114,1
3536,5729,1
3536,7903,1
3537,7692,1
3538,7481,1
3539,822,1
3539,1626,1
3539,7270,1
3540,3498,1
3540,7059,1
3541,959,1
3541,6848,1
3542,2676,1
3542,6637,1
3543,336,1
3543,6426,1
3544,2858,1
3544,5475,1
3544,6215,1
3545,1615,1
3545,6004,1
3546,5769,1
3546,5793,1
3547,5582,1
3548,5371,1
3549,5160,1
3550,4115,1
3550,4949,1
3550,5408,1
3551,4738,1
3552,3563,1
3552,4527,1
3553,3473,1
3553,4316,1
3554,2483,1
3554,2934,1
3554,4105,1
3555,444,1
3555,3894,1
3556,1875,1
3556,3683,1
3556,7312,1
3557,209,1
3557,1024,1
3557,3472,1
3557,4472,1
3557,8051,1
3558,3261,1
3559,992,1
3559,3050,1
3560,2839,1
3561,2628,1
3561,3765,1
3562,2417,1
3563,2206,1
3563,7474,1
3564,1307,1
3564,1995,1
3565,1784,1
3566,1573,1
3566,3077,1
3566,4662,1
3567,1362,1
3568,1151,1
3569,940,1
3569,2025,1
3570,729,1
3571,518,1
3571,6972,1
3572,307,1
3572,4586,1
3573,96,1
3573,1994,1
3573,5246,1
3574,2510,1
3574,8077,1
3575,7095,1
3575,7866,1
3576,7655,1
3577,6589,1
3577,7444,1
3577,7717,1
3578,5058,1
3578,7233,1
3579,7022,1
3580,2596,1
3580,6811,1
3580,7363,1
3581,5580,1
3581,5695,1
3581,6600,1
3582,4441,1
3582,6389,1
3583,6178,1
3583,7305,1
3584,5967,1
3585,4339,1
3585,5756,1
3586,2400,1
3586,3453,1
3586,5545,1
3587,5334,1
3587,7756,1
3588,4122,1
3588,5123,1
3589,66,1
3589,321,1
3589,4912,1
3590,4147,1
3590,4701,1
3591,4490,1
3592,2975,1
3592,3468,1
3592,4279,1
3592,4836,1
3593,4068,1
3594,2028,1
3594,3547,1
3594,3759,1
3594,3857,1
3594,6979,1
3595,3646,1
3595,7534,1
3596,3435,1
3596,5469,1
3596,5824,1
3597,522,1
3597,3224,1
3598,3013,1
3599,2802,1
3599,4474,1
3600,2591,1
3600,3309,1
3601,2380,1
3602,2169,1
3602,4521,1
3603,1958,1
3603,3055,1
3604,305,1
3604,1747,1
3605,1536,1
3605,2868,1
3605,4224,1
3605,4706,1
3605,5662,1
3605,7609,1
3606,1325,1
3607,1114,1
3608,903,1
3608,7719,1
3609,692,1
3610,481,1
3610,1737,1
3610,2143,1
3610,5571,1
3610,7503,1
3611,270,1
3611,535,1
3611,1030,1
3612,59,1
3612,5971,1
3612,8068,1
3613,1363,1
3613,4117,1
3613,8040,1
3614,5894,1
3614,7829,1
3615,7618,1
3616,7407,1
3617,5138,1
3617,7196,1
3618,6985,1
3619,6774,1
3620,3842,1
3620,5231,1
3620,6563,1
3620,8173,1
3621,6352,1
3621,7315,1
3621,7865,1
3622,4114,1
3622,6141,1
3623,4304,1
3623,5930,1
3624,5719,1
3625,5508,1
3626,5297,1
3627,5086,1
3628,2406,1
3628,4875,1
3628,5376,1
3629,4664,1
3630,649,1
3630,1136,1
3630,4453,1
3630,6920,1
3631,4242,1
3632,4031,1
3632,6695,1
3633,3820,1
3634,3609,1
3634,5675,1
3635,3398,1
3635,4318,1
3636,3187,1
3636,7852,1
3637,2976,1
3638,2765,1
3638,3621,1
3639,2554,1
3640,284,1
3640,2343,1
3640,2731,1
3641,2132,1
3641,2589,1
3642,1921,1
3642,6314,1
3643,1710,1
3644,1499,1
3645,1288,1
3646,1077,1
3646,2504,1
3646,4679,1
3647,866,1
3647,4489,1
3648,655,1
3648,6900,1
3649,444,1
3650,213,1
3650,233,1
3650,472,1
3650,1303,1
3650,2658,1
3651,22,1
3651,129,1
3652,1709,1
3652,8003,1
3653,2667,1
3653,6480,1
3653,7792,1
3654,7581,1
3655,1036,1
3655,7370,1
3656,4883,1
3656,6012,1
3656,7159,1
3657,1078,1
3657,1661,1
3657,2147,1
3657,6948,1
3658,4093,1
3658,6737,1
3659,6526,1
3660,6315,1
3661,6104,1
3662,5893,1
3663,2602,1
3663,5682,1
3663,7002,1
3664,5471,1
3665,2818,1
3665,4259,1
3665,5260,1
3665,6711,1
3666,5049,1
3667,4838,1
3667,5389,1
3667,7247,1
3668,4627,1
3668,7960,1
3669,4416,1
3669,4821,1
3670,4205,1
3671,3994,1
3671,4056,1
3672,2093,1
3672,3783,1
3672,6409,1
3673,3572,1
3674,2810,1
3674,3361,1
3675,3150,1
3676,2865,1
3676,2939,1
3677,2728,1
3678,2517,1
3679,2306,1
3679,5121,1
3680,2095,1
3680,3825,1
3680,5609,1
3681,1884,1
3681,6653,1
3682,71,1
3682,1673,1
3682,1687,1
3682,7425,1
3682,7912,1
3683,1462,1
3684,1251,1
3685,1040,1
3686,829,1
3686,5900,1
3687,618,1
3687,2024,1
3688,407,1
3688,1741,1
3688,1803,1
3689,111,1
3689,196,1
3689,4257,1
3689,5831,1
3690,8177,1
3691,7966,1
3692,7755,1
3693,6203,1
3693,7480,1
3693,7544,1
3694,1569,1
3694,2036,1
3694,7333,1
3695,11,1
3695,3734,1
3695,7122,1
3696,6911,1
3697,2273,1
3697,6700,1
3698,6489,1
3699,6278,1
3700,3515,1
3700,6067,1
3701,5856,1
3701,6384,1
3702,5645,1
3703,4225,1
3703,5434,1
3704,1015,1
3704,5054,1
3704,5223,1
3704,6602,1
3705,5012,1
3706,4801,1
3706,7509,1
3707,393,1
3707,1909,1
3707,4590,1
3708,1561,1
3708,2342,1
3708,2817,1
3708,4379,1
3709,3777,1
3709,4168,1
3709,6649,1
3709,7991,1
3710,1069,1
3710,3957,1
3710,4635,1
3711,1865,1
3711,3746,1
3712,3535,1
3713,3324,1
3713,4823,1
3714,3113,1
3715,2902,1
3715,5713,1
3716,2275,1
3716,2691,1
3716,5717,1
3717,319,1
3717,2480,1
3717,2994,1
3718,1537,1
3718,2269,1
3719,2058,1
3720,1847,1
3720,4289,1
3720,7276,1
3721,1636,1
3721,5995,1
3722,1425,1
3722,6482,1
3723,1214,1
3723,1445,1
3724,1003,1
3724,2601,1
3724,3750,1
3725,792,1
3725,1926,1
3725,8046,1
3726,581,1
3726,8175,1
3727,370,1
3728,159,1
3728,4018,1
3728,5023,1
3728,7481,1
3729,3989,1
3729,6446,1
3729,7696,1
3729,8140,1
3730,2163,1
3730,4016,1
3730,6563,1
3730,7929,1
3731,7718,1
3732,1388,1
3732,6374,1
3732,6875,1
3732,7507,1
3733,2341,1
3733,7296,1
3734,5300,1
3734,7085,1
3735,476,1
3735,5465,1
3735,6874,1
3736,1449,1
3736,6663,1
3737,6452,1
3738,5137,1
3738,6241,1
3738,6361,1
3739,6030,1
3740,5369,1
3740,5819,1
3741,5608,1
3742,5397,1
3742,7111,1
3743,5186,1
3744,4975,1
3744,6840,1
3745,4764,1
3746,4553,1
3747,3315,1
3747,4342,1
3748,4131,1
3749,651,1
3749,3920,1
3750,1066,1
3750,3044,1
3750,3709,1
3751,3498,1
3751,4393,1
3752,2428,1
3752,3287,1
3753,1983,1
3753,3076,1
3754,2865,1
3755,2654,1
3755,2765,1
3756,2443,1
3756,7123,1
3757,2232,1
3757,2468,1
3758,438,1
3758,2021,1
3758,5592,1
3759,1810,1
3759,2404,1
3759,7100,1
3760,1599,1
3761,1388,1
3761,7400,1
3762,1177,1
3762,7319,1
3763,966,1
3763,7776,1
3763,7833,1
3764,755,1
3764,4226,1
3764,5245,1
3765,544,1
3766,333,1
3766,1168,1
3766,8189,1
3767,122,1
3767,5016,1
3768,6761,1
3768,8103,1
3769,513,1
3769,1254,1
3769,7892,1
3770,395,1
3770,2146,1
3770,7681,1
3771,4822,1
3771,7470,1
3772,6748,1
3772,7259,1
3773,5441,1
3773,7048,1
3774,901,1
3774,3426,1
3774,6837,1
3775,6626,1
3776,564,1
3776,6415,1
3777,6204,1
3778,3596,1
3778,5993,1
3779,5782,1
3780,5571,1
3781,5360,1
3781,5462,1
3782,5149,1
3783,4938,1
3784,4727,1
3785,1070,1
3785,3841,1
3785,4516,1
3785,5849,1
3786,497,1
3786,4305,1
3787,4094,1
3788,3883,1
3788,5427,1
3789,3672,1
3789,4263,1
3790,3461,1
3791,3250,1
3792,519,1
3792,3039,1
3792,3162,1
3793,2828,1
3793,4367,1
3794,2617,1
3795,2406,1
3796,1164,1
3796,2176,1
3796,2195,1
3797,1984,1
3797,3927,1
3798,1773,1
3798,3681,1
3799,1562,1
3799,7538,1
3800,1351,1
3801,1140,1
3802,929,1
3802,1497,1
3802,6296,1
3803,718,1
3803,6918,1
3804,507,1
3805,296,1
3806,6,1
3806,85,1
3806,770,1
3806,3413,1
3807,3593,1
3807,4920,1
3807,8066,1
3808,7855,1
3809,7644,1
3810,6531,1
3810,7433,1
3811,2229,1
3811,7222,1
3812,7011,1
3813,5420,1
3813,6800,1
3814,6589,1
3815,6378,1
3816,6167,1
3817,5956,1
3818,5745,1
3818,5957,1
3819,5534,1
3820,1775,1
3820,5323,1
3820,6643,1
3820,7589,1
3821,5112,1
3821,5312,1
3822,915,1
3822,4901,1
3823,4690,1
3824,4479,1
3824,7487,1
3825,4268,1
3825,7023,1
3826,4057,1
3827,3645,1
3827,3846,1
3827,4729,1
3828,3635,1
3828,5448,1
3828,5996,1
3828,6168,1
3829,3424,1
3829,3931,1
3829,7252,1
3830,1151,1
3830,3213,1
3830,4361,1
3831,3002,1
3831,4416,1
3831,4478,1
3832,755,1
3832,2791,1
3833,2505,1
3833,2580,1
3833,7993,1
3834,2369,1
3835,2158,1
3836,1947,1
3836,3741,1
3837,1736,1
3838,1525,1
3839,1039,1
3839,1314,1
3839,1893,1
3839,3203,1
3839,5069,1
3839,7318,1
3840,1103,1
3841,892,1
3842,681,1
3843,470,1
3844,259,1
3845,48,1
3845,4858,1
3845,6632,1
3846,6150,1
3846,8029,1
3847,3418,1
3847,6088,1
3847,7818,1
3848,423,1
3848,7607,1
3849,4545,1
3849,6865,1
3849,7396,1
3850,4060,1
3850,7185,1
3851,2555,1
3851,6974,1
3852,2198,1
3852,6096,1
3852,6763,1
3853,6552,1
3854,3189,1
3854,5619,1
3854,6341,1
3855,3894,1
3855,6130,1
3856,56,1
3856,715,1
3856,5919,1
3856,7341,1
3857,4277,1
3857,5708,1
3857,8159,1
3858,5497,1
3859,5286,1
3860,5075,1
3860,5497,1
3861,3024,1
3861,4864,1
3861,6401,1
3862,4306,1
3862,4653,1
3863,4442,1
3863,5059,1
3864,4231,1
3865,4020,1
3865,4975,1
3866,569,1
3866,3809,1
3867,3598,1
3867,4985,1
3868,3387,1
3868,6015,1
3869,3176,1
3870,2965,1
3870,6794,1
3871,2754,1
3872,2543,1
3873,2332,1
3873,2755,1
3874,2121,1
3875,1910,1
3876,1699,1
3876,7547,1
3877,1405,1
3877,1488,1
3877,2715,1
3878,1277,1
3879,1066,1
3879,7581,1
3880,34,1
3880,855,1
3880,3617,1
3881,644,1
3882,433,1
3882,1167,1
3882,5568,1
3883,222,1
3884,11,1
3884,6145,1
3885,5053,1
3885,7992,1
3886,7781,1
3887,2209,1
3887,7570,1
3888,7359,1
3889,3001,1
3889,7148,1
3890,59,1
3890,5076,1
3890,6937,1
3891,3956,1
3891,5607,1
3891,6066,1
3891,6726,1
3891,7529,1
3892,3401,1
3892,6515,1
3893,2598,1
3893,6304,1
3894,4118,1
3894,4405,1
3894,6093,1
3895,5882,1
3896,5671,1
3897,5460,1
3898,5249,1
3899,5038,1
3900,4827,1
3901,579,1
3901,4314,1
3901,4616,1
3901,6521,1
3902,1892,1
3902,4405,1
3903,4194,1
3903,8154,1
3904,3983,1
3905,3252,1
3905,3772,1
3905,4090,1
3906,3561,1
3907,2949,1
3907,3350,1
3907,5973,1
3907,6596,1
3908,3139,1
3909,1805,1
3909,2928,1
3909,4666,1
3910,2717,1
3910,3610,1
3911,2506,1
3911,3846,1
3912,2295,1
3912,3856,1
3913,2084,1
3913,5799,1
3914,381,1
3914,1873,1
3914,2264,1
3915,487,1
3915,1662,1
3916,1451,1
3916,3586,1
3916,4222,1
3917,1240,1
3917,1613,1
3917,4082,1
3918,1029,1
3918,3708,1
3919,818,1
3919,6017,1
3920,607,1
3921,396,1
3922,185,1
3922,2355,1
3922,4111,1
3923,135,1
3923,8166,1
3924,7955,1
3925,1879,1
3925,5941,1
3925,7744,1
3925,7799,1
3926,4022,1
3926,7533,1
3927,7322,1
3928,7111,1
3929,3144,1
3929,6900,1
3930,1215,1
3930,6689,1
3931,1747,1
3931,6478,1
3932,6267,1
3933,6056,1
3934,5845,1
3935,300,1
3935,5634,1
3936,4562,1
3936,5280,1
3936,5423,1
3937,1236,1
3937,4250,1
3937,5212,1
3938,4,1
3938,5001,1
3939,4790,1
3940,3255,1
3940,4579,1
3941,998,1
3941,3417,1
3941,4368,1
3942,4157,1
3942,5214,1
3942,7723,1
3943,3946,1
3944,3735,1
3945,3524,1
3946,410,1
3946,3313,1
3946,6844,1
3947,2496,1
3947,3102,1
3947,7162,1
3948,1393,1
3948,2891,1
3949,2680,1
3949,6727,1
3949,7061,1
3950,2469,1
3950,8040,1
3951,488,1
3951,2258,1
3952,2047,1
3953,1836,1
3953,7590,1
3954,1625,1
3954,3313,1
3954,6935,1
3955,1414,1
3956,1203,1
3957,992,1
3957,2783,1
3958,781,1
3959,570,1
3959,6904,1
3960,359,1
3961,148,1
3962,8129,1
3963,5331,1
3963,7918,1
3964,917,1
3964,1022,1
3964,7707,1
3965,7496,1
3966,7285,1
3967,5700,1
3967,7074,1
3968,6863,1
3969,6652,1
3969,7077,1
3970,3973,1
3970,4732,1
3970,6441,1
3971,1952,1
3971,6230,1
3971,7050,1
3972,766,1
3972,847,1
3972,6019,1
3972,7294,1
3972,8156,1
3973,5808,1
3973,7818,1
3974,5597,1
3975,5386,1
3975,6697,1
3976,922,1
3976,1846,1
3976,5175,1
3977,4964,1
3977,7330,1
3978,4753,1
3978,7122,1
3979,1869,1
3979,4542,1
3980,4331,1
3981,4120,1
3982,3909,1
3982,5324,1
3983,3289,1
3983,3698,1
3984,3487,1
3985,3276,1
3986,3065,1
3986,4097,1
3986,7520,1
3987,656,1
3987,2854,1
3987,3181,1
3987,6776,1
3987,7919,1
3988,2643,1
3989,2432,1
3990,2221,1
3991,2010,1
3991,4349,1
3992,1799,1
3993,1588,1
3993,7834,1
3994,1377,1
3995,1166,1
3996,955,1
3996,5304,1
3996,6245,1
3996,6917,1
3997,744,1
3997,5893,1
3998,533,1
3998,7304,1
3998,7376,1
3999,322,1
3999,6430,1
4000,111,1
4000,1187,1
4001,5702,1
4001,8092,1
4002,4862,1
4002,7657,1
4002,7881,1
4003,2688,1
4003,7670,1
4004,7459,1
4005,1093,1
4005,4268,1
4005,7248,1
4005,7883,1
4006,7037,1
4007,2281,1
4007,6826,1
4008,6615,1
4009,1619,1
4009,6404,1
4010,5642,1
4010,6193,1
4011,5982,1
4011,7250,1
4012,2361,1
4012,5771,1
4013,5560,1
4014,2917,1
4014,4560,1
4014,5349,1
4014,6791,1
4015,5138,1
4016,257,1
4016,4927,1
4017,4716,1
4018,2628,1
4018,4505,1
4019,4294,1
4020,3195,1
4020,4083,1
4020,4088,1
4020,4116,1
4021,2356,1
4021,2647,1
4021,3107,1
4021,3872,1
4021,4841,1
4022,3661,1
4023,3450,1
4023,5547,1
4023,7187,1
4024,3239,1
4024,4692,1
4025,3028,1
4026,2817,1
4026,7073,1
4027,794,1
4027,2606,1
4027,3565,1
4028,2395,1
4028,4571,1
4029,2184,1
4030,1973,1
4030,4409,1
4031,1762,1
4032,1551,1
4033,1340,1
4034,271,1
4034,1129,1
4034,5306,1
4035,918,1
4035,5282,1
4036,707,1
4037,496,1
4037,4978,1
4037,7105,1
4038,285,1
4039,74,1
4039,2366,1
4039,5074,1
4040,4348,1
4040,8055,1
4041,7844,1
4042,1193,1
4042,7633,1
4043,7422,1
4044,7211,1
4045,1194,1
4045,7000,1
4046,6789,1
4047,106,1
4047,6578,1
4047,7636,1
4048,3704,1
4048,3780,1
4048,6367,1
4049,6156,1
4049,6782,1
4050,5945,1
4051,2044,1
4051,2970,1
4051,5032,1
4051,5734,1
4052,5523,1
4053,1444,1
4053,5312,1
4053,5562,1
4054,4455,1
4054,5101,1
4054,5227,1
4055,4890,1
4056,4679,1
4057,3569,1
4057,4468,1
4058,4257,1
4059,4046,1
4060,3835,1
4060,7257,1
4061,3624,1
4062,2616,1
4062,3413,1
4062,7143,1
4063,1554,1
4063,3202,1
4064,308,1
4064,2159,1
4064,2991,1
4065,2780,1
4066,2569,1
4066,5783,1
4067,2358,1
4067,4855,1
4067,5617,1
4068,2147,1
4068,2509,1
4068,3002,1
4069,1936,1
4069,4296,1
4069,4727,1
4070,1725,1
4070,7065,1
4071,1514,1
4072,420,1
4072,1303,1
4073,1092,1
4073,4914,1
4074,881,1
4074,887,1
4075,670,1
4075,6090,1
4075,8080,1
4076,459,1
4076,2377,1
4076,4779,1
4076,5222,1
4077,248,1
4077,1321,1
4078,37,1
4079,8018,1
4080,668,1
4080,7807,1
4081,6670,1
4081,7596,1
4082,7385,1
4083,1123,1
4083,6212,1
4083,7174,1
4084,3911,1
4084,6846,1
4084,6963,1
4085,4494,1
4085,6752,1
4086,6541,1
4087,1222,1
4087,3462,1
4087,6330,1
4087,7516,1
4088,6119,1
4089,1054,1
4089,2232,1
4089,5908,1
4090,5697,1
4091,5486,1
4092,3325,1
4092,4105,1
4092,5275,1
4093,5064,1
4094,4853,1
4095,4642,1
4095,5395,1
4096,4431,1
4097,473,1
4097,4220,1
4098,4009,1
4099,3382,1
4099,3798,1
4100,3587,1
4101,208,1
4101,3376,1
4102,2292,1
4102,3165,1
4102,7428,1
4103,2403,1
4103,2954,1
4104,2743,1
4104,4173,1
4104,4761,1
4105,2532,1
4106,2321,1
4106,6167,1
4106,6750,1
4106,7614,1
4107,1764,1
4107,2110,1
4108,839,1
4108,1899,1
4109,1688,1
4110,1477,1
4111,1266,1
4111,1534,1
4111,6634,1
4112,1055,1
4112,5396,1
4113,844,1
4114,633,1
4115,422,1
4115,1691,1
4115,6651,1
4115,6769,1
4116,211,1
4117,0,1
4117,8010,1
4118,5362,1
4118,6287,1
4118,7981,1
4119,7770,1
4120,7559,1
4121,7348,1
4121,7418,1
4121,7471,1
4122,7137,1
4123,5370,1
4123,6926,1
4124,3405,1
4124,5555,1
4124,6715,1
4125,6504,1
4126,2968,1
4126,6293,1
4127,6082,1
4127,7048,1
4128,5871,1
4129,5660,1
4130,5449,1
4130,8062,1
4131,5238,1
4132,1532,1
4132,4508,1
4132,5027,1
4132,6189,1
4132,6931,1
4132,7600,1
4133,717,1
4133,4816,1
4133,6396,1
4133,7743,1
4134,4605,1
4135,218,1
4135,379,1
4135,4394,1
4135,7992,1
4136,632,1
4136,3102,1
4136,4183,1
4137,3972,1
4138,3761,1
4138,7191,1
4139,3550,1
4139,6377,1
4140,3339,1
4140,6877,1
4141,3128,1
4141,7287,1
4142,1753,1
4142,2917,1
4142,4756,1
4143,1793,1
4143,2706,1
4144,2495,1
4144,7504,1
4145,2284,1
4145,5212,1
4146,1326,1
4146,2073,1
4146,4755,1
4147,1862,1
4147,3218,1
4148,98,1
4148,1228,1
4148,1651,1
4149,1440,1
4149,3844,1
4150,1229,1
4151,1018,1
4152,807,1
4152,7374,1
4153,372,1
4153,596,1
4154,385,1
4155,174,1
4155,5912,1
4155,7676,1
4156,6887,1
4156,8155,1
4157,6105,1
4157,7944,1
4158,4028,1
4158,7733,1
4158,7862,1
4159,270,1
4159,6578,1
4159,7522,1
4160,7311,1
4160,7562,1
4161,4471,1
4161,7100,1
4162,5413,1
4162,6889,1
4163,6678,1
4164,6467,1
4164,7710,1
4165,6256,1
4166,6045,1
4167,4435,1
4167,4546,1
4167,5834,1
4168,1975,1
4168,5623,1
4169,1684,1
4169,3984,1
4169,5039,1
4169,5412,1
4170,20,1
4170,5201,1
4171,4990,1
4172,2001,1
4172,4779,1
4172,5139,1
4173,923,1
4173,2382,1
4173,4568,1
4173,5319,1
4173,5504,1
4174,4357,1
4174,5768,1
4174,7290,1
4175,1826,1
4175,4146,1
4176,869,1
4176,3935,1
4177,116,1
4177,3724,1
4178,3513,1
4179,2561,1
4179,3302,1
4180,3091,1
4181,1989,1
4181,2880,1
4181,6802,1
4181,8121,1
4182,434,1
4182,2669,1
4183,2458,1
4183,3152,1
4183,3225,1
4183,5489,1
4184,2247,1
4185,1629,1
4185,2036,1
4185,2149,1
4185,4151,1
4186,1825,1
4187,1614,1
4187,1825,1
4188,712,1
4188,1403,1
4188,2466,1
4189,1192,1
4190,981,1
4191,770,1
4192,559,1
4193,348,1
4194,25,1
4194,137,1
4195,498,1
4195,8118,1
4196,3592,1
4196,7907,1
4197,2252,1
4197,7696,1
4198,6087,1
4198,7485,1
4199,7274,1
4200,1265,1
4200,7063,1
4201,1835,1
4201,2912,1
4201,6852,1
4202,6641,1
4203,6430,1
4204,1933,1
4204,6219,1
4205,1133,1
4205,2636,1
4205,6008,1
4206,2082,1
4206,5797,1
4207,5586,1
4208,5375,1
4209,2976,1
4209,3482,1
4209,5164,1
4209,5972,1
4210,4953,1
4210,6665,1
4211,4742,1
4212,4531,1
4212,7163,1
4212,7708,1
4213,701,1
4213,4320,1
4214,4109,1
4215,3898,1
4215,4290,1
4215,7386,1
4216,3687,1
4216,8131,1
4217,3476,1
4218,3265,1
4218,7583,1
4218,7623,1
4219,1562,1
4219,3054,1
4220,2843,1
4220,3713,1
4221,764,1
4221,2632,1
4222,2421,1
4222,4856,1
4222,4901,1
4222,7083,1
4223,2210,1
4223,6422,1
4224,1999,1
4225,1788,1
4226,1577,1
4226,2259,1
4226,5550,1
4227,1366,1
4227,4618,1
4228,1155,1
4228,2218,1
4228,2993,1
4229,681,1
4229,944,1
4230,733,1
4230,4863,1
4231,522,1
4231,5003,1
4232,311,1
4233,100,1
4234,8081,1
4235,7870,1
4236,7264,1
4236,7659,1
4237,4181,1
4237,5239,1
4237,7448,1
4238,7237,1
4239,5095,1
4239,7026,1
4240,6815,1
4241,6604,1
4242,4553,1
4242,6393,1
4243,5305,1
4243,5545,1
4243,6182,1
4244,1281,1
4244,5971,1
4245,738,1
4245,5760,1
4246,1191,1
4246,1410,1
4246,4276,1
4246,5549,1
4247,5338,1
4248,5127,1
4248,7377,1
4249,2381,1
4249,4916,1
4250,4705,1
4250,4714,1
4251,4343,1
4251,4494,1
4251,5199,1
4251,7144,1
4252,4283,1
4253,4072,1
4254,3861,1
4254,7194,1
4255,3650,1
4255,5065,1
4255,7783,1
4256,671,1
4256,3439,1
4257,3228,1
4257,4945,1
4258,3017,1
4259,866,1
4259,2656,1
4259,2806,1
4259,5200,1
4260,2303,1
4260,2595,1
4261,2384,1
4261,3609,1
4262,2173,1
4262,6731,1
4262,7233,1
4263,1678,1
4263,1962,1
4264,1751,1
4264,6190,1
4265,1540,1
4266,1329,1
4266,5311,1
4267,1118,1
4268,907,1
4268,7209,1
4269,696,1
4270,485,1
4270,6499,1
4271,274,1
4271,2664,1
4272,63,1
4272,4577,1
4273,7639,1
4273,8044,1
4274,471,1
4274,2721,1
4274,7833,1
4275,74,1
4275,5557,1
4275,7369,1
4275,7622,1
4276,3792,1
4276,5512,1
4276,7411,1
4277,318,1
4277,4656,1
4277,7200,1
4278,6989,1
4279,6778,1
4280,3399,1
4280,6567,1
4280,7096,1
4281,5952,1
4281,6356,1
4281,7258,1
4282,6145,1
4283,3414,1
4283,5934,1
4284,5723,1
4285,5512,1
4286,2116,1
4286,5301,1
4287,5090,1
4288,172,1
4288,3687,1
4288,4879,1
4289,4668,1
4290,1032,1
4290,4457,1
4291,4246,1
4292,3281,1
4292,4035,1
4292,5158,1
4293,3105,1
4293,3824,1
4294,2407,1
4294,2679,1
4294,3613,1
4295,2109,1
4295,3402,1
4295,4878,1
4295,6135,1
4296,1351,1
4296,3191,1
4297,2627,1
4297,2980,1
4297,7880,1
4298,2769,1
4299,2558,1
4299,6101,1
4300,2017,1
4300,2347,1
4301,2136,1
4302,1925,1
4303,1714,1
4303,4350,1
4304,1503,1
4304,2582,1
4304,4108,1
4305,1292,1
4306,1081,1
4306,5789,1
4307,299,1
4307,870,1
4307,8014,1
4308,659,1
4308,5611,1
4309,448,1
4309,521,1
4310,237,1
4310,3929,1
4310,7987,1
4311,26,1
4311,4578,1
4312,6385,1
4312,8007,1
4313,7796,1
4314,502,1
4314,2518,1
4314,7585,1
4315,3235,1
4315,7238,1
4315,7374,1
4316,1304,1
4316,7163,1
4317,6952,1
4318,2225,1
4318,6741,1
4319,6530,1
4319,7220,1
4320,1373,1
4320,1871,1
4320,5168,1
4320,6319,1
4320,7132,1
4321,6108,1
4322,5897,1
4322,6337,1
4323,5686,1
4324,4000,1
4324,5475,1
4325,373,1
4325,5264,1
4325,7690,1
4326,5053,1
4327,3501,1
4327,4842,1
4327,5526,1
4327,5945,1
4328,4631,1
4329,2654,1
4329,4420,1
4330,3004,1
4330,4209,1
4330,4291,1
4331,3998,1
4331,4473,1
4331,6955,1
4331,7681,1
4332,2864,1
4332,3787,1
4332,5338,1
4333,3576,1
4333,7450,1
4334,3365,1
4334,3789,1
4335,2738,1
4335,3154,1
4335,4984,1
4336,138,1
4336,2943,1
4337,2732,1
4337,7338,1
4338,1502,1
4338,1564,1
4338,2521,1
4339,2310,1
4339,2955,1
4340,2099,1
4340,4999,1
4340,5863,1
4340,7707,1
4341,1888,1
4341,7767,1
4342,1677,1
4342,3530,1
4343,1466,1
4344,1255,1
4344,2439,1
4345,1044,1
4346,833,1
4346,6128,1
4347,587,1
4347,622,1
4347,5031,1
4348,411,1
4348,4969,1
4349,200,1
4350,8181,1
4351,3232,1
4351,7970,1
4352,1324,1
4352,2429,1
4352,7759,1
4353,7548,1
4354,6323,1
4354,7337,1
4355,195,1
4355,1959,1
4355,2960,1
4355,7126,1
4356,1925,1
4356,6915,1
4357,4202,1
4357,6704,1
4358,1335,1
4358,6493,1
4359,576,1
4359,1556,1
4359,6282,1
4359,7661,1
4360,6071,1
4361,3435,1
4361,4336,1
4361,5453,1
4361,5860,1
4362,5649,1
4363,1507,1
4363,5438,1
4364,5227,1
4365,4032,1
4365,5016,1
4365,5156,1
4366,4805,1
4366,5400,1
4367,4594,1
4368,4383,1
4369,3629,1
4369,4172,1
4369,4371,1
4369,6571,1
4370,3020,1
4370,3961,1
4371,2350,1
4371,3750,1
4371,5598,1
4371,6329,1
4372,3539,1
4373,3328,1
4373,3918,1
4374,3117,1
4374,4865,1
4375,2906,1
4375,5033,1
4375,5047,1
4375,7522,1
4376,2695,1
4377,2179,1
4377,2484,1
4378,2273,1
4378,4580,1
4379,595,1
4379,2062,1
4380,1323,1
4380,1851,1
4381,1640,1
4382,1429,1
4383,1218,1
4384,1007,1
4384,4464,1
4385,796,1
4385,3791,1
4385,5853,1
4386,585,1
4387,374,1
4388,163,1
4388,1459,1
4388,2206,1
4388,2653,1
4389,6539,1
4389,8144,1
4390,7933,1
4391,6031,1
4391,7722,1
4391,7967,1
4392,3317,1
4392,7511,1
4393,904,1
4393,7300,1
4394,2175,1
4394,6997,1
4394,7025,1
4394,7089,1
4395,1755,1
4395,3422,1
4395,6878,1
4396,100,1
4396,6667,1
4396,8027,1
4397,6456,1
4398,4640,1
4398,6245,1
4399,926,1
4399,6034,1
4400,4384,1
4400,5823,1
4400,6489,1
4401,5612,1
4402,3434,1
4402,5373,1
4402,5401,1
4403,4073,1
4403,5190,1
4404,4979,1
4404,5480,1
4404,6282,1
4405,3816,1
4405,4768,1
4405,5964,1
4406,2359,1
4406,4557,1
4407,3358,1
4407,4346,1
4407,4731,1
4407,7901,1
4408,4135,1
4409,3924,1
4410,3713,1
4410,6522,1
4411,3502,1
4411,5261,1
4411,7321,1
4412,896,1
4412,3291,1
4413,3080,1
4414,2869,1
4415,2658,1
4415,6708,1
4416,2447,1
4417,2236,1
4418,2025,1
4418,3577,1
4419,1814,1
4419,2921,1
4420,1603,1
4420,2242,1
4420,3771,1
4421,1392,1
4421,7138,1
4422,1181,1
4423,970,1
4424,759,1
4424,7555,1
4425,548,1
4426,337,1
4427,126,1
4428,2892,1
4428,8107,1
4429,2592,1
4429,4240,1
4429,7896,1
4430,2631,1
4430,7685,1
4431,7474,1
4432,7263,1
4433,4582,1
4433,7052,1
4434,2022,1
4434,2119,1
4434,6841,1
4435,6630,1
4436,1115,1
4436,5904,1
4436,6419,1
4437,6208,1
4437,6640,1
4438,5997,1
4439,171,1
4439,5786,1
4440,5575,1
4441,5364,1
4442,2469,1
4442,2618,1
4442,5153,1
4443,4447,1
4443,4942,1
4444,1643,1
4444,4731,1
4444,4751,1
4444,4815,1
4445,4300,1
4445,4520,1
4445,5993,1
4446,4309,1
4447,4098,1
4448,3887,1
4449,3676,1
4450,3465,1
4450,7170,1
4451,3254,1
4451,5241,1
4452,3043,1
4452,4157,1
4452,5690,1
4452,6137,1
4453,2832,1
4453,3952,1
4453,6366,1
4454,2621,1
4455,2410,1
4455,5379,1
4455,7807,1
4456,2199,1
4456,3546,1
4456,4598,1
4456,4991,1
4457,1105,1
4457,1988,1
4458,1777,1
4458,7551,1
4459,36,1
4459,1566,1
4459,5903,1
4460,1355,1
4460,1993,1
4461,1144,1
4462,933,1
4462,6911,1
4462,7549,1
4463,722,1
4463,1721,1
4463,3120,1
4463,7259,1
4464,511,1
4465,300,1
4465,3564,1
4466,89,1
4466,7470,1
4467,1175,1
4467,8070,1
4468,5124,1
4468,7296,1
4468,7859,1
4468,7950,1
4469,7648,1
4470,1937,1
4470,3980,1
4470,7437,1
4471,7226,1
4472,1493,1
4472,7015,1
4473,3244,1
4473,6804,1
4474,6593,1
4474,7846,1
4475,6382,1
4476,5691,1
4476,6171,1
4477,2670,1
4477,5960,1
4478,5749,1
4479,4421,1
4479,5538,1
4480,5327,1
4480,6888,1
4480,7012,1
4481,597,1
4481,3425,1
4481,5116,1
4482,4905,1
4483,854,1
4483,4694,1
4484,4483,1
4485,4272,1
4486,3821,1
4486,4061,1
4487,3850,1
4487,5378,1
4488,64,1
4488,2150,1
4488,3639,1
4489,3428,1
4490,3217,1
4491,3006,1
4492,2795,1
4493,2584,1
4494,605,1
4494,2373,1
4494,7115,1
4495,2162,1
4495,5530,1
4496,1951,1
4496,2140,1
4496,6255,1
4497,1740,1
4497,5495,1
4498,1529,1
4498,4014,1
4499,1318,1
4500,183,1
4500,1107,1
4501,896,1
4501,8162,1
4502,685,1
4502,1840,1
4503,474,1
4504,263,1
4504,3063,1
4505,52,1
4506,2057,1
4506,7313,1
4506,8033,1
4507,7822,1
4507,7941,1
4508,7611,1
4509,7400,1
4510,4869,1
4510,7189,1
4511,4429,1
4511,5181,1
4511,6978,1
4512,6767,1
4513,2943,1
4513,6556,1
4514,6345,1
4514,6990,1
4515,6134,1
4515,6495,1
4516,1516,1
4516,3104,1
4516,5923,1
4517,2684,1
4517,5712,1
4518,5501,1
4519,5290,1
4520,1585,1
4520,5079,1
4520,5345,1
4521,4868,1
4522,4657,1
4523,4446,1
4524,1116,1
4524,3611,1
4524,4235,1
4524,5334,1
4525,4024,1
4526,3813,1
4526,7699,1
4527,3602,1
4527,5366,1
4527,5644,1
4528,3391,1
4528,4470,1
4529,3180,1
4530,2969,1
4531,2758,1
4532,2547,1
4533,2336,1
4534,2125,1
4534,2488,1
4535,1914,1
4535,3466,1
4536,1703,1
4536,6709,1
4536,7467,1
4537,1492,1
4538,1281,1
4539,1007,1
4539,1070,1
4539,2063,1
4539,6721,1
4539,7498,1
4540,255,1
4540,859,1
4541,648,1
4542,437,1
4543,226,1
4543,4095,1
4544,15,1
4544,4524,1
4544,6113,1
4545,2623,1
4545,4997,1
4545,7996,1
4546,7785,1
4547,4942,1
4547,7574,1
4548,289,1
4548,7363,1
4549,7152,1
4550,250,1
4550,6941,1
4551,6730,1
4552,5377,1
4552,6519,1
4553,169,1
4553,1409,1
4553,6308,1
4554,6097,1
4555,380,1
4555,3071,1
4555,5886,1
4556,5675,1
4557,5464,1
4558,5253,1
4559,2070,1
4559,5042,1
4560,1663,1
4560,4831,1
4561,4620,1
4562,4409,1
4563,4198,1
4564,3987,1
4564,6035,1
4565,3776,1
4565,8190,1
4566,3565,1
4567,3354,1
4568,3143,1
4568,5724,1
4569,2932,1
4570,2721,1
4571,2510,1
4571,5236,1
4572,2299,1
4572,3774,1
4572,3975,1
4572,5947,1
4573,2088,1
4573,3245,1
4573,5365,1
4574,1877,1
4574,3942,1
4575,793,1
4575,1666,1
4575,2851,1
4576,1425,1
4576,1455,1
4577,1244,1
4577,6558,1
4578,1033,1
4579,822,1
4580,611,1
4581,400,1
4582,189,1
4582,4795,1
4583,7787,1
4583,8170,1
4584,3860,1
4584,6424,1
4584,7959,1
4585,7748,1
4586,7537,1
4587,7326,1
4587,7611,1
4588,7115,1
4589,6904,1
4590,3706,1
4590,6693,1
4591,6482,1
4592,6271,1
4592,7236,1
4593,4223,1
4593,6060,1
4593,6290,1
4594,2694,1
4594,5849,1
4595,5638,1
4596,5427,1
4597,5216,1
4597,5692,1
4598,3837,1
4598,5005,1
4599,4794,1
4600,4583,1
4601,1845,1
4601,4372,1
4601,6604,1
4601,7169,1
4602,4161,1
4602,4574,1
4603,1238,1
4603,2896,1
4603,3950,1
4604,3739,1
4605,440,1
4605,888,1
4605,1075,1
4605,3528,1
4606,2334,1
4606,3317,1
4607,3106,1
4607,7909,1
4608,2610,1
4608,2895,1
4608,7020,1
4609,1956,1
4609,2684,1
4609,6996,1
4610,2473,1
4610,5503,1
4611,2262,1
4612,2051,1
4613,1840,1
4613,2767,1
4614,1213,1
4614,1317,1
4614,1629,1
4614,4549,1
4615,1418,1
4616,1207,1
4617,996,1
4617,3429,1
4618,785,1
4619,574,1
4619,2526,1
4620,363,1
4621,152,1
4621,2954,1
4622,6953,1
4622,8133,1
4623,6286,1
4623,7922,1
4624,732,1
4624,7711,1
4625,7500,1
4626,6856,1
4626,7289,1
4627,740,1
4627,7078,1
4627,7927,1
4628,1986,1
4628,6389,1
4628,6867,1
4629,6656,1
4630,2202,1
4630,6000,1
4630,6445,1
4631,6234,1
4632,4374,1
4632,6023,1
4633,2772,1
4633,5812,1
4634,5601,1
4635,689,1
4635,5390,1
4636,5179,1
4637,1309,1
4637,4968,1
4637,6565,1
4638,4757,1
4639,4546,1
4640,4335,1
4640,7774,1
4641,2531,1
4641,4124,1
4641,7982,1
4642,3913,1
4643,1253,1
4643,3702,1
4643,5959,1
4644,3491,1
4644,4592,1
4645,3280,1
4646,954,1
4646,3069,1
4646,6805,1
4647,2858,1
4647,3829,1
4648,2647,1
4648,5758,1
4649,2436,1
4649,5224,1
4650,2214,1
4650,2225,1
4650,3903,1
4651,2014,1
4651,2387,1
4651,3949,1
4652,1803,1
4653,1592,1
4653,7650,1
4654,1154,1
4654,1381,1
4655,1170,1
4655,2782,1
4656,392,1
4656,959,1
4656,3348,1
4656,3766,1
4657,482,1
4657,748,1
4658,537,1
4659,326,1
4659,3626,1
4660,115,1
4661,4716,1
4661,8096,1
4662,7885,1
4662,8185,1
4663,7674,1
4664,1441,1
4664,7463,1
4665,7252,1
4666,1911,1
4666,3560,1
4666,7041,1
4667,6779,1
4667,6830,1
4668,6619,1
4669,1050,1
4669,4864,1
4669,6408,1
4670,6197,1
4671,5986,1
4672,3502,1
4672,5198,1
4672,5775,1
4672,6675,1
4673,4461,1
4673,5564,1
4674,874,1
4674,5353,1
4674,5950,1
4675,5142,1
4676,411,1
4676,4931,1
4676,6543,1
4676,7761,1
4677,3337,1
4677,4720,1
4678,390,1
4678,2006,1
4678,4509,1
4679,4298,1
4680,4087,1
4681,3876,1
4681,6349,1
4682,3665,1
4683,3454,1
4683,5937,1
4683,6534,1
4683,6554,1
4683,7147,1
4684,3243,1
4685,2477,1
4685,3032,1
4686,2821,1
4686,4403,1
4687,501,1
4687,2610,1
4688,2399,1
4688,5157,1
4689,2188,1
4689,2424,1
4690,1977,1
4691,1766,1
4692,1555,1
4693,1344,1
4693,6063,1
4694,1133,1
4694,2619,1
4694,4788,1
4695,922,1
4695,2629,1
4696,711,1
4696,8160,1
4697,500,1
4697,3959,1
4698,289,1
4699,78,1
4699,1126,1
4700,8059,1
4701,3941,1
4701,7848,1
4702,7637,1
4703,7426,1
4704,6242,1
4704,7215,1
4705,2301,1
4705,3491,1
4705,7004,1
4706,294,1
4706,3179,1
4706,6793,1
4707,6582,1
4708,6371,1
4709,6160,1
4710,5406,1
4710,5949,1
4711,5738,1
4712,761,1
4712,3318,1
4712,5527,1
4713,5316,1
4714,5105,1
4714,8088,1
4715,4894,1
4715,5103,1
4716,4683,1
4716,7166,1
4716,7482,1
4717,4472,1
4718,4261,1
4719,3724,1
4719,4050,1
4720,1529,1
4720,1658,1
4720,3839,1
4721,3628,1
4721,8002,1
4722,826,1
4722,3065,1
4722,3417,1
4722,4355,1
4722,5061,1
4722,6321,1
4723,803,1
4723,3206,1
4723,4390,1
4724,152,1
4724,2995,1
4725,2784,1
4726,2573,1
4726,3359,1
4727,2362,1
4728,2151,1
4728,3138,1
4728,7726,1
4729,1940,1
4729,3852,1
4729,8018,1
4730,1729,1
4730,2338,1
4731,816,1
4731,1518,1
4731,4212,1
4732,1307,1
4733,1096,1
4733,2215,1
4733,8022,1
4734,885,1
4735,674,1
4736,463,1
4736,1636,1
4737,252,1
4737,1089,1
4737,2237,1
4737,6760,1
4738,41,1
4738,6562,1
4739,8022,1
4740,7811,1
4741,7600,1
4742,4275,1
4742,7389,1
4743,7178,1
4744,364,1
4744,6967,1
4745,2112,1
4745,6756,1
4746,6545,1
4747,6334,1
4748,6123,1
4749,5912,1
4749,6211,1
4750,5701,1
4751,5490,1
4752,1630,1
4752,5279,1
4753,3890,1
4753,5068,1
4754,4857,1
4755,4551,1
4755,4646,1
4756,1043,1
4756,4435,1
4757,4224,1
4757,7049,1
4758,1094,1
4758,4013,1
4759,3802,1
4759,5657,1
4760,1371,1
4760,3591,1
4761,3380,1
4762,3169,1
4763,603,1
4763,2958,1
4763,3945,1
4764,2148,1
4764,2747,1
4765,2536,1
4766,2325,1
4766,5177,1
4766,7948,1
4767,2114,1
4767,5438,1
4768,1903,1
4768,7399,1
4769,1692,1
4769,2680,1
4770,1416,1
4770,1481,1
4770,1550,1
4771,1270,1
4771,2173,1
4771,2494,1
4771,5384,1
4771,5811,1
4772,1059,1
4772,6025,1
4773,848,1
4774,483,1
4774,637,1
4774,4513,1
4774,5556,1
4774,6306,1
4775,426,1
4775,5457,1
4776,215,1
4776,7771,1
4777,4,1
4777,1412,1
4777,2062,1
4778,7985,1
4779,7774,1
4780,7563,1
4781,7352,1
4782,2402,1
4782,7141,1
4782,8169,1
4783,4078,1
4783,6930,1
4783,7550,1
4784,6719,1
4785,2385,1
4785,3477,1
4785,5279,1
4785,6508,1
4785,7300,1
4786,6297,1
4787,6086,1
4787,7331,1
4788,1235,1
4788,5875,1
4788,6601,1
4788,6880,1
4788,7972,1
4789,199,1
4789,5664,1
4790,1077,1
4790,5453,1
4791,5242,1
4792,4501,1
4792,5031,1
4793,540,1
4793,4820,1
4793,6008,1
4794,4609,1
4795,3573,1
4795,4398,1
4796,3604,1
4796,4187,1
4797,3976,1
4798,1850,1
4798,3765,1
4799,3554,1
4799,4198,1
4800,3343,1
4800,4438,1
4800,5296,1
4800,6934,1
4801,3132,1
4802,2921,1
4803,2710,1
4803,4299,1
4804,2499,1
4805,1274,1
4805,2288,1
4805,3073,1
4806,2077,1
4806,7899,1
4807,1866,1
4807,6213,1
4808,1655,1
4809,1444,1
4810,1233,1
4810,5428,1
4810,6159,1
4811,1022,1
4811,1058,1
4812,811,1
4812,2393,1
4812,2873,1
4813,600,1
4813,1985,1
4813,5151,1
4814,389,1
4814,3222,1
4815,178,1
4816,2118,1
4816,8159,1
4817,2996,1
4817,7948,1
4818,1243,1
4818,2199,1
4818,3749,1
4818,6876,1
4818,7737,1
4819,6247,1
4819,7526,1
4820,7315,1
4821,7104,1
4822,6893,1
4823,5599,1
4823,6682,1
4824,951,1
4824,2288,1
4824,2890,1
4824,6471,1
4825,1758,1
4825,6260,1
4826,2812,1
4826,5602,1
4826,6049,1
4827,2535,1
4827,5488,1
4827,5838,1
4828,5627,1
4829,4626,1
4829,5416,1
4829,7943,1
4830,5205,1
4830,5628,1
4831,647,1
4831,955,1
4831,4994,1
4831,7208,1
4832,4783,1
4832,6561,1
4832,6645,1
4833,4572,1
4834,4361,1
4835,4150,1
4836,260,1
4836,2426,1
4836,3939,1
4836,4652,1
4836,7273,1
4837,834,1
4837,1690,1
4837,2046,1
4837,3728,1
4837,6228,1
4837,7218,1
4838,3517,1
4839,3306,1
4840,1642,1
4840,3095,1
4841,2884,1
4842,2673,1
4843,2462,1
4844,1515,1
4844,2251,1
4845,2040,1
4846,1829,1
4847,1618,1
4848,1407,1
4848,6605,1
4849,1196,1
4849,3221,1
4849,3570,1
4850,985,1
4851,774,1
4851,8103,1
4852,563,1
4852,2978,1
4853,320,1
4853,352,1
4853,5440,1
4854,141,1
4855,1276,1
4855,8122,1
4856,5705,1
4856,7911,1
4857,2482,1
4857,7700,1
4858,1828,1
4858,7426,1
4858,7489,1
4859,1784,1
4859,7278,1
4859,7604,1
4860,1370,1
4860,4979,1
4860,7067,1
4861,6856,1
4862,5698,1
4862,6645,1
4862,7006,1
4862,7889,1
4863,3047,1
4863,5104,1
4863,6434,1
4864,6223,1
4865,3769,1
4865,4163,1
4865,6012,1
4865,6359,1
4866,5801,1
4867,323,1
4867,1439,1
4867,3995,1
4867,5590,1
4867,7556,1
4867,7925,1
4868,5045,1
4868,5379,1
4868,5679,1
4869,5168,1
4870,4957,1
4870,7177,1
4871,4746,1
4872,4469,1
4872,4535,1
4872,7568,1
4872,8015,1
4873,549,1
4873,4324,1
4873,6344,1
4874,4113,1
4875,3121,1
4875,3902,1
4876,3691,1
4876,5105,1
4877,1640,1
4877,2648,1
4877,3480,1
4878,3269,1
4879,3058,1
4879,3887,1
4880,2847,1
4880,4457,1
4881,2636,1
4881,4572,1
4881,7505,1
4882,2425,1
4882,5466,1
4883,1736,1
4883,2214,1
4884,1536,1
4884,2003,1
4884,4867,1
4885,394,1
4885,1792,1
4885,3689,1
4886,1357,1
4886,1581,1
4886,2987,1
4887,1370,1
4888,1159,1
4888,4757,1
4889,948,1
4890,196,1
4890,737,1
4890,6394,1
4891,526,1
4892,315,1
4893,104,1
4893,3230,1
4893,6311,1
4894,2642,1
4894,8085,1
4894,8150,1
4895,7874,1
4896,3484,1
4896,7663,1
4897,7452,1
4898,3215,1
4898,4104,1
4898,7241,1
4898,7393,1
4899,3003,1
4899,7030,1
4900,5425,1
4900,6819,1
4901,6608,1
4901,8077,1
4902,631,1
4902,6397,1
4903,6186,1
4903,7641,1
4904,5975,1
4905,5764,1
4906,5553,1
4907,4894,1
4907,5342,1
4907,5435,1
4908,5131,1
4909,4920,1
4909,4963,1
4910,4709,1
4910,7843,1
4911,4498,1
4911,4879,1
4912,4287,1
4912,5513,1
4913,2161,1
4913,4076,1
4913,7311,1
4914,1706,1
4914,3865,1
4915,3654,1
4915,5394,1
4916,3443,1
4916,3858,1
4916,7248,1
4917,3232,1
4917,7297,1
4917,7569,1
4917,8070,1
4918,3021,1
4919,2810,1
4919,7709,1
4920,886,1
4920,2599,1
4920,7840,1
4921,524,1
4921,840,1
4921,2388,1
4921,5500,1
4922,2177,1
4923,1966,1
4924,1755,1
4925,1544,1
4926,1333,1
4927,1122,1
4927,8132,1
4928,911,1
4928,5450,1
4929,700,1
4929,957,1
4929,4248,1
4930,489,1
4931,278,1
4931,4459,1
4932,67,1
4932,7675,1
4933,1492,1
4933,8048,1
4934,5590,1
4934,5777,1
4934,7837,1
4935,7626,1
4936,7415,1
4937,4127,1
4937,7204,1
4938,5350,1
4938,6993,1
4939,6782,1
4940,6571,1
4941,4796,1
4941,6360,1
4942,6149,1
4943,5050,1
4943,5938,1
4944,5727,1
4945,1972,1
4945,5516,1
4946,5305,1
4947,5094,1
4948,3820,1
4948,4883,1
4949,4672,1
4950,4461,1
4951,3258,1
4951,4250,1
4951,7159,1
4952,4039,1
4953,3828,1
4954,16,1
4954,3617,1
4954,6084,1
4955,3406,1
4955,7750,1
4955,8029,1
4956,3195,1
4957,2984,1
4957,5217,1
4958,2773,1
4958,3572,1
4959,2562,1
4959,6629,1
4960,2351,1
4961,1260,1
4961,2140,1
4962,1929,1
4963,1718,1
4964,1507,1
4965,1296,1
4965,5117,1
4966,1085,1
4967,874,1
4968,663,1
4968,6771,1
4969,452,1
4969,7223,1
4970,241,1
4970,7584,1
4971,30,1
4971,3964,1
4972,8011,1
4973,2315,1
4973,7800,1
4974,4242,1
4974,7589,1
4975,7378,1
4976,780,1
4976,4026,1
4976,7167,1
4977,4077,1
4977,6215,1
4977,6956,1
4977,7127,1
4978,983,1
4978,3420,1
4978,6745,1
4979,5071,1
4979,6534,1
4980,2231,1
4980,6323,1
4981,2016,1
4981,6112,1
4982,1272,1
4982,5901,1
4983,88,1
4983,5690,1
4983,6227,1
4984,5479,1
4985,5268,1
4985,6171,1
4986,4957,1
4986,5057,1
4987,223,1
4987,4846,1
4988,3419,1
4988,4635,1
4989,2944,1
4989,4424,1
4989,5742,1
4990,4213,1
4991,4002,1
4992,3791,1
4992,7433,1
4993,3580,1
4994,3369,1
4995,1685,1
4995,3158,1
4995,7702,1
4996,2947,1
4996,6010,1
4997,1987,1
4997,2736,1
4997,3509,1
4997,3583,1
4997,4476,1
4997,5082,1
4998,2525,1
4998,6293,1
4999,1377,1
4999,2314,1
4999,4606,1
5000,700,1
5000,2103,1
5000,3301,1
5000,5818,1
5001,1892,1
5001,6080,1
5002,1681,1
5002,3654,1
5003,189,1
5003,893,1
5003,1470,1
5004,1259,1
5004,3208,1
5004,4944,1
5005,1048,1
5005,1910,1
5006,837,1
5007,626,1
5008,415,1
5008,529,1
5009,204,1
5009,872,1
5010,8185,1
5011,2299,1
5011,6485,1
5011,6492,1
5011,7974,1
5012,7763,1
5013,7552,1
5014,2879,1
5014,7341,1
5015,7130,1
5016,1060,1
5016,5091,1
5016,6919,1
5017,6708,1
5018,283,1
5018,6497,1
5019,6286,1
5020,2248,1
5020,3944,1
5020,6075,1
5021,5864,1
5022,5653,1
5023,5442,1
5024,219,1
5024,5231,1
5024,8037,1
5025,5020,1
5026,4809,1
5026,6170,1
5027,4598,1
5028,4387,1
5029,4176,1
5030,3965,1
5030,4378,1
5030,4953,1
5030,5011,1
5031,3224,1
5031,3754,1
5032,3543,1
5032,5310,1
5033,3332,1
5033,6276,1
5034,3121,1
5035,2910,1
5035,5822,1
5036,2699,1
5036,5515,1
5037,1510,1
5037,2488,1
5037,6122,1
5037,6740,1
5038,2277,1
5038,6115,1
5039,1617,1
5039,2066,1
5039,6026,1
5040,1855,1
5040,3459,1
5041,1644,1
5041,3471,1
5042,1327,1
5042,1433,1
5043,1222,1
5044,1011,1
5044,4061,1
5044,7378,1
5045,800,1
5045,1586,1
5045,5757,1
5046,589,1
5046,775,1
5047,378,1
5047,4039,1
5047,6976,1
5047,7116,1
5048,167,1
5049,3296,1
5049,8148,1
5050,5067,1
5050,6631,1
5050,7937,1
5051,7726,1
5052,7515,1
5053,6469,1
5053,7304,1
5054,563,1
5054,7017,1
5054,7093,1
5055,5963,1
5055,6608,1
5055,6882,1
5056,6671,1
5057,6460,1
5057,7598,1
5058,1360,1
5058,2183,1
5058,6249,1
5059,2644,1
5059,3545,1
5059,6038,1
5060,3209,1
5060,5827,1
5061,5616,1
5062,5405,1
5063,5194,1
5064,4983,1
5065,1531,1
5065,4772,1
5066,4281,1
5066,4561,1
5067,4350,1
5067,6104,1
5068,2527,1
5068,4139,1
5068,4771,1
5069,3928,1
5070,3717,1
5071,3506,1
5072,2442,1
5072,3295,1
5073,711,1
5073,3084,1
5074,2873,1
5074,6013,1
5075,2662,1
5075,5146,1
5076,844,1
5076,2451,1
5077,1548,1
5077,2240,1
5077,3584,1
5077,3647,1
5078,2029,1
5079,1818,1
5080,1607,1
5081,1396,1
5081,2538,1
5081,7855,1
5082,1185,1
5082,3696,1
5082,6205,1
5082,7578,1
5083,974,1
5084,763,1
5084,7878,1
5085,552,1
5086,341,1
5086,6277,1
5087,130,1
5087,7821,1
5088,1773,1
5088,8111,1
5089,6835,1
5089,7885,1
5089,7900,1
5090,769,1
5090,2512,1
5090,2860,1
5090,7689,1
5091,7478,1
5092,7267,1
5093,7056,1
5094,3614,1
5094,6507,1
5094,6845,1
5095,6634,1
5096,6423,1
5097,1446,1
5097,5203,1
5097,6212,1
5098,4602,1
5098,5699,1
5098,6001,1
5098,7173,1
5099,5790,1
5099,6741,1
5099,7900,1
5100,4935,1
5100,5579,1
5101,5368,1
5102,5157,1
5103,3310,1
5103,3677,1
5103,4946,1
5104,4735,1
5104,5265,1
5105,4524,1
5105,5510,1
5105,5578,1
5106,4313,1
5106,5271,1
5107,4102,1
5107,5879,1
5108,3891,1
5108,6745,1
5109,3680,1
5110,3469,1
5111,3258,1
5111,5677,1
5111,7267,1
5112,3047,1
5112,5196,1
5113,2836,1
5113,6484,1
5114,1942,1
5114,2625,1
5115,2414,1
5116,2203,1
5116,2725,1
5117,1992,1
5117,6094,1
5118,1781,1
5118,7242,1
5119,1570,1
5119,2244,1
5119,6583,1
5120,1359,1
5120,4293,1
5120,4506,1
5120,4824,1
5120,7219,1
5121,1148,1
5121,3764,1
5122,937,1
5122,1475,1
5123,726,1
5123,814,1
5123,3481,1
5124,515,1
5124,2386,1
5125,304,1
5125,1978,1
5126,93,1
5126,4069,1
5127,8074,1
5128,7863,1
5129,5536,1
5129,7652,1
5130,7441,1
5131,1962,1
5131,5808,1
5131,7230,1
5132,3456,1
5132,3490,1
5132,5986,1
5132,7019,1
5132,8111,1
5133,5391,1
5133,6808,1
5134,6597,1
5135,6386,1
5136,6175,1
5136,8110,1
5137,5964,1
5138,5753,1
5139,4980,1
5139,5542,1
5139,8007,1
5140,5331,1
5140,6542,1
5141,3066,1
5141,3703,1
5141,4939,1
5141,5120,1
5141,5207,1
5142,4829,1
5142,4909,1
5143,958,1
5143,4698,1
5144,4487,1
5144,4874,1
5145,4276,1
5145,5432,1
5146,3857,1
5146,4065,1
5146,5778,1
5147,3854,1
5148,3643,1
5148,3869,1
5148,3965,1
5149,3432,1
5150,3221,1
5151,3010,1
5152,2799,1
5153,2588,1
5153,5868,1
5153,6330,1
5154,2377,1
5154,6873,1
5155,1157,1
5155,2166,1
5155,3685,1
5156,1955,1
5157,765,1
5157,1744,1
5157,6735,1
5158,1533,1
5158,2979,1
5159,1322,1
5159,4033,1
5160,48,1
5160,1111,1
5160,2137,1
5161,900,1
5161,1648,1
5162,174,1
5162,689,1
5163,478,1
5163,7158,1
5164,267,1
5165,56,1
5165,7354,1
5166,2241,1
5166,8037,1
5167,7693,1
5167,7826,1
5168,7615,1
5169,465,1
5169,3270,1
5169,5933,1
5169,7404,1
5169,7779,1
5170,7193,1
5171,6982,1
5172,2659,1
5172,6771,1
5173,6560,1
5174,4497,1
5174,6349,1
5174,6798,1
5175,1468,1
5175,6138,1
5175,7715,1
5176,5927,1
5176,6169,1
5177,895,1
5177,2170,1
5177,5716,1
5177,7327,1
5178,5505,1
5178,5891,1
5179,5294,1
5179,6511,1
5180,5083,1
5181,1250,1
5181,4872,1
5181,7712,1
5182,4661,1
5183,4450,1
5183,6454,1
5184,4239,1
5185,4028,1
5186,3817,1
5187,733,1
5187,2365,1
5187,3606,1
5188,3395,1
5188,4954,1
5188,5421,1
5189,3184,1
5190,2973,1
5191,2762,1
5191,3131,1
5192,2551,1
5192,5988,1
5193,38,1
5193,2340,1
5193,4800,1
5194,2129,1
5195,1918,1
5195,5876,1
5195,7413,1
5196,1707,1
5197,1496,1
5197,3349,1
5198,1285,1
5198,2443,1
5198,5786,1
5199,1074,1
5199,5487,1
5200,470,1
5200,863,1
5200,6703,1
5201,652,1
5202,441,1
5203,230,1
5203,2446,1
5203,4007,1
5204,19,1
5204,2073,1
5204,3158,1
5204,6425,1
5204,7752,1
5205,2135,1
5205,3323,1
5205,4877,1
5205,8000,1
5206,307,1
5206,1263,1
5206,7789,1
5207,7578,1
5207,7816,1
5208,7367,1
5209,3275,1
5209,6271,1
5209,7156,1
5210,950,1
5210,5381,1
5210,5588,1
5210,5867,1
5210,6945,1
5211,6734,1
5212,6523,1
5212,6841,1
5212,8134,1
5213,6312,1
5214,3955,1
5214,5833,1
5214,6101,1
5215,5890,1
5215,7429,1
5216,4229,1
5216,5679,1
5216,6973,1
5217,1496,1
5217,4888,1
5217,5468,1
5217,6655,1
5218,4052,1
5218,5257,1
5219,5046,1
5220,4629,1
5220,4835,1
5220,5752,1
5221,4624,1
5222,3198,1
5222,3369,1
5222,4413,1
5223,4202,1
5223,4678,1
5223,6808,1
5224,3991,1
5224,5953,1
5225,3780,1
5225,5956,1
5226,3569,1
5226,3720,1
5227,1158,1
5227,3358,1
5228,2666,1
5228,2835,1
5228,3147,1
5228,5132,1
5229,2936,1
5229,4101,1
5229,6592,1
5230,26,1
5230,1311,1
5230,2725,1
5231,2506,1
5231,2514,1
5231,3320,1
5231,7607,1
5232,2303,1
5232,5194,1
5233,2092,1
5233,3790,1
5233,7507,1
5234,1881,1
5234,3293,1
5235,1670,1
5235,6494,1
5236,1459,1
5236,4703,1
5237,1248,1
5237,1443,1
5237,2391,1
5238,1037,1
5239,335,1
5239,826,1
5239,5587,1
5240,615,1
5240,1005,1
5240,1234,1
5241,404,1
5241,1922,1
5241,3772,1
5242,193,1
5243,8174,1
5244,948,1
5244,2816,1
5244,6724,1
5244,7963,1
5245,7752,1
5246,4743,1
5246,6726,1
5246,7541,1
5247,1382,1
5247,7330,1
5248,1527,1
5248,3808,1
5248,7119,1
5249,5423,1
5249,6908,1
5249,7383,1
5250,727,1
5250,6697,1
5251,537,1
5251,6486,1
5252,683,1
5252,6275,1
5253,6064,1
5253,7439,1
5254,1257,1
5254,5853,1
5254,8073,1
5255,3974,1
5255,5642,1
5256,5431,1
5256,7342,1
5257,1189,1
5257,5220,1
5258,2950,1
5258,5009,1
5259,3070,1
5259,4798,1
5260,882,1
5260,1984,1
5260,4587,1
5261,2556,1
5261,4376,1
5262,4165,1
5262,7552,1
5263,3954,1
5264,3743,1
5265,3532,1
5266,3321,1
5266,4786,1
5267,3110,1
5267,7404,1
5268,1398,1
5268,2899,1
5268,4547,1
5269,2688,1
5270,2477,1
5270,7838,1
5271,2266,1
5272,509,1
5272,2055,1
5273,1844,1
5274,454,1
5274,1633,1
5275,1422,1
5275,3531,1
5275,4210,1
5276,1211,1
5276,4098,1
5277,1000,1
5277,5908,1
5277,6166,1
5277,8013,1
5278,789,1
5279,578,1
5279,5456,1
5280,367,1
5281,156,1
5282,8137,1
5283,2226,1
5283,4059,1
5283,7926,1
5284,3345,1
5284,7715,1
5284,8152,1
5285,7504,1
5285,8187,1
5286,185,1
5286,7293,1
5287,7082,1
5288,6871,1
5289,511,1
5289,6660,1
5290,239,1
5290,2453,1
5290,3064,1
5290,6239,1
5290,6449,1
5291,2761,1
5291,4168,1
5291,5884,1
5291,6238,1
5292,153,1
5292,6027,1
5292,6298,1
5293,3142,1
5293,5816,1
5293,7135,1
5294,5605,1
5295,5394,1
5296,5183,1
5297,4972,1
5297,5165,1
5297,6275,1
5298,4761,1
5299,1620,1
5299,4550,1
5299,5001,1
5299,5213,1
5300,4339,1
5301,4128,1
5302,3917,1
5303,3706,1
5304,3495,1
5305,70,1
5305,3284,1
5305,4369,1
5305,7884,1
5306,3073,1
5307,2862,1
5308,1587,1
5308,2651,1
5308,6797,1
5309,1520,1
5309,2440,1
5310,880,1
5310,2229,1
5310,3167,1
5310,5910,1
5311,2018,1
5311,3187,1
5311,5525,1
5312,1807,1
5313,1596,1
5314,1385,1
5314,3449,1
5314,4993,1
5314,7773,1
5315,1174,1
5316,173,1
5316,963,1
5317,752,1
5318,541,1
5319,330,1
5320,119,1
5320,4632,1
5320,5424,1
5321,8100,1
5322,7777,1
5322,7889,1
5323,7269,1
5323,7678,1
5324,7467,1
5324,7907,1
5325,6397,1
5325,7256,1
5326,4689,1
5326,7045,1
5327,3260,1
5327,6834,1
5328,6623,1
5329,78,1
5329,6412,1
5329,6437,1
5330,358,1
5330,6201,1
5331,5990,1
5332,5779,1
5333,5568,1
5334,4854,1
5334,5357,1
5335,5146,1
5335,5542,1
5336,4935,1
5337,654,1
5337,4724,1
5337,5560,1
5338,1431,1
5338,4513,1
5339,2942,1
5339,4302,1
5340,4091,1
5341,3271,1
5341,3880,1
5341,6728,1
5342,3219,1
5342,3669,1
5343,3458,1
5344,2437,1
5344,3247,1
5344,3384,1
5345,3036,1
5345,3517,1
5345,6676,1
5346,2825,1
5347,1552,1
5347,2614,1
5348,2403,1
5348,4768,1
5349,2192,1
5350,1981,1
5351,1770,1
5352,1019,1
5352,1481,1
5352,1559,1
5352,2372,1
5352,2786,1
5353,1348,1
5354,1137,1
5355,926,1
5355,1479,1
5356,504,1
5356,715,1
5357,504,1
5358,293,1
5358,1246,1
5358,6909,1
5358,7801,1
5359,82,1
5359,1675,1
5360,503,1
5360,2540,1
5360,8063,1
5361,6700,1
5361,6722,1
5361,7852,1
5362,2560,1
5362,3853,1
5362,3870,1
5362,4231,1
5362,7641,1
5363,7430,1
5364,4486,1
5364,7219,1
5365,6427,1
5365,7008,1
5365,7942,1
5366,6797,1
5367,6586,1
5368,6375,1
5369,3392,1
5369,6007,1
5369,6164,1
5370,870,1
5370,966,1
5370,5953,1
5371,5742,1
5372,3261,1
5372,5531,1
5373,5320,1
5374,5109,1
5375,4898,1
5376,362,1
5376,2296,1
5376,3130,1
5376,4687,1
5377,4476,1
5378,1473,1
5378,4265,1
5379,4054,1
5379,4217,1
5380,1087,1
5380,3843,1
5381,3632,1
5382,84,1
5382,3421,1
5383,3210,1
5384,2290,1
5384,2999,1
5384,5184,1
5384,6974,1
5385,2788,1
5386,2577,1
5387,2366,1
5388,1849,1
5388,2155,1
5388,4948,1
5388,6265,1
5388,7164,1
5389,1944,1
5389,4573,1
5390,1733,1
5390,7570,1
5391,1522,1
5391,7588,1
5392,1311,1
5393,1100,1
5393,4008,1
5393,8021,1
5394,889,1
5394,2615,1
5394,7959,1
5395,678,1
5395,5264,1
5396,467,1
5396,932,1
5396,2246,1
5396,6569,1
5397,256,1
5397,2516,1
5397,3058,1
5397,6999,1
5398,45,1
5398,3880,1
5399,8026,1
5400,7815,1
5401,7112,1
5401,7604,1
5401,7811,1
5402,2956,1
5402,3184,1
5402,4667,1
5402,7393,1
5403,7182,1
5404,4003,1
5404,6971,1
5405,6760,1
5406,3561,1
5406,6549,1
5406,6657,1
5407,3843,1
5407,6338,1
5408,6127,1
5409,388,1
5409,5916,1
5410,4150,1
5410,4424,1
5410,5705,1
5411,5494,1
5412,3470,1
5412,5283,1
5412,6957,1
5413,242,1
5413,5072,1
5414,1693,1
5414,2463,1
5414,4861,1
5414,6580,1
5415,4650,1
5416,590,1
5416,1543,1
5416,4439,1
5417,4228,1
5418,4017,1
5419,2397,1
5419,3394,1
5419,3806,1
5420,1480,1
5420,3595,1
5421,384,1
5421,3384,1
5422,3173,1
5423,42,1
5423,2682,1
5423,2962,1
5423,3160,1
5424,1864,1
5424,2751,1
5424,6002,1
5424,6714,1
5424,7963,1
5425,2540,1
5425,2774,1
5425,4813,1
5425,7431,1
5426,2171,1
5426,2329,1
5427,902,1
5427,2118,1
5428,1907,1
5428,7343,1
5429,1696,1
5429,4216,1
5430,1485,1
5430,4391,1
5431,1274,1
5432,1063,1
5433,852,1
5433,7472,1
5434,641,1
5434,6551,1
5434,7298,1
5435,430,1
5436,219,1
5437,8,1
5437,4206,1
5438,1589,1
5438,4909,1
5438,7989,1
5439,1406,1
5439,2011,1
5439,7778,1
5440,7567,1
5441,2228,1
5441,2759,1
5441,7356,1
5442,573,1
5442,7145,1
5443,5518,1
5443,6132,1
5443,6934,1
5444,6723,1
5444,7397,1
5445,6512,1
5446,6301,1
5447,1448,1
5447,1991,1
5447,6090,1
5448,5879,1
5448,7558,1
5449,747,1
5449,5668,1
5449,5711,1
5450,4148,1
5450,5457,1
5450,7275,1
5451,5219,1
5451,5246,1
5452,690,1
5452,3999,1
5452,5035,1
5453,804,1
5453,4824,1
5454,4613,1
5455,837,1
5455,4402,1
5456,4191,1
5456,5131,1
5456,5870,1
5456,7064,1
5457,3980,1
5458,3769,1
5459,1641,1
5459,2696,1
5459,3558,1
5460,2098,1
5460,3347,1
5461,3136,1
5462,2925,1
5462,6272,1
5463,2714,1
5464,2503,1
5465,2292,1
5465,3807,1
5466,2081,1
5467,1870,1
5468,1659,1
5468,2203,1
5468,6016,1
5469,1448,1
5470,1237,1
5470,6285,1
5471,1026,1
5471,6780,1
5472,815,1
5472,7775,1
5473,604,1
5474,393,1
5475,182,1
5476,8163,1
5477,7402,1
5477,7952,1
5477,8059,1
5478,7741,1
5479,7530,1
5479,7649,1
5480,1679,1
5480,2384,1
5480,7319,1
5481,7108,1
5482,4990,1
5482,6897,1
5483,6328,1
5483,6686,1
5484,3264,1
5484,5276,1
5484,6083,1
5484,6475,1
5485,6264,1
5486,5286,1
5486,6053,1
5487,648,1
5487,5842,1
5487,6595,1
5488,5631,1
5488,7302,1
5488,7434,1
5489,1660,1
5489,2971,1
5489,5420,1
5490,4516,1
5490,5209,1
5491,4575,1
5491,4998,1
5492,3946,1
5492,4787,1
5493,4576,1
5494,849,1
5494,4365,1
5495,2534,1
5495,4154,1
5496,3943,1
5497,3732,1
5498,3521,1
5499,3310,1
5499,3485,1
5500,3018,1
5500,3099,1
5501,2888,1
5502,2337,1
5502,2677,1
5503,2466,1
5504,1068,1
5504,1999,1
5504,2255,1
5504,5840,1
5505,2044,1
5506,1833,1
5507,1622,1
5507,3690,1
5507,5561,1
5508,1411,1
5509,1200,1
5510,989,1
5511,778,1
5512,567,1
5512,1631,1
5512,6860,1
5513,356,1
5513,7969,1
5514,145,1
5515,2088,1
5515,8126,1
5516,6550,1
5516,7915,1
5517,1902,1
5517,7704,1
5518,6882,1
5518,7493,1
5519,2069,1
5519,7282,1
5520,7071,1
5521,6860,1
5521,8105,1
5522,4465,1
5522,6649,1
5523,6438,1
5523,6525,1
5524,6227,1
5525,1424,1
5525,6016,1
5526,5805,1
5527,5594,1
5527,5965,1
5527,7652,1
5528,5383,1
5528,5597,1
5529,3849,1
5529,5172,1
5530,4961,1
5531,773,1
5531,4750,1
5532,4539,1
5533,4328,1
5534,4117,1
5534,6488,1
5535,2966,1
5535,3845,1
5535,3906,1
5536,3695,1
5536,7772,1
5537,3484,1
5538,3273,1
5539,3062,1
5539,6305,1
5540,2851,1
5541,627,1
5541,2640,1
5542,2429,1
5542,4020,1
5542,6988,1
5543,2218,1
5543,3533,1
5544,2007,1
5545,666,1
5545,1796,1
5545,4155,1
5546,1585,1
5546,3757,1
5546,4801,1
5547,1374,1
5548,1163,1
5549,952,1
5550,741,1
5550,5302,1
5550,6264,1
5551,530,1
5551,5546,1
5552,319,1
5552,6723,1
5552,8060,1
5553,108,1
5553,2286,1
5553,2854,1
5554,3981,1
5554,6930,1
5554,8089,1
5555,4085,1
5555,7713,1
5555,7878,1
5556,3599,1
5556,6637,1
5556,7667,1
5557,2322,1
5557,7456,1
5558,7245,1
5558,7601,1
5558,8072,1
5559,7034,1
5560,5901,1
5560,6823,1
5561,4305,1
5561,4642,1
5561,6199,1
5561,6612,1
5562,6401,1
5563,5586,1
5563,6190,1
5563,7390,1
5564,5979,1
5564,6557,1
5565,5768,1
5565,7484,1
5566,5557,1
5567,5346,1
5568,1801,1
5568,5135,1
5569,4827,1
5569,4924,1
5570,4713,1
5570,7253,1
5571,4301,1
5571,4502,1
5571,5303,1
5571,7458,1
5571,7850,1
5571,8016,1
5572,4291,1
5572,4570,1
5572,4778,1
5572,4866,1
5573,1940,1
5573,4080,1
5574,3869,1
5575,539,1
5575,3658,1
5575,7337,1
5576,3447,1
5576,4711,1
5577,1748,1
5577,3236,1
5577,7513,1
5578,3025,1
5579,2814,1
5579,5575,1
5580,2603,1
5580,6699,1
5581,2392,1
5582,2181,1
5582,6509,1
5583,1970,1
5584,1759,1
5585,618,1
5585,1548,1
5586,1337,1
5586,2741,1
5586,4500,1
5586,5024,1
5587,1126,1
5588,446,1
5588,915,1
5589,97,1
5589,704,1
5589,4123,1
5589,7262,1
5590,87,1
5590,493,1
5590,5036,1
5591,282,1
5592,71,1
5592,2722,1
5593,8001,1
5593,8052,1
5594,7841,1
5595,7630,1
5596,4541,1
5596,5804,1
5596,6177,1
5596,7419,1
5597,7208,1
5598,6939,1
5598,6997,1
5599,6786,1
5600,6575,1
5601,5661,1
5601,6364,1
5601,6680,1
5601,7605,1
5602,6153,1
5603,5942,1
5604,3267,1
5604,5731,1
5605,5087,1
5605,5520,1
5606,2493,1
5606,5309,1
5607,5098,1
5608,4887,1
5608,4972,1
5608,6754,1
5609,4676,1
5610,4465,1
5610,4504,1
5611,4254,1
5611,7348,1
5612,4043,1
5613,1970,1
5613,3832,1
5613,6788,1
5614,3621,1
5615,890,1
5615,3410,1
5615,8153,1
5616,3199,1
5616,4365,1
5617,2988,1
5618,2777,1
5618,2933,1
5618,5535,1
5619,592,1
5619,2566,1
5620,2355,1
5620,8171,1
5621,2144,1
5622,1933,1
5623,1722,1
5624,140,1
5624,1511,1
5625,1300,1
5626,1089,1
5627,878,1
5627,1482,1
5628,667,1
5628,3061,1
5628,7367,1
5629,456,1
5630,245,1
5630,6716,1
5631,34,1
5632,6021,1
5632,8015,1
5633,332,1
5633,7804,1
5634,7593,1
5634,7694,1
5635,5821,1
5635,7382,1
5636,7171,1
5637,5999,1
5637,6960,1
5638,6046,1
5638,6749,1
5639,6538,1
5640,1923,1
5640,6327,1
5641,6116,1
5641,6433,1
5642,5172,1
5642,5905,1
5643,5694,1
5644,5483,1
5645,5272,1
5646,1522,1
5646,2893,1
5646,5061,1
5647,777,1
5647,4850,1
5648,4639,1
5649,4428,1
5649,5658,1
5649,7906,1
5650,3755,1
5650,4217,1
5651,4006,1
5652,3795,1
5653,108,1
5653,3584,1
5653,6936,1
5654,3373,1
5654,5626,1
5655,3162,1
5655,7108,1
5656,2751,1
5656,2951,1
5657,2740,1
5658,2529,1
5658,3760,1
5658,6702,1
5659,830,1
5659,1349,1
5659,2318,1
5659,2413,1
5660,2107,1
5661,1896,1
5662,1685,1
5663,1474,1
5663,6628,1
5663,6908,1
5664,1263,1
5665,1052,1
5665,4773,1
5665,8096,1
5666,841,1
5667,630,1
5667,2085,1
5668,419,1
5668,1381,1
5669,208,1
5669,1967,1
5669,5086,1
5670,8189,1
5671,7978,1
5672,7767,1
5673,2771,1
5673,3493,1
5673,7556,1
5674,7345,1
5675,1581,1
5675,4837,1
5675,5225,1
5675,7134,1
5676,3698,1
5676,4430,1
5676,6923,1
5677,6712,1
5678,2345,1
5678,6501,1
5679,6290,1
5679,8005,1
5680,6079,1
5681,5868,1
5682,2973,1
5682,5657,1
5683,5446,1
5684,5235,1
5685,5024,1
5686,4813,1
5686,5731,1
5686,5907,1
5687,4602,1
5688,4391,1
5689,4180,1
5690,3969,1
5691,3758,1
5692,3547,1
5692,5681,1
5693,3336,1
5694,3125,1
5694,8026,1
5695,1319,1
5695,2914,1
5696,751,1
5696,2703,1
5697,2492,1
5697,3639,1
5698,2281,1
5699,788,1
5699,2070,1
5699,3249,1
5700,1859,1
5700,2807,1
5700,3823,1
5701,1648,1
5702,1437,1
5703,1226,1
5703,4896,1
5704,1015,1
5705,804,1
5705,7261,1
5706,593,1
5707,382,1
5708,171,1
5709,8152,1
5710,7941,1
5711,132,1
5711,7730,1
5712,2525,1
5712,7519,1
5713,3094,1
5713,7308,1
5714,3226,1
5714,7097,1
5715,6886,1
5716,6675,1
5717,5975,1
5717,6464,1
5718,115,1
5718,6253,1
5719,3998,1
5719,6042,1
5720,5831,1
5721,5134,1
5721,5620,1
5722,4185,1
5722,4587,1
5722,5409,1
5722,6155,1
5723,363,1
5723,5020,1
5723,5198,1
5724,1245,1
5724,4987,1
5725,842,1
5725,4776,1
5725,6810,1
5726,4565,1
5727,4354,1
5728,4143,1
5728,5130,1
5729,3932,1
5730,3721,1
5731,3510,1
5731,6483,1
5732,3299,1
5732,3558,1
5732,4218,1
5733,1762,1
5733,3088,1
5734,2877,1
5734,5411,1
5734,6893,1
5735,2666,1
5736,2455,1
5737,2244,1
5737,4613,1
5737,5025,1
5738,2033,1
5739,1822,1
5740,1611,1
5740,3518,1
5741,1400,1
5741,4256,1
5741,7541,1
5742,1189,1
5742,1861,1
5742,7118,1
5743,610,1
5743,978,1
5743,2689,1
5743,3594,1
5744,767,1
5745,556,1
5745,760,1
5745,2193,1
5746,345,1
5747,134,1
5747,6959,1
5747,7452,1
5748,8115,1
5749,7904,1
5750,7693,1
5751,6223,1
5751,7482,1
5752,2223,1
5752,7271,1
5753,3702,1
5753,7060,1
5754,29,1
5754,3762,1
5754,6849,1
5755,4353,1
5755,6638,1
5756,6427,1
5757,6216,1
5758,6005,1
5759,5794,1
5760,5583,1
5760,5832,1
5761,5372,1
5762,5161,1
5763,2462,1
5763,3884,1
5763,4950,1
5764,4739,1
5765,4528,1
5765,7117,1
5766,4317,1
5767,4106,1
5768,1686,1
5768,3895,1
5769,3684,1
5770,3473,1
5770,6039,1
5771,3262,1
5772,3051,1
5773,2840,1
5774,2629,1
5774,6576,1
5775,2321,1
5775,2418,1
5775,8084,1
5776,2207,1
5777,1996,1
5777,2758,1
5777,7888,1
5778,1785,1
5779,1395,1
5779,1574,1
5780,1363,1
5781,1152,1
5782,941,1
5782,5942,1
5782,6324,1
5783,730,1
5784,519,1
5785,308,1
5786,97,1
5786,5861,1
5787,7606,1
5787,8078,1
5788,4594,1
5788,7867,1
5789,5355,1
5789,7656,1
5790,7445,1
5791,3214,1
5791,7234,1
5792,1002,1
5792,7023,1
5793,6812,1
5794,6601,1
5795,6390,1
5796,1571,1
5796,6179,1
5797,900,1
5797,2760,1
5797,5968,1
5798,5757,1
5799,1129,1
5799,5546,1
5800,5335,1
5801,5124,1
5802,1280,1
5802,4903,1
5802,4913,1
5803,4702,1
5804,4491,1
5805,4280,1
5805,4959,1
5806,708,1
5806,3797,1
5806,4069,1
5807,3858,1
5807,8035,1
5808,3647,1
5809,2260,1
5809,3436,1
5810,1212,1
5810,3225,1
5811,2574,1
5811,3014,1
5812,2803,1
5813,181,1
5813,1367,1
5813,2054,1
5813,2592,1
5814,2381,1
5815,2170,1
5816,1959,1
5816,4772,1
5816,6819,1
5817,1423,1
5817,1748,1
5817,5229,1
5818,1537,1
5818,2464,1
5819,543,1
5819,748,1
5819,1326,1
5820,1115,1
5820,7817,1
5821,904,1
5821,4708,1
5822,693,1
5823,482,1
5824,271,1
5824,486,1
5825,60,1
5825,292,1
5825,3025,1
5825,7395,1
5826,8041,1
5827,7830,1
5828,7619,1
5829,2162,1
5829,6611,1
5829,7408,1
5830,1277,1
5830,3655,1
5830,7197,1
5831,2276,1
5831,6986,1
5832,6775,1
5833,6564,1
5834,879,1
5834,6353,1
5835,6142,1
5836,5185,1
5836,5931,1
5837,5720,1
5837,6458,1
5837,6616,1
5838,5393,1
5838,5509,1
5838,5745,1
5839,1750,1
5839,2134,1
5839,2145,1
5839,5298,1
5839,6376,1
5840,205,1
5840,5087,1
5841,4876,1
5841,5983,1
5842,4665,1
5843,3793,1
5843,4454,1
5844,2187,1
5844,4243,1
5845,4032,1
5846,3821,1
5847,3610,1
5848,3399,1
5849,3188,1
5850,1095,1
5850,2578,1
5850,2977,1
5851,2766,1
5852,2555,1
5853,2344,1
5854,2133,1
5855,1922,1
5856,480,1
5856,586,1
5856,1711,1
5856,6674,1
5857,1500,1
5858,1287,1
5858,1289,1
5858,7375,1
5859,1078,1
5860,867,1
5861,656,1
5862,445,1
5863,234,1
5863,278,1
5864,23,1
5865,1237,1
5865,1913,1
5865,4142,1
5865,5883,1
5865,8004,1
5866,3589,1
5866,7793,1
5867,1558,1
5867,1580,1
5867,4131,1
5867,5180,1
5867,7582,1
5868,4742,1
5868,7371,1
5869,2004,1
5869,7160,1
5870,5944,1
5870,6949,1
5870,7486,1
5871,4066,1
5871,6738,1
5871,6897,1
5871,7563,1
5872,6527,1
5873,467,1
5873,3374,1
5873,4663,1
5873,6316,1
5874,6105,1
5875,288,1
5875,2451,1
5875,2724,1
5875,5894,1
5876,4934,1
5876,5683,1
5877,371,1
5877,3146,1
5877,5472,1
5878,5261,1
5878,5404,1
5879,852,1
5879,5050,1
5879,7058,1
5880,1344,1
5880,4839,1
5881,4628,1
5882,3075,1
5882,4332,1
5882,4417,1
5882,7040,1
5883,2132,1
5883,4206,1
5884,3995,1
5885,3784,1
5886,3573,1
5887,3362,1
5888,1544,1
5888,3151,1
5889,1751,1
5889,2940,1
5890,2729,1
5890,5524,1
5891,2518,1
5892,479,1
5892,2307,1
5893,2096,1
5893,4425,1
5893,6698,1
5894,1885,1
5895,1674,1
5895,6548,1
5896,1463,1
5897,1252,1
5898,1041,1
5898,7181,1
5899,830,1
5899,5197,1
5900,619,1
5900,4965,1
5901,408,1
5901,1677,1
5902,197,1
5903,7357,1
5903,8178,1
5904,7967,1
5905,7756,1
5906,7545,1
5907,151,1
5907,937,1
5907,7334,1
5908,7123,1
5909,6912,1
5910,6701,1
5911,1148,1
5911,2471,1
5911,4750,1
5911,6490,1
5912,6279,1
5912,7071,1
5913,6068,1
5914,5857,1
5915,5646,1
5915,8177,1
5916,5435,1
5916,6886,1
5917,5224,1
5917,5532,1
5918,1524,1
5918,5013,1
5919,1821,1
5919,3914,1
5919,4802,1
5919,5629,1
5920,4591,1
5921,718,1
5921,3202,1
5921,4380,1
5922,4169,1
5922,4286,1
5923,1436,1
5923,3958,1
5924,3747,1
5924,7984,1
5925,3536,1
5926,3325,1
5927,3114,1
5927,6157,1
5928,2903,1
5928,6944,1
5929,1756,1
5929,2692,1
5929,3824,1
5930,2481,1
5930,6465,1
5931,2270,1
5932,2059,1
5932,5869,1
5933,1848,1
5933,5081,1
5934,1637,1
5934,4719,1
5935,1426,1
5935,4102,1
5936,1215,1
5936,2030,1
5937,1004,1
5937,1612,1
5937,7873,1
5938,793,1
5939,582,1
5939,1812,1
5939,4906,1
5939,6970,1
5940,371,1
5940,3084,1
5941,160,1
5941,7511,1
5942,2588,1
5942,8141,1
5943,7930,1
5944,3032,1
5944,7719,1
5945,3938,1
5945,7292,1
5945,7508,1
5946,7297,1
5947,1394,1
5947,7086,1
5948,1981,1
5948,6875,1
5948,7066,1
5949,6664,1
5950,6453,1
5951,1669,1
5951,6242,1
5951,7762,1
5952,2086,1
5952,5686,1
5952,6031,1
5953,2373,1
5953,2927,1
5953,3598,1
5953,5820,1
5954,5609,1
5955,2271,1
5955,5398,1
5956,5187,1
5957,1169,1
5957,4976,1
5958,4765,1
5958,8102,1
5959,1886,1
5959,4554,1
5960,4343,1
5961,1059,1
5961,4132,1
5961,6874,1
5962,589,1
5962,1576,1
5962,3921,1
5963,3710,1
5964,3499,1
5965,3288,1
5966,978,1
5966,3077,1
5966,3431,1
5966,5541,1
5967,2706,1
5967,2866,1
5968,2655,1
5969,2444,1
5969,7700,1
5970,2233,1
5971,2022,1
5971,4691,1
5971,4938,1
5972,1811,1
5973,1600,1
5973,4283,1
5973,5169,1
5974,1389,1
5975,1178,1
5975,2844,1
5975,4002,1
5976,227,1
5976,967,1
5976,6079,1
5977,756,1
5978,545,1
5979,334,1
5980,123,1
5980,5006,1
5981,4912,1
5981,6263,1
5981,8104,1
5982,677,1
5982,7893,1
5983,7682,1
5984,7471,1
5985,554,1
5985,4830,1
5985,6011,1
5985,7260,1
5986,5455,1
5986,7049,1
5987,523,1
5987,971,1
5987,4968,1
5987,6838,1
5988,2703,1
5988,5322,1
5988,6506,1
5988,6627,1
5989,6416,1
5990,2539,1
5990,3472,1
5990,4328,1
5990,6205,1
5991,5994,1
5992,5534,1
5992,5783,1
5993,5572,1
5994,5109,1
5994,5361,1
5994,6914,1
5995,4418,1
5995,5150,1
5995,7620,1
5996,4939,1
5997,4728,1
5997,5631,1
5998,1316,1
5998,1504,1
5998,4517,1
5998,6661,1
5999,3718,1
5999,4306,1
6000,4095,1
6001,3884,1
6002,1899,1
6002,3673,1
6002,4542,1
6002,7042,1
6003,3462,1
6004,3251,1
6004,6154,1
6005,3040,1
6006,2829,1
6006,7688,1
6007,293,1
6007,2618,1
6008,2407,1
6009,2196,1
6010,1985,1
6011,1774,1
6011,5473,1
6012,1563,1
6012,3924,1
6013,1352,1
6014,1141,1
6015,179,1
6015,930,1
6015,6204,1
6015,6659,1
6015,6962,1
6016,645,1
6016,719,1
6016,1166,1
6017,508,1
6017,2775,1
6018,297,1
6019,86,1
6019,453,1
6020,8067,1
6021,3492,1
6021,7856,1
6022,7645,1
6023,2431,1
6023,3216,1
6023,7434,1
6024,611,1
6024,2499,1
6024,7223,1
6025,391,1
6025,7012,1
6026,2965,1
6026,4404,1
6026,5801,1
6026,6801,1
6027,3319,1
6027,3982,1
6027,4791,1
6027,6590,1
6028,1729,1
6028,2776,1
6028,4351,1
6028,6379,1
6029,3390,1
6029,6168,1
6030,3905,1
6030,5957,1
6030,7742,1
6031,1557,1
6031,3803,1
6031,5746,1
6032,5535,1
6033,5324,1
6034,571,1
6034,1853,1
6034,3557,1
6034,5113,1
6035,128,1
6035,333,1
6035,4902,1
6036,2313,1
6036,3817,1
6036,4691,1
6037,916,1
6037,3159,1
6037,4480,1
6038,613,1
6038,4269,1
6039,4058,1
6040,3847,1
6040,5522,1
6041,3636,1
6041,5773,1
6042,313,1
6042,3425,1
6043,3214,1
6044,935,1
6044,3003,1
6045,1535,1
6045,2792,1
6045,7365,1
6046,2581,1
6046,2815,1
6047,2370,1
6047,2672,1
6048,2159,1
6048,5859,1
6049,1415,1
6049,1598,1
6049,1948,1
6050,1737,1
6050,6421,1
6051,818,1
6051,1526,1
6052,1315,1
6053,1104,1
6053,3239,1
6053,5874,1
6054,893,1
6055,682,1
6056,471,1
6057,260,1
6058,49,1
6058,6338,1
6059,2141,1
6059,8030,1
6060,7819,1
6061,7608,1
6062,7397,1
6063,7186,1
6064,6906,1
6064,6975,1
6065,2169,1
6065,6764,1
6066,6367,1
6066,6553,1
6067,6327,1
6067,6342,1
6067,7427,1
6068,1296,1
6068,6131,1
6068,6412,1
6069,5920,1
6070,4928,1
6070,5703,1
6070,5709,1
6071,4802,1
6071,5498,1
6072,5287,1
6072,7663,1
6073,832,1
6073,5076,1
6073,7067,1
6074,4865,1
6075,4654,1
6076,3813,1
6076,4443,1
6077,3916,1
6077,4232,1
6078,4021,1
6078,7891,1
6079,3810,1
6079,6187,1
6080,889,1
6080,2375,1
6080,3599,1
6081,3388,1
6082,3177,1
6082,4697,1
6083,2966,1
6084,2755,1
6085,1427,1
6085,2544,1
6086,2333,1
6087,2122,1
6088,1911,1
6088,3256,1
6089,1700,1
6089,7198,1
6090,1489,1
6091,1278,1
6091,4735,1
6092,1067,1
6092,6901,1
6093,856,1
6094,645,1
6094,1143,1
6094,1540,1
6094,3367,1
6095,434,1
6095,1521,1
6096,223,1
6096,6457,1
6096,7755,1
6097,12,1
6098,7459,1
6098,7993,1
6099,7782,1
6100,3238,1
6100,5618,1
6100,7571,1
6101,6408,1
6101,7360,1
6102,7149,1
6102,8114,1
6103,6938,1
6104,2536,1
6104,6727,1
6105,6516,1
6105,6872,1
6106,6305,1
6107,6094,1
6108,1633,1
6108,5883,1
6108,7524,1
6109,3294,1
6109,5672,1
6110,2318,1
6110,5461,1
6111,5250,1
6111,7741,1
6112,5039,1
6113,4828,1
6114,1505,1
6114,4617,1
6114,5665,1
6115,350,1
6115,4406,1
6115,5388,1
6116,3885,1
6116,4195,1
6117,3243,1
6117,3984,1
6118,1130,1
6118,3773,1
6118,3947,1
6118,6980,1
6119,3562,1
6120,3351,1
6120,4313,1
6121,3140,1
6121,7239,1
6121,7542,1
6122,1073,1
6122,2929,1
6123,2166,1
6123,2718,1
6124,2507,1
6125,2296,1
6126,134,1
6126,2085,1
6127,1874,1
6128,1663,1
6129,1452,1
6130,1241,1
6131,1030,1
6132,819,1
6133,161,1
6133,608,1
6133,5287,1
6134,58,1
6134,397,1
6135,186,1
6135,5660,1
6136,2049,1
6136,2575,1
6136,7082,1
6136,8167,1
6137,1012,1
6137,3123,1
6137,7956,1
6138,5887,1
6138,7745,1
6138,7946,1
6139,2216,1
6139,7534,1
6140,7323,1
6141,7112,1
6141,8168,1
6142,6258,1
6142,6901,1
6142,6912,1
6143,6690,1
6144,6479,1
6145,2352,1
6145,5923,1
6145,6268,1
6146,6057,1
6147,1242,1
6147,5846,1
6148,5635,1
6149,3684,1
6149,5424,1
6150,5213,1
6150,5215,1
6150,6256,1
6151,5002,1
6152,1310,1
6152,2038,1
6152,4791,1
6152,7091,1
6153,4580,1
6154,4369,1
6154,6065,1
6154,6452,1
6155,4158,1
6156,3947,1
6156,7022,1
6157,1726,1
6157,3736,1
6157,4190,1
6158,3525,1
6158,5135,1
6159,3314,1
6160,3103,1
6160,4617,1
6160,6795,1
6161,2892,1
6162,2681,1
6162,2937,1
6163,688,1
6163,1511,1
6163,2470,1
6163,4322,1
6163,5234,1
6164,2259,1
6164,2498,1
6164,3330,1
6164,5625,1
6164,6309,1
6165,2048,1
6165,7229,1
6166,1837,1
6167,1626,1
6167,7981,1
6168,1415,1
6168,5727,1
6169,1204,1
6169,1616,1
6169,2396,1
6169,7765,1
6170,993,1
6170,7575,1
6171,782,1
6171,1230,1
6171,7411,1
6172,571,1
6172,1358,1
6172,4203,1
6172,5654,1
6173,360,1
6173,7545,1
6174,149,1
6174,1792,1
6174,5018,1
6175,6663,1
6175,8041,1
6175,8130,1
6176,783,1
6176,5502,1
6176,7919,1
6177,6556,1
6177,7708,1
6178,7497,1
6179,6621,1
6179,7286,1
6180,7075,1
6181,6217,1
6181,6864,1
6181,7898,1
6182,19,1
6182,1065,1
6182,2191,1
6182,2307,1
6182,6653,1
6183,601,1
6183,6442,1
6184,6231,1
6184,7544,1
6185,988,1
6185,2050,1
6185,6020,1
6186,163,1
6186,2532,1
6186,4012,1
6186,5809,1
6186,5906,1
6186,5940,1
6187,447,1
6187,5598,1
6188,5387,1
6189,5176,1
6189,8158,1
6190,143,1
6190,858,1
6190,3297,1
6190,4965,1
6191,792,1
6191,4754,1
6192,79,1
6192,1279,1
6192,4543,1
6192,6684,1
6193,4237,1
6193,4332,1
6193,6126,1
6194,4121,1
6195,1369,1
6195,2683,1
6195,3910,1
6195,5978,1
6196,1783,1
6196,2847,1
6196,3699,1
6197,3488,1
6198,3277,1
6198,7711,1
6199,1354,1
6199,3066,1
6199,3819,1
6200,2855,1
6201,2644,1
6202,2433,1
6202,6365,1
6203,2222,1
6203,5230,1
6203,5857,1
6203,5871,1
6204,385,1
6204,1719,1
6204,2011,1
6205,1800,1
6205,2481,1
6206,1589,1
6207,1378,1
6207,2718,1
6208,1167,1
6209,956,1
6209,5785,1
6210,745,1
6211,534,1
6211,860,1
6212,323,1
6212,3111,1
6213,112,1
6213,2037,1
6213,6144,1
6214,7815,1
6214,8093,1
6215,4034,1
6215,7882,1
6215,8143,1
6216,4922,1
6216,7671,1
6217,7460,1
6218,3168,1
6218,7249,1
6219,7038,1
6220,6827,1
6220,7786,1
6221,5539,1
6221,6616,1
6222,6405,1
6222,6617,1
6222,7915,1
6223,6194,1
6224,5983,1
6224,6878,1
6225,102,1
6225,5772,1
6225,7216,1
6226,5561,1
6226,6295,1
6227,5350,1
6227,5791,1
6228,5139,1
6229,1560,1
6229,4928,1
6230,2671,1
6230,4717,1
6231,1220,1
6231,4506,1
6231,6005,1
6231,7134,1
6232,492,1
6232,1457,1
6232,1817,1
6232,4295,1
6233,4084,1
6234,3859,1
6234,3873,1
6235,1340,1
6235,3446,1
6235,3662,1
6236,3451,1
6237,3240,1
6237,7945,1
6238,1707,1
6238,3029,1
6238,7340,1
6239,2818,1
6240,1076,1
6240,2607,1
6241,527,1
6241,2396,1
6242,2185,1
6243,1974,1
6243,7068,1
6243,7333,1
6244,1763,1
6245,1552,1
6246,1341,1
6246,3036,1
6247,1130,1
6248,919,1
6249,708,1
6250,497,1
6250,848,1
6250,2878,1
6251,286,1
6251,2349,1
6252,75,1
6252,4610,1
6253,7638,1
6253,8056,1
6254,7473,1
6254,7845,1
6255,7634,1
6256,1798,1
6256,3302,1
6256,5102,1
6256,7423,1
6257,2298,1
6257,7212,1
6258,1144,1
6258,7001,1
6259,6790,1
6260,6579,1
6260,7346,1
6261,146,1
6261,6368,1
6261,8188,1
6262,6157,1
6263,2586,1
6263,5946,1
6264,905,1
6264,2558,1
6264,5735,1
6265,5524,1
6265,5649,1
6266,2103,1
6266,5313,1
6267,5102,1
6268,4891,1
6269,4680,1
6270,4469,1
6270,5407,1
6271,4258,1
6271,5471,1
6272,4047,1
6273,3836,1
6274,3625,1
6274,7655,1
6275,245,1
6275,252,1
6275,827,1
6275,3414,1
6276,1419,1
6276,2065,1
6276,3203,1
6277,2992,1
6278,2781,1
6278,6208,1
6279,496,1
6279,2570,1
6280,2359,1
6280,7228,1
6280,7668,1
6281,2148,1
6281,2254,1
6281,4777,1
6282,1937,1
6283,1726,1
6284,1515,1
6285,1304,1
6285,6510,1
6286,1093,1
6286,1565,1
6286,3312,1
6286,4362,1
6287,882,1
6288,671,1
6288,3355,1
6289,460,1
6289,1109,1
6290,249,1
6290,1426,1
6291,38,1
6292,8019,1
6292,8075,1
6293,928,1
6293,5148,1
6293,7255,1
6293,7808,1
6294,3087,1
6294,7597,1
6295,33,1
6295,7386,1
6296,7175,1
6297,4187,1
6297,6964,1
6298,3479,1
6298,6753,1
6299,1579,1
6299,6542,1
6300,6331,1
6301,6120,1
6302,5909,1
6303,953,1
6303,2517,1
6303,5698,1
6304,5487,1
6304,5793,1
6305,5276,1
6306,5065,1
6307,1429,1
6307,4331,1
6307,4854,1
6308,4643,1
6309,4432,1
6310,4221,1
6311,4010,1
6311,5935,1
6311,7124,1
6312,3799,1
6312,5447,1
6312,7745,1
6313,3588,1
6313,5519,1
6314,3377,1
6314,4694,1
6315,2186,1
6315,3166,1
6316,2955,1
6317,908,1
6317,2744,1
6317,6024,1
6318,2533,1
6318,3925,1
6318,5852,1
6319,2322,1
6319,4882,1
6320,2111,1
6320,3186,1
6321,1900,1
6322,1689,1
6323,1478,1
6324,81,1
6324,1267,1
6324,1904,1
6325,1056,1
6325,5596,1
6326,845,1
6326,3934,1
6327,634,1
6327,1676,1
6328,423,1
6328,2114,1
6328,3662,1
6328,3904,1
6329,212,1
6329,3838,1
6329,5755,1
6330,1,1
6330,4701,1
6331,4835,1
6331,6391,1
6331,7982,1
6332,7771,1
6333,4588,1
6333,7560,1
6334,7349,1
6335,415,1
6335,7138,1
6336,4799,1
6336,6927,1
6337,6716,1
6338,2072,1
6338,3977,1
6338,5336,1
6338,6505,1
6339,6294,1
6339,7034,1
6340,5299,1
6340,6083,1
6341,5872,1
6342,2436,1
6342,5661,1
6342,6351,1
6342,6549,1
6343,1293,1
6343,4071,1
6343,5450,1
6343,5689,1
6344,5239,1
6344,7965,1
6345,5028,1
6346,275,1
6346,3991,1
6346,4817,1
6347,4606,1
6347,4806,1
6347,5097,1
6348,4395,1
6349,4184,1
6350,3973,1
6350,6304,1
6351,3762,1
6352,3551,1
6353,3340,1
6354,3129,1
6355,1407,1
6355,2918,1
6356,2707,1
6356,5193,1
6357,1632,1
6357,2496,1
6358,2285,1
6359,402,1
6359,2074,1
6359,2604,1
6359,5737,1
6359,7495,1
6360,979,1
6360,1863,1
6361,1652,1
6361,7011,1
6361,7188,1
6362,1441,1
6363,1230,1
6364,1019,1
6365,808,1
6365,4326,1
6366,597,1
6367,386,1
6367,8034,1
6368,175,1
6368,1982,1
6368,2723,1
6368,4707,1
6369,352,1
6369,8156,1
6370,7945,1
6371,7734,1
6372,7523,1
6373,7312,1
6373,7334,1
6374,303,1
6374,6570,1
6374,7101,1
6375,3537,1
6375,4166,1
6375,6890,1
6376,6679,1
6376,7423,1
6377,1362,1
6377,6468,1
6378,6257,1
6379,1469,1
6379,1732,1
6379,6046,1
6379,6406,1
6380,5835,1
6381,5624,1
6382,13,1
6382,349,1
6382,5413,1
6383,1041,1
6383,5202,1
6383,7089,1
6384,4991,1
6385,3054,1
6385,4780,1
6385,7013,1
6386,4569,1
6387,3128,1
6387,4246,1
6387,4358,1
6388,721,1
6388,4147,1
6389,3936,1
6389,7654,1
6390,3725,1
6391,3514,1
6391,4325,1
6392,3303,1
6392,6464,1
6392,7182,1
6393,3092,1
6394,2881,1
6395,2670,1
6395,5235,1
6395,8116,1
6396,2459,1
6396,5714,1
6397,2248,1
6398,2037,1
6398,2693,1
6398,5565,1
6399,963,1
6399,1826,1
6399,5759,1
6400,1615,1
6400,5204,1
6401,1404,1
6401,3257,1
6402,1193,1
6402,6598,1
6403,982,1
6404,771,1
6404,4228,1
6404,4446,1
6404,4605,1
6405,560,1
6406,349,1
6406,2422,1
6407,138,1
6408,3901,1
6408,8119,1
6409,6824,1
6409,6885,1
6409,7908,1
6410,4408,1
6410,7697,1
6411,2219,1
6411,3805,1
6411,7486,1
6412,7275,1
6413,3773,1
6413,7064,1
6414,6673,1
6414,6853,1
6415,831,1
6415,6146,1
6415,6642,1
6416,6431,1
6416,6981,1
6417,6220,1
6418,6009,1
6419,989,1
6419,2399,1
6419,5798,1
6420,5587,1
6421,5376,1
6422,2211,1
6422,5165,1
6422,5767,1
6423,4954,1
6423,6815,1
6424,4743,1
6425,600,1
6425,4492,1
6425,4532,1
6426,4321,1
6426,5398,1
6427,4110,1
6427,6925,1
6428,2762,1
6428,3899,1
6429,3398,1
6429,3688,1
6430,27,1
6430,3477,1
6430,5531,1
6430,8125,1
6431,3266,1
6432,3055,1
6433,2844,1
6434,2633,1
6435,2422,1
6435,4312,1
6436,2211,1
6436,5140,1
6437,2000,1
6437,5041,1
6437,5163,1
6438,1789,1
6438,2033,1
6438,5044,1
6439,1578,1
6439,4859,1
6440,1367,1
6440,8164,1
6441,117,1
6441,1156,1
6441,3231,1
6442,945,1
6443,734,1
6443,7778,1
6443,7973,1
6444,523,1
6444,4723,1
6445,312,1
6445,6041,1
6445,7954,1
6446,101,1
6446,1914,1
6447,8082,1
6448,1823,1
6448,5410,1
6448,7871,1
6449,277,1
6449,1255,1
6449,2918,1
6449,7660,1
6450,2230,1
6450,7449,1
6450,7926,1
6451,7238,1
6452,7027,1
6453,6816,1
6454,6605,1
6455,2913,1
6455,6394,1
6456,3907,1
6456,6183,1
6456,6352,1
6457,5972,1
6458,5736,1
6458,5761,1
6459,5550,1
6460,5339,1
6460,6148,1
6461,3240,1
6461,5128,1
6462,4665,1
6462,4917,1
6463,374,1
6463,4186,1
6463,4706,1
6463,5145,1
6464,4495,1
6464,8017,1
6465,4284,1
6465,7935,1
6466,3900,1
6466,4073,1
6466,6599,1
6467,3862,1
6468,3651,1
6468,5133,1
6468,7894,1
6469,3440,1
6470,3229,1
6471,3018,1
6472,2807,1
6472,6718,1
6473,2596,1
6473,6163,1
6473,7820,1
6474,2385,1
6474,4673,1
6475,2174,1
6475,4899,1
6475,5748,1
6476,256,1
6476,1963,1
6477,1752,1
6477,2780,1
6477,6447,1
6477,6764,1
6478,1541,1
6478,3787,1
6479,1330,1
6479,2635,1
6480,1119,1
6481,908,1
6481,4124,1
6481,6182,1
6481,6730,1
6482,697,1
6483,486,1
6483,6546,1
6483,7892,1
6484,275,1
6484,4057,1
6485,64,1
6485,3636,1
6486,8045,1
6487,1156,1
6487,5099,1
6487,7834,1
6488,7623,1
6489,7412,1
6490,2583,1
6490,7201,1
6491,6990,1
6492,1221,1
6492,2087,1
6492,6779,1
6493,6568,1
6493,7409,1
6494,6357,1
6495,907,1
6495,6146,1
6496,3748,1
6496,5615,1
6496,5935,1
6496,7056,1
6497,3290,1
6497,5724,1
6498,5513,1
6499,5302,1
6500,5091,1
6501,4880,1
6502,4669,1
6503,4458,1
6504,4247,1
6504,8006,1
6505,272,1
6505,4036,1
6506,3825,1
6507,2565,1
6507,3480,1
6507,3614,1
6508,544,1
6508,3403,1
6509,1832,1
6509,3192,1
6510,2981,1
6510,7463,1
6511,2770,1
6511,3612,1
6511,4536,1
6512,2559,1
6512,2625,1
6513,2348,1
6514,1368,1
6514,2137,1
6514,2513,1
6514,8129,1
6515,1926,1
6516,1139,1
6516,1715,1
6517,856,1
6517,1504,1
6517,5009,1
6518,1119,1
6518,1293,1
6518,7241,1
6519,1082,1
6519,4285,1
6520,871,1
6521,660,1
6521,4234,1
6522,449,1
6522,6951,1
6523,238,1
6523,2734,1
6523,6532,1
6524,27,1
6524,436,1
6524,3280,1
6524,7790,1
6525,8008,1
6526,7797,1
6527,7586,1
6528,7375,1
6529,1239,1
6529,1506,1
6529,4450,1
6529,7164,1
6530,6953,1
6531,1570,1
6531,6742,1
6532,6531,1
6533,920,1
6533,2808,1
6533,5648,1
6533,6320,1
6534,6109,1
6534,8178,1
6535,5004,1
6535,5898,1
6536,5687,1
6537,5476,1
6537,8147,1
6538,5265,1
6539,5054,1
6539,5211,1
6540,4843,1
6541,2515,1
6541,2885,1
6541,3116,1
6541,4632,1
6542,4041,1
6542,4421,1
6543,4210,1
6544,2798,1
6544,3999,1
6544,4271,1
6544,6251,1
6545,3788,1
6546,2852,1
6546,3577,1
6546,5052,1
6547,3366,1
6548,3155,1
6548,4758,1
6548,7937,1
6549,2944,1
6549,4295,1
6550,335,1
6550,2042,1
6550,2733,1
6551,2522,1
6551,5890,1
6552,2311,1
6552,2799,1
6553,2056,1
6553,2100,1
6554,1889,1
6554,2184,1
6555,620,1
6555,1678,1
6556,1467,1
6556,5753,1
6557,1256,1
6558,1045,1
6558,6861,1
6559,834,1
6559,7014,1
6560,623,1
6560,2646,1
6560,6827,1
6560,7995,1
6561,412,1
6562,201,1
6563,8182,1
6564,6091,1
6564,6124,1
6564,7971,1
6565,7760,1
6566,4913,1
6566,6179,1
6566,7549,1
6567,3268,1
6567,7212,1
6567,7338,1
6568,7127,1
6569,24,1
6569,6916,1
6570,5451,1
6570,6705,1
6571,6494,1
6572,6283,1
6573,735,1
6573,6072,1
6574,1027,1
6574,5861,1
6575,5650,1
6575,7706,1
6576,2126,1
6576,5439,1
6577,5228,1
6577,5726,1
6578,5017,1
6579,455,1
6579,774,1
6579,4608,1
6579,4806,1
6579,6151,1
6579,7515,1
6580,1509,1
6580,2674,1
6580,2811,1
6580,3013,1
6580,4595,1
6581,2332,1
6581,4384,1
6581,5463,1
6581,5926,1
6582,359,1
6582,4173,1
6582,5756,1
6583,3962,1
6584,2621,1
6584,3751,1
6585,3540,1
6585,4715,1
6586,3329,1
6587,2742,1
6587,3118,1
6587,7970,1
6588,2907,1
6589,2174,1
6589,2696,1
6590,2485,1
6590,6479,1
6591,2274,1
6591,6744,1
6592,2063,1
6592,7813,1
6593,1852,1
6593,1976,1
6594,1641,1
6595,1430,1
6595,3241,1
6596,1219,1
6597,1008,1
6597,5285,1
6598,797,1
6599,586,1
6599,5187,1
6600,375,1
6601,164,1
6602,8145,1
6603,5667,1
6603,7934,1
6604,7648,1
6604,7723,1
6605,7512,1
6606,2904,1
6606,5794,1
6606,7301,1
6607,7090,1
6608,6879,1
6609,6540,1
6609,6668,1
6610,6457,1
6611,1843,1
6611,2495,1
6611,6246,1
6612,2502,1
6612,6035,1
6612,6047,1
6613,5824,1
6614,5613,1
6614,7660,1
6615,5402,1
6615,6100,1
6616,2282,1
6616,5191,1
6617,382,1
6617,1898,1
6617,4980,1
6618,2015,1
6618,4769,1
6619,4558,1
6619,5210,1
6620,4347,1
6621,4136,1
6621,8047,1
6622,626,1
6622,3925,1
6623,3283,1
6623,3714,1
6624,3503,1
6625,2196,1
6625,3292,1
6626,946,1
6626,3081,1
6627,2870,1
6627,6028,1
6628,607,1
6628,2659,1
6628,2894,1
6628,4625,1
6629,2448,1
6629,4849,1
6630,2237,1
6630,6975,1
6631,2026,1
6632,1815,1
6633,1604,1
6633,6622,1
6634,1393,1
6635,334,1
6635,1182,1
6635,2189,1
6636,971,1
6637,760,1
6637,1919,1
6638,549,1
6639,338,1
6640,127,1
6640,4752,1
6640,5630,1
6640,7148,1
6641,8108,1
6642,2838,1
6642,3078,1
6642,3961,1
6642,4897,1
6642,7107,1
6642,7897,1
6643,3624,1
6643,7686,1
6644,7475,1
6645,7264,1
6646,89,1
6646,7053,1
6647,6749,1
6647,6842,1
6648,3814,1
6648,6631,1
6649,1763,1
6649,4344,1
6649,6420,1
6650,710,1
6650,3483,1
6650,6209,1
6651,3406,1
6651,5998,1
6651,7243,1
6652,5787,1
6652,7856,1
6653,964,1
6653,3768,1
6653,5576,1
6654,3197,1
6654,5365,1
6655,51,1
6655,5154,1
6656,3923,1
6656,4943,1
6656,7437,1
6657,787,1
6657,1979,1
6657,4732,1
6657,7371,1
6658,1514,1
6658,1873,1
6658,4521,1
6659,4310,1
6659,4527,1
6660,2785,1
6660,4099,1
6661,3888,1
6662,3677,1
6663,3466,1
6664,3255,1
6665,3044,1
6665,4327,1
6666,2395,1
6666,2833,1
6667,2622,1
6668,2411,1
6668,4412,1
6669,2200,1
6670,122,1
6670,1989,1
6670,4649,1
6670,6224,1
6671,1778,1
6672,1567,1
6672,7130,1
6673,194,1
6673,1356,1
6674,1145,1
6674,1953,1
6674,5173,1
6675,934,1
6676,723,1
6676,4005,1
6676,5589,1
6677,512,1
6677,1767,1
6678,301,1
6678,4244,1
6678,5290,1
6679,90,1
6679,1734,1
6679,1946,1
6679,4657,1
6680,1573,1
6680,3100,1
6680,8071,1
6681,3089,1
6681,7088,1
6681,7860,1
6682,67,1
6682,5928,1
6682,7649,1
6683,1042,1
6683,1256,1
6683,2328,1
6683,6801,1
6683,7438,1
6684,478,1
6684,6948,1
6684,7227,1
6685,5034,1
6685,5943,1
6685,7016,1
6685,7874,1
6686,6805,1
6687,3292,1
6687,6594,1
6688,6383,1
6689,1546,1
6689,6172,1
6689,6537,1
6690,3505,1
6690,3864,1
6690,5835,1
6690,5961,1
6691,1862,1
6691,5750,1
6692,4738,1
6692,5539,1
6693,5247,1
6693,5328,1
6693,6784,1
6694,4532,1
6694,5117,1
6694,7085,1
6695,1965,1
6695,4906,1
6696,4695,1
6696,6273,1
6697,4484,1
6698,4273,1
6699,4062,1
6700,3851,1
6701,3640,1
6701,3951,1
6702,3308,1
6702,3429,1
6703,3218,1
6703,3983,1
6703,6034,1
6703,6098,1
6704,3007,1
6704,6197,1
6705,2796,1
6706,2585,1
6706,2952,1
6706,4887,1
6706,5060,1
6707,2374,1
6708,2163,1
6708,6340,1
6709,1952,1
6709,4695,1
6710,1741,1
6710,6559,1
6711,1478,1
6711,1530,1
6712,1319,1
6713,1108,1
6714,897,1
6714,1559,1
6714,5468,1
6715,686,1
6716,475,1
6716,8071,1
6717,264,1
6718,53,1
6718,550,1
6718,2331,1
6718,3796,1
6718,6110,1
6719,5694,1
6719,8033,1
6719,8034,1
6720,7823,1
6721,1539,1
6721,7612,1
6722,3888,1
6722,7401,1
6723,6584,1
6723,7190,1
6724,3266,1
6724,6979,1
6725,201,1
6725,3729,1
6725,5985,1
6725,6768,1
6726,6557,1
6727,990,1
6727,4893,1
6727,6346,1
6728,6135,1
6729,3074,1
6729,4962,1
6729,5924,1
6730,5713,1
6730,6067,1
6731,5502,1
6731,6966,1
6732,4320,1
6732,5291,1
6732,7518,1
6732,8038,1
6733,5080,1
6734,3460,1
6734,4869,1
6734,7286,1
6735,4086,1
6735,4658,1
6736,4447,1
6736,6713,1
6737,3508,1
6737,4236,1
6738,4025,1
6738,7680,1
6739,1100,1
6739,3814,1
6740,3603,1
6741,3392,1
6742,3181,1
6743,1314,1
6743,2970,1
6743,6493,1
6744,2759,1
6744,6375,1
6745,267,1
6745,2548,1
6745,6538,1
6745,6654,1
6746,2337,1
6746,7819,1
6747,2126,1
6747,2634,1
6748,1915,1
6748,4561,1
6749,1704,1
6750,1493,1
6750,5479,1
6751,264,1
6751,1282,1
6752,1071,1
6752,6855,1
6753,860,1
6753,924,1
6753,962,1
6754,649,1
6754,7637,1
6755,438,1
6755,1350,1
6756,227,1
6757,16,1
6758,2064,1
6758,6370,1
6758,6926,1
6758,7237,1
6758,7997,1
6759,7786,1
6760,1048,1
6760,7421,1
6760,7575,1
6761,7360,1
6761,7364,1
6762,3514,1
6762,7153,1
6762,8074,1
6763,2467,1
6763,6942,1
6764,2465,1
6764,6514,1
6764,6731,1
6765,6520,1
6766,124,1
6766,1396,1
6766,6309,1
6767,5924,1
6767,6098,1
6768,5887,1
6769,5358,1
6769,5481,1
6769,5676,1
6769,8151,1
6770,952,1
6770,2335,1
6770,5465,1
6771,5254,1
6771,5739,1
6771,5823,1
6772,1566,1
6772,5043,1
6772,6474,1
6773,4832,1
6773,5719,1
6773,6303,1
6774,4621,1
6775,4146,1
6775,4410,1
6775,7687,1
6776,3623,1
6776,4199,1
6776,7497,1
6776,8124,1
6777,3988,1
6778,1297,1
6778,1782,1
6778,3777,1
6779,3566,1
6780,3355,1
6780,4794,1
6780,6238,1
6780,7416,1
6781,3144,1
6782,1622,1
6782,2933,1
6782,7642,1
6783,2083,1
6783,2722,1
6784,2283,1
6784,2511,1
6784,6141,1
6785,2300,1
6785,3287,1
6786,2089,1
6786,6302,1
6787,1878,1
6788,1667,1
6788,1730,1
6788,1894,1
6788,7146,1
6789,301,1
6789,1456,1
6789,4776,1
6790,1245,1
6791,1034,1
6791,1523,1
6791,1772,1
6792,823,1
6792,5341,1
6793,612,1
6794,401,1
6794,737,1
6795,190,1
6796,8171,1
6797,723,1
6797,4013,1
6797,7960,1
6798,4820,1
6798,7749,1
6799,7538,1
6800,7327,1
6801,7116,1
6802,6905,1
6803,6694,1
6804,1610,1
6804,1961,1
6804,5201,1
6804,6483,1
6805,6272,1
6806,6061,1
6806,8057,1
6807,4392,1
6807,5850,1
6808,574,1
6808,5639,1
6809,2425,1
6809,5428,1
6810,3455,1
6810,5217,1
6810,7099,1
6811,1681,1
6811,2095,1
6811,2410,1
6811,5006,1
6812,4795,1
6813,3883,1
6813,4584,1
6814,1184,1
6814,4373,1
6814,7716,1
6815,4162,1
6815,4534,1
6815,6826,1
6815,7622,1
6816,3951,1
6817,3740,1
6817,5548,1
6818,3529,1
6818,5994,1
6818,7554,1
6819,3318,1
6819,6130,1
6820,3107,1
6820,5077,1
6820,5238,1
6820,6717,1
6821,1402,1
6821,2896,1
6821,3815,1
6822,2685,1
6823,2474,1
6824,2263,1
6824,2829,1
6824,7837,1
6825,2052,1
6825,4983,1
6826,1841,1
6827,1630,1
6828,1419,1
6828,1859,1
6828,5461,1
6829,1208,1
6829,7438,1
6830,997,1
6830,3782,1
6831,786,1
6832,575,1
6833,364,1
6834,153,1
6834,157,1
6834,274,1
6834,2078,1
6835,8134,1
6836,3166,1
6836,6606,1
6836,7923,1
6837,7289,1
6837,7712,1
6838,276,1
6838,786,1
6838,7501,1
6839,4112,1
6839,4907,1
6839,7290,1
6840,4047,1
6840,4406,1
6840,5243,1
6840,7079,1
6841,3986,1
6841,6868,1
6842,1080,1
6842,6657,1
6843,3050,1
6843,6092,1
6843,6446,1
6844,3542,1
6844,6235,1
6845,6024,1
6846,5813,1
6847,4019,1
6847,5360,1
6847,5602,1
6848,1928,1
6848,5391,1
6849,5180,1
6850,4969,1
6851,4758,1
6852,4547,1
6853,4336,1
6854,4125,1
6854,7599,1
6855,3914,1
6855,8048,1
6856,3703,1
6857,3492,1
6858,3281,1
6859,3070,1
6860,515,1
6860,1440,1
6860,2859,1
6860,4260,1
6860,4324,1
6861,2648,1
6861,2752,1
6862,2437,1
6863,2226,1
6864,2015,1
6865,1804,1
6865,5298,1
6866,1593,1
6867,1382,1
6868,1171,1
6869,960,1
6869,3897,1
6870,749,1
6871,228,1
6871,538,1
6871,5792,1
6872,327,1
6873,116,1
6873,2573,1
6874,3840,1
6874,8097,1
6875,6074,1
6875,7886,1
6876,7675,1
6876,8009,1
6877,7464,1
6878,188,1
6878,6398,1
6878,7253,1
6879,7042,1
6880,6831,1
6881,1834,1
6881,3582,1
6881,6620,1
6881,7533,1
6882,6409,1
6883,3151,1
6883,6198,1
6883,6417,1
6884,5987,1
6885,1951,1
6885,5776,1
6886,5565,1
6887,5354,1
6887,6895,1
6888,5143,1
6888,6671,1
6889,1477,1
6889,2027,1
6889,2739,1
6889,4932,1
6890,1800,1
6890,4721,1
6891,518,1
6891,4510,1
6892,1137,1
6892,4299,1
6892,5308,1
6893,4088,1
6893,4919,1
6893,5601,1
6894,3877,1
6895,3666,1
6896,3455,1
6896,4042,1
6896,7406,1
6897,3244,1
6897,5330,1
6898,285,1
6898,2899,1
6898,3033,1
6898,4937,1
6898,7644,1
6899,2544,1
6899,2822,1
6899,4330,1
6900,2611,1
6900,5205,1
6901,2400,1
6902,2189,1
6903,1978,1
6903,3339,1
6904,1273,1
6904,1657,1
6904,1767,1
6905,853,1
6905,1442,1
6905,1556,1
6905,7869,1
6905,8032,1
6906,1345,1
6906,3630,1
6906,5570,1
6907,1134,1
6908,923,1
6909,566,1
6909,712,1
6910,119,1
6910,501,1
6911,290,1
6912,79,1
6912,6866,1
6913,555,1
6913,5275,1
6913,8060,1
6914,2507,1
6914,7849,1
6915,3377,1
6915,7638,1
6916,7427,1
6917,7216,1
6918,3834,1
6918,7005,1
6919,0,1
6919,6794,1
6920,6583,1
6921,2041,1
6921,6372,1
6921,6765,1
6922,6161,1
6922,6236,1
6923,2982,1
6923,4970,1
6923,5950,1
6924,878,1
6924,5739,1
6925,5528,1
6926,5317,1
6927,249,1
6927,5106,1
6927,7780,1
6928,4895,1
6928,7617,1
6929,750,1
6929,4684,1
6930,3839,1
6930,4473,1
6931,4262,1
6932,4051,1
6933,1697,1
6933,3840,1
6934,441,1
6934,3629,1
6934,6501,1
6935,2165,1
6935,3418,1
6936,2220,1
6936,3207,1
6936,3327,1
6936,7754,1
6937,2473,1
6937,2996,1
6938,2785,1
6938,2938,1
6939,417,1
6939,2574,1
6940,2363,1
6941,2152,1
6941,3165,1
6941,5846,1
6942,1941,1
6943,1730,1
6943,2704,1
6944,1519,1
6944,5436,1
6945,1270,1
6945,1308,1
6945,5856,1
6945,6133,1
6946,1097,1
6946,4129,1
6946,5402,1
6946,7557,1
6947,886,1
6947,7621,1
6948,675,1
6949,464,1
6949,1988,1
6949,5418,1
6950,253,1
6951,42,1
6952,6077,1
6952,8023,1
6953,520,1
6953,7812,1
6954,685,1
6954,3153,1
6954,3728,1
6954,7601,1
6955,5141,1
6955,6864,1
6955,7390,1
6956,2743,1
6956,7179,1
6957,6968,1
6958,6757,1
6959,6546,1
6960,6335,1
6961,6124,1
6961,8039,1
6962,5913,1
6963,939,1
6963,5702,1
6963,5827,1
6964,5491,1
6965,5280,1
6966,512,1
6966,5069,1
6966,5970,1
6967,4858,1
6968,9,1
6968,155,1
6968,4647,1
6968,6705,1
6969,3,1
6969,4436,1
6970,4225,1
6971,1582,1
6971,4014,1
6971,6260,1
6972,3803,1
6972,7827,1
6973,3592,1
6974,3381,1
6974,4141,1
6975,3170,1
6975,3876,1
6976,635,1
6976,2959,1
6976,5709,1
6976,5750,1
6976,7347,1
6977,506,1
6977,2748,1
6978,2537,1
6979,2326,1
6979,6890,1
6979,7808,1
6980,2115,1
6981,1904,1
6982,1693,1
6982,2837,1
6983,833,1
6983,1482,1
6983,6108,1
6984,1271,1
6984,2570,1
6985,418,1
6985,1060,1
6985,6963,1
6986,849,1
6986,4201,1
6987,638,1
6988,427,1
6988,704,1
6989,216,1
6989,2789,1
6989,3781,1
6990,5,1
6991,7738,1
6991,7986,1
6992,2889,1
6992,4720,1
6992,7775,1
6993,1460,1
6993,1785,1
6993,5633,1
6993,7564,1
6994,7353,1
6995,7142,1
6996,4819,1
6996,6931,1
6997,6720,1
6998,6509,1
6999,6298,1
7000,6087,1
7001,5668,1
7001,5876,1
7002,17,1
7002,3207,1
7002,5665,1
7002,7141,1
7003,2813,1
7003,5454,1
7004,5243,1
7004,5340,1
7005,2309,1
7005,5032,1
7006,4821,1
7007,3236,1
7007,4266,1
7007,4610,1
7008,175,1
7008,4399,1
7009,4188,1
7010,2250,1
7010,3977,1
7011,3766,1
7012,3555,1
7013,233,1
7013,3344,1
7014,898,1
7014,3133,1
7015,2922,1
7015,5051,1
7016,2711,1
7017,2500,1
7017,4017,1
7017,4137,1
7018,1915,1
7018,2289,1
7018,5948,1
7019,46,1
7019,2078,1
7019,6839,1
7020,1867,1
7021,1656,1
7022,1445,1
7022,5788,1
7022,6222,1
7023,570,1
7023,1234,1
7023,4303,1
7024,703,1
7024,1023,1
7024,2922,1
7024,3368,1
7024,4987,1
7024,5797,1
7025,812,1
7025,5079,1
7025,7364,1
7026,601,1
7026,1356,1
7026,4597,1
7027,390,1
7027,3848,1
7027,6045,1
7027,6799,1
7028,179,1
7028,5837,1
7029,468,1
7029,8160,1
7030,991,1
7030,1780,1
7030,3421,1
7030,5741,1
7030,7949,1
7031,2026,1
7031,2111,1
7031,7738,1
7032,7527,1
7032,8139,1
7033,5638,1
7033,7316,1
7034,5920,1
7034,7105,1
7035,6894,1
7035,7897,1
7036,1361,1
7036,2144,1
7036,5707,1
7036,6683,1
7037,4176,1
7037,6472,1
7038,6261,1
7039,3015,1
7039,4994,1
7039,6050,1
7040,1211,1
7040,1286,1
7040,5414,1
7040,5839,1
7041,5383,1
7041,5628,1
7041,7309,1
7042,5417,1
7043,4169,1
7043,5206,1
7043,7849,1
7044,1754,1
7044,4995,1
7045,4784,1
7046,4573,1
7046,7795,1
7047,4362,1
7047,7760,1
7048,3753,1
7048,4151,1
7048,7306,1
7049,1064,1
7049,1735,1
7049,3940,1
7050,3729,1
7051,3518,1
7051,5998,1
7052,3307,1
7053,1963,1
7053,3096,1
7053,6403,1
7054,2885,1
7055,2371,1
7055,2674,1
7055,4603,1
7055,7733,1
7056,2463,1
7057,136,1
7057,1759,1
7057,2252,1
7058,2041,1
7059,1830,1
7059,2814,1
7060,1619,1
7060,5460,1
7061,1408,1
7061,3343,1
7061,5643,1
7061,7454,1
7061,7593,1
7062,1197,1
7063,986,1
7063,5710,1
7064,775,1
7064,5916,1
7065,564,1
7066,353,1
7066,1797,1
7067,142,1
7067,6069,1
7068,8123,1
7069,1181,1
7069,7912,1
7070,7701,1
7071,7490,1
7072,2821,1
7072,3886,1
7072,6434,1
7072,7279,1
7073,1312,1
7073,6243,1
7073,7068,1
7074,6857,1
7075,6646,1
7075,7697,1
7076,6435,1
7077,6224,1
7078,6013,1
7078,7361,1
7079,5147,1
7079,5802,1
7080,5591,1
7081,5380,1
7082,3095,1
7082,5169,1
7083,4958,1
7083,5367,1
7084,4747,1
7084,7974,1
7085,4536,1
7086,4325,1
7086,6982,1
7087,2497,1
7087,2584,1
7087,4114,1
7088,3903,1
7088,4423,1
7089,3692,1
7090,2266,1
7090,3481,1
7090,6053,1
7091,3270,1
7092,3059,1
7093,2848,1
7093,3641,1
7093,3707,1
7094,2637,1
7094,5569,1
7095,1841,1
7095,2426,1
7095,6060,1
7096,1605,1
7096,2215,1
7096,5501,1
7097,725,1
7097,2004,1
7097,6706,1
7098,1793,1
7098,3086,1
7098,5387,1
7099,1582,1
7100,1371,1
7100,5722,1
7101,1160,1
7101,1936,1
7101,4215,1
7101,7560,1
7102,949,1
7103,738,1
7104,527,1
7105,316,1
7105,6862,1
7106,105,1
7106,493,1
7106,7055,1
7107,8086,1
7108,7875,1
7109,7664,1
7110,616,1
7110,5803,1
7110,6313,1
7110,7325,1
7110,7453,1
7111,7242,1
7112,92,1
7112,7031,1
7112,7659,1
7113,6820,1
7114,6609,1
7115,1577,1
7115,6398,1
7116,6187,1
7117,5976,1
7118,5765,1
7119,5554,1
7120,327,1
7120,5343,1
7120,7412,1
7121,5132,1
7121,5816,1
7121,6219,1
7122,1021,1
7122,4398,1
7122,4921,1
7122,5911,1
7123,4710,1
7124,4499,1
7124,8113,1
7125,4288,1
7126,1112,1
7126,4077,1
7127,3866,1
7127,4422,1
7127,8097,1
7128,1839,1
7128,3655,1
7129,3444,1
7130,2855,1
7130,3233,1
7131,3022,1
7132,2811,1
7133,2600,1
7134,2389,1
7135,2178,1
7136,1967,1
7137,1756,1
7137,3276,1
7137,4998,1
7137,7842,1
7138,1545,1
7139,1334,1
7140,1123,1
7141,912,1
7141,1177,1
7142,701,1
7143,490,1
7144,279,1
7145,68,1
7145,884,1
7146,8049,1
7147,7838,1
7148,248,1
7148,1271,1
7148,7627,1
7149,7416,1
7149,7491,1
7150,624,1
7150,5220,1
7150,7205,1
7151,6994,1
7151,7714,1
7152,6783,1
7153,3035,1
7153,6572,1
7154,6361,1
7154,7468,1
7155,6150,1
7156,4094,1
7156,5939,1
7157,5728,1
7158,5517,1
7158,6246,1
7159,2389,1
7159,5306,1
7159,6102,1
7160,344,1
7160,5095,1
7161,598,1
7161,2311,1
7161,2579,1
7161,4884,1
7162,753,1
7162,4673,1
7163,101,1
7163,2099,1
7163,4462,1
7164,4251,1
7165,4040,1
7166,542,1
7166,3829,1
7167,2068,1
7167,3618,1
7167,5269,1
7167,6612,1
7168,3407,1
7169,3196,1
7170,2985,1
7170,3263,1
7171,2774,1
7171,5798,1
7172,2563,1
7172,3953,1
7173,2352,1
7174,1140,1
7174,2141,1
7175,1930,1
7175,6107,1
7176,1719,1
7177,1508,1
7177,6960,1
7178,1214,1
7178,1297,1
7178,2227,1
7178,2709,1
7178,6202,1
7179,1086,1
7180,875,1
7180,2208,1
7181,346,1
7181,664,1
7181,3438,1
7181,3861,1
7181,5925,1
7182,453,1
7182,2511,1
7182,4044,1
7183,242,1
7183,5614,1
7184,31,1
7184,7005,1
7185,1883,1
7185,8012,1
7186,3082,1
7186,3827,1
7186,7801,1
7186,7955,1
7187,7590,1
7188,1192,1
7188,7379,1
7189,5860,1
7189,7168,1
7190,6957,1
7191,6746,1
7192,2925,1
7192,6535,1
7193,943,1
7193,6324,1
7194,3336,1
7194,6113,1
7195,1353,1
7195,5902,1
7196,5691,1
7197,4488,1
7197,5480,1
7197,6850,1
7198,5269,1
7198,5834,1
7199,5058,1
7200,4847,1
7200,7531,1
7201,3761,1
7201,4636,1
7202,4375,1
7202,4425,1
7203,4214,1
7203,5100,1
7204,4003,1
7205,1611,1
7205,3670,1
7205,3792,1
7206,3581,1
7207,3370,1
7208,3159,1
7209,2408,1
7209,2948,1
7210,2737,1
7211,182,1
7211,2526,1
7212,2315,1
7212,4805,1
7213,2104,1
7214,1893,1
7214,3272,1
7214,3444,1
7215,1682,1
7216,763,1
7216,1467,1
7216,1471,1
7217,1260,1
7218,1049,1
7218,2915,1
7218,7682,1
7219,680,1
7219,838,1
7219,4611,1
7220,290,1
7220,627,1
7220,2106,1
7220,4415,1
7220,5446,1
7221,416,1
7221,2447,1
7221,3969,1
7222,205,1
7222,2470,1
7222,4219,1
7223,3423,1
7223,7572,1
7223,8186,1
7224,2849,1
7224,7975,1
7225,7764,1
7226,2319,1
7226,7553,1
7227,7342,1
7228,7131,1
7229,6920,1
7230,1383,1
7230,6709,1
7230,7868,1
7231,396,1
7231,2929,1
7231,6498,1
7231,7045,1
7232,820,1
7232,6287,1
7233,118,1
7233,4133,1
7233,6076,1
7234,4167,1
7234,5865,1
7235,1638,1
7235,3571,1
7235,5654,1
7235,6456,1
7236,5443,1
7237,1346,1
7237,5232,1
7238,5021,1
7238,5123,1
7239,4810,1
7240,4599,1
7240,7721,1
7241,4388,1
7241,8165,1
7242,1882,1
7242,2457,1
7242,4177,1
7242,7210,1
7242,8087,1
7243,3966,1
7244,894,1
7244,3331,1
7244,3755,1
7245,3544,1
7245,3579,1
7246,2383,1
7246,3333,1
7247,3122,1
7248,2630,1
7248,2911,1
7249,2700,1
7249,5958,1
7249,8161,1
7250,2489,1
7250,8066,1
7251,2278,1
7251,2314,1
7252,2067,1
7253,819,1
7253,1856,1
7253,4871,1
7254,1645,1
7254,2730,1
7254,4058,1
7255,1434,1
7255,3376,1
7255,4515,1
7256,1223,1
7257,68,1
7257,1012,1
7258,801,1
7258,5517,1
7259,590,1
7260,379,1
7261,168,1
7262,583,1
7262,8149,1
7263,1247,1
7263,1465,1
7263,6018,1
7263,7060,1
7263,7938,1
7264,5467,1
7264,7727,1
7264,7796,1
7265,2998,1
7265,5613,1
7265,7516,1
7266,1380,1
7266,5851,1
7266,7305,1
7267,345,1
7267,7094,1
7268,6883,1
7269,1602,1
7269,6672,1
7270,1917,1
7270,6461,1
7271,6250,1
7272,1503,1
7272,2541,1
7272,4315,1
7272,6039,1
7272,7530,1
7273,4745,1
7273,5828,1
7274,2154,1
7274,5617,1
7275,4302,1
7275,5406,1
7275,6117,1
7276,3139,1
7276,3921,1
7276,5195,1
7276,7985,1
7277,4984,1
7278,547,1
7278,1282,1
7278,2757,1
7278,4773,1
7279,4346,1
7279,4562,1
7279,5579,1
7280,4351,1
7281,137,1
7281,4140,1
7282,1345,1
7282,3929,1
7282,6165,1
7283,3718,1
7284,3507,1
7284,7320,1
7285,3296,1
7285,6455,1
7286,3085,1
7286,4749,1
7286,7853,1
7287,1197,1
7287,2874,1
7287,5320,1
7287,7792,1
7288,2663,1
7289,2452,1
7290,2241,1
7290,4383,1
7290,6770,1
7291,2030,1
7292,1819,1
7292,1848,1
7293,1608,1
7294,1397,1
7295,1186,1
7295,1813,1
7296,975,1
7296,1713,1
7297,764,1
7298,553,1
7299,342,1
7300,131,1
7301,8112,1
7302,2236,1
7302,4785,1
7302,6692,1
7302,7901,1
7303,7690,1
7304,3118,1
7304,7479,1
7305,7268,1
7305,7705,1
7306,7057,1
7306,7812,1
7307,5521,1
7307,6846,1
7308,235,1
7308,6635,1
7309,186,1
7309,4194,1
7309,6424,1
7310,1013,1
7310,6213,1
7311,6002,1
7312,5791,1
7313,5580,1
7313,7490,1
7314,5369,1
7315,5158,1
7315,5817,1
7316,3010,1
7316,4947,1
7317,4736,1
7317,4842,1
7318,582,1
7318,4525,1
7318,5632,1
7318,7391,1
7319,4314,1
7320,2486,1
7320,4103,1
7320,6057,1
7321,1683,1
7321,3892,1
7321,4356,1
7321,6331,1
7321,8122,1
7322,3681,1
7322,7854,1
7323,2102,1
7323,3470,1
7323,5888,1
7324,3259,1
7324,7160,1
7324,7789,1
7325,1249,1
7325,1964,1
7325,2452,1
7325,3048,1
7326,2837,1
7327,2626,1
7328,2415,1
7328,3507,1
7328,7720,1
7329,2204,1
7330,1993,1
7330,6916,1
7330,7831,1
7331,1484,1
7331,1782,1
7332,1571,1
7332,2678,1
7332,2685,1
7332,4848,1
7333,1360,1
7333,1852,1
7333,2823,1
7334,1149,1
7334,3072,1
7335,240,1
7335,938,1
7335,2485,1
7336,727,1
7336,3488,1
7337,516,1
7337,3520,1
7338,305,1
7338,3664,1
7339,94,1
7339,4370,1
7339,5007,1
7340,784,1
7340,6921,1
7340,8075,1
7341,7864,1
7341,8130,1
7342,5329,1
7342,7645,1
7342,7653,1
7343,7442,1
7344,1639,1
7344,7231,1
7345,4567,1
7345,7020,1
7346,6809,1
7347,1870,1
7347,6598,1
7348,6387,1
7349,6176,1
7350,5965,1
7351,5754,1
7352,4207,1
7352,5543,1
7353,5332,1
7354,5121,1
7355,4910,1
7356,2168,1
7356,4699,1
7357,3717,1
7357,4488,1
7357,6131,1
7358,50,1
7358,4277,1
7359,4066,1
7359,4175,1
7360,2374,1
7360,3855,1
7361,3644,1
7361,5688,1
7362,3433,1
7363,3222,1
7363,5683,1
7364,3011,1
7365,49,1
7365,2800,1
7366,838,1
7366,2589,1
7367,637,1
7367,2378,1
7367,3635,1
7367,7519,1
7368,73,1
7368,2167,1
7368,3536,1
7368,5716,1
7369,1956,1
7369,6410,1
7370,1745,1
7370,3008,1
7371,1534,1
7371,2029,1
7371,2961,1
7372,1323,1
7373,1112,1
7373,3441,1
7374,901,1
7375,286,1
7375,690,1
7375,1654,1
7376,479,1
7377,268,1
7377,1037,1
7377,6123,1
7377,6701,1
7378,57,1
7379,8038,1
7380,2524,1
7380,4892,1
7380,7827,1
7381,4627,1
7381,7616,1
7382,6200,1
7382,7405,1
7382,7968,1
7383,457,1
7383,1034,1
7383,7194,1
7384,6983,1
7385,5584,1
7385,6772,1
7386,6241,1
7386,6561,1
7387,5272,1
7387,6350,1
7387,7231,1
7388,6139,1
7389,5928,1
7390,5717,1
7391,5506,1
7392,5295,1
7393,2297,1
7393,5084,1
7394,2181,1
7394,4873,1
7395,4662,1
7396,4292,1
7396,4451,1
7396,4725,1
7397,4240,1
7398,4029,1
7399,3119,1
7399,3818,1
7400,3607,1
7401,231,1
7401,3396,1
7401,3581,1
7402,1046,1
7402,3185,1
7402,5826,1
7403,2974,1
7403,6185,1
7404,2763,1
7404,5125,1
7405,665,1
7405,2552,1
7405,4255,1
7406,2341,1
7407,2130,1
7408,330,1
7408,1919,1
7409,1708,1
7410,1497,1
7410,1711,1
7411,1286,1
7411,4252,1
7411,7385,1
7412,1075,1
7412,1404,1
7412,2714,1
7412,7478,1
7413,864,1
7413,4648,1
7414,653,1
7414,6339,1
7415,442,1
7416,231,1
7416,4517,1
7417,20,1
7417,3751,1
7418,3334,1
7418,3363,1
7418,3988,1
7418,7736,1
7418,8001,1
7419,4048,1
7419,7790,1
7420,5237,1
7420,7036,1
7420,7579,1
7420,7728,1
7421,6541,1
7421,7368,1
7422,1295,1
7422,4917,1
7422,7157,1
7422,7499,1
7423,3590,1
7423,6946,1
7424,6735,1
7425,5583,1
7425,6524,1
7426,3133,1
7426,4451,1
7426,6313,1
7426,7646,1
7427,2766,1
7427,4103,1
7427,6102,1
7428,5882,1
7428,5891,1
7429,1422,1
7429,2833,1
7429,5680,1
7430,5469,1
7431,1178,1
7431,5258,1
7432,5047,1
7433,4836,1
7433,4995,1
7434,263,1
7434,4625,1
7435,813,1
7435,944,1
7435,4414,1
7436,4203,1
7437,2304,1
7437,3992,1
7437,4974,1
7438,3781,1
7438,7788,1
7439,3552,1
7439,3570,1
7439,3802,1
7440,3359,1
7441,3148,1
7441,6129,1
7441,7234,1
7442,2937,1
7443,2726,1
7444,2515,1
7444,3059,1
7445,2304,1
7446,1142,1
7446,2093,1
7447,1882,1
7447,3591,1
7448,1671,1
7449,1460,1
7449,3665,1
7450,1249,1
7450,3652,1
7450,4728,1
7451,1038,1
7452,827,1
7453,60,1
7453,616,1
7453,6992,1
7454,405,1
7454,1766,1
7454,5167,1
7455,194,1
7456,933,1
7456,2448,1
7456,8175,1
7457,2550,1
7457,7964,1
7458,7753,1
7459,6610,1
7459,7270,1
7459,7542,1
7460,7331,1
7461,5055,1
7461,7120,1
7461,7417,1
7462,347,1
7462,652,1
7462,5072,1
7462,6909,1
7463,6698,1
7463,7448,1
7464,6487,1
7465,6276,1
7466,6065,1
7467,2564,1
7467,5854,1
7468,5643,1
7469,4495,1
7469,5432,1
7470,3329,1
7470,5221,1
7470,5484,1
7471,5010,1
7472,3551,1
7472,4799,1
7473,4588,1
7474,3723,1
7474,4377,1
7475,4166,1
7476,3955,1
7477,3744,1
7478,1938,1
7478,3533,1
7478,6883,1
7479,2255,1
7479,3005,1
7479,3322,1
7479,4860,1
7480,3111,1
7481,2074,1
7481,2900,1
7482,2689,1
7482,3661,1
7483,2478,1
7483,3282,1
7483,4149,1
7484,110,1
7484,2267,1
7484,3785,1
7485,2056,1
7486,1845,1
7486,6624,1
7486,7962,1
7487,1634,1
7487,7875,1
7488,1423,1
7489,1212,1
7489,6386,1
7490,1001,1
7491,790,1
7491,1971,1
7491,8099,1
7492,579,1
7492,1720,1
7492,2117,1
7493,368,1
7494,157,1
7495,8138,1
7496,7927,1
7497,7716,1
7498,5747,1
7498,6451,1
7498,7505,1
7499,5056,1
7499,7195,1
7499,7294,1
7499,8091,1
7500,3183,1
7500,4360,1
7500,7083,1
7500,7419,1
7501,6872,1
7502,3132,1
7502,6635,1
7502,6661,1
7503,3601,1
7503,5663,1
7503,6450,1
7504,5659,1
7504,6239,1
7505,706,1
7505,6028,1
7506,5817,1
7507,4705,1
7507,5606,1
7507,7235,1
7508,82,1
7508,1880,1
7508,5395,1
7509,5184,1
7510,1777,1
7510,4287,1
7510,4973,1
7511,4762,1
7512,4551,1
7512,4702,1
7513,4340,1
7514,4129,1
7515,3918,1
7516,3707,1
7516,7405,1
7517,3496,1
7517,5118,1
7518,3285,1
7518,4531,1
7518,4620,1
7519,3074,1
7519,4341,1
7520,2863,1
7521,2652,1
7521,4109,1
7521,6736,1
7522,1008,1
7522,2441,1
7522,3794,1
7522,7151,1
7522,7566,1
7523,2230,1
7523,7035,1
7523,7084,1
7524,2019,1
7525,1808,1
7525,2566,1
7526,1450,1
7526,1597,1
7526,2848,1
7526,3220,1
7526,7200,1
7527,202,1
7527,1386,1
7528,1175,1
7528,2005,1
7528,6644,1
7529,964,1
7529,4651,1
7530,753,1
7530,4557,1
7530,6158,1
7531,542,1
7531,4726,1
7532,331,1
7532,5476,1
7533,120,1
7534,3227,1
7534,8101,1
7535,999,1
7535,7890,1
7536,3091,1
7536,3322,1
7536,5605,1
7536,7679,1
7537,7468,1
7538,2850,1
7538,7257,1
7539,7046,1
7540,458,1
7540,2308,1
7540,6835,1
7541,6624,1
7542,4261,1
7542,6413,1
7543,6202,1
7544,5991,1
7545,1392,1
7545,5780,1
7545,6262,1
7546,5569,1
7547,3033,1
7547,3694,1
7547,5358,1
7547,6806,1
7548,3851,1
7548,5147,1
7549,4936,1
7550,2008,1
7550,4725,1
7551,4514,1
7552,4303,1
7553,3580,1
7553,3595,1
7553,4092,1
7554,1171,1
7554,3881,1
7554,5030,1
7555,561,1
7555,1618,1
7555,3670,1
7556,2530,1
7556,2614,1
7556,3459,1
7556,4096,1
7557,3248,1
7557,6775,1
7557,7978,1
7558,3037,1
7559,2777,1
7559,2826,1
7559,5696,1
7559,7640,1
7560,2615,1
7560,3173,1
7560,7922,1
7561,2404,1
7562,2193,1
7562,6400,1
7563,1982,1
7564,1771,1
7564,7521,1
7565,1560,1
7566,1349,1
7567,1138,1
7567,3029,1
7568,210,1
7568,670,1
7568,927,1
7568,4249,1
7569,716,1
7569,8020,1
7570,505,1
7570,3021,1
7571,294,1
7572,83,1
7573,32,1
7573,5256,1
7573,8064,1
7574,7853,1
7575,7642,1
7576,4739,1
7576,7431,1
7577,7220,1
7578,7009,1
7579,1700,1
7579,6798,1
7579,7167,1
7580,4530,1
7580,6587,1
7581,6376,1
7582,2142,1
7582,6165,1
7583,859,1
7583,5954,1
7584,5743,1
7585,5532,1
7586,1400,1
7586,5321,1
7587,5110,1
7588,4899,1
7589,4688,1
7590,4477,1
7591,1336,1
7591,3525,1
7591,4266,1
7592,4055,1
7592,4273,1
7593,500,1
7593,3844,1
7594,3633,1
7595,3422,1
7595,5092,1
7596,538,1
7596,3211,1
7597,2710,1
7597,3000,1
7598,2789,1
7598,4113,1
7599,2578,1
7599,5862,1
7600,1170,1
7600,2367,1
7601,2156,1
7602,1945,1
7603,1734,1
7604,1523,1
7605,104,1
7605,1312,1
7605,2458,1
7605,5751,1
7605,8094,1
7606,1101,1
7607,890,1
7607,4493,1
7608,679,1
7608,2663,1
7608,4453,1
7608,4861,1
7609,468,1
7609,7768,1
7610,257,1
7610,2455,1
7611,46,1
7611,5989,1
7612,2737,1
7612,8027,1
7612,8123,1
7613,7803,1
7613,7816,1
7614,4992,1
7614,5262,1
7614,5858,1
7614,7605,1
7615,5898,1
7615,7394,1
7616,2274,1
7616,7183,1
7616,8182,1
7617,6972,1
7618,1183,1
7618,6761,1
7619,6550,1
7620,702,1
7620,6339,1
7620,6664,1
7621,6128,1
7622,1104,1
7622,5356,1
7622,5917,1
7623,5283,1
7623,5706,1
7624,772,1
7624,5371,1
7624,5495,1
7624,6038,1
7624,7475,1
7625,4977,1
7625,5284,1
7626,3143,1
7626,5073,1
7626,6350,1
7627,2593,1
7627,4862,1
7628,2691,1
7628,3233,1
7628,4651,1
7629,4440,1
7629,7449,1
7630,4229,1
7631,4018,1
7632,3807,1
7633,2360,1
7633,3452,1
7633,3596,1
7633,5585,1
7634,2542,1
7634,3385,1
7635,3174,1
7635,3831,1
7635,7382,1
7636,938,1
7636,2963,1
7637,2752,1
7637,7043,1
7638,1607,1
7638,2541,1
7639,2330,1
7639,8030,1
7640,291,1
7640,2119,1
7640,8180,1
7641,1614,1
7641,1908,1
7641,7737,1
7642,1697,1
7643,1486,1
7643,5749,1
7643,7046,1
7644,1275,1
7645,1064,1
7645,4211,1
7646,853,1
7647,53,1
7647,642,1
7647,5317,1
7648,431,1
7649,220,1
7650,9,1
7651,430,1
7651,1291,1
7651,4717,1
7651,7990,1
7652,975,1
7652,7779,1
7653,7568,1
7654,7357,1
7655,7146,1
7656,6935,1
7657,6724,1
7657,8028,1
7658,6513,1
7659,2479,1
7659,6302,1
7660,1541,1
7660,4544,1
7660,6091,1
7661,3701,1
7661,5880,1
7662,5669,1
7662,8191,1
7663,5063,1
7663,5458,1
7664,445,1
7664,5247,1
7664,5315,1
7665,1308,1
7665,5036,1
7666,4825,1
7666,8146,1
7667,4614,1
7668,2661,1
7668,4403,1
7669,2964,1
7669,4192,1
7670,3981,1
7670,6517,1
7671,3770,1
7672,3559,1
7673,2708,1
7673,3348,1
7673,7596,1
7674,3137,1
7674,3253,1
7675,2926,1
7675,5776,1
7676,325,1
7676,2715,1
7676,2887,1
7677,2504,1
7678,2293,1
7679,2082,1
7679,7988,1
7680,1871,1
7681,1660,1
7681,6633,1
7681,6691,1
7681,6789,1
7682,1449,1
7682,5760,1
7682,6297,1
7683,663,1
7683,1238,1
7684,1027,1
7684,1863,1
7684,3506,1
7684,5171,1
7685,816,1
7685,6268,1
7686,605,1
7686,6767,1
7687,394,1
7687,4529,1
7687,7914,1
7688,183,1
7689,3041,1
7689,4466,1
7689,8164,1
7690,7953,1
7691,7742,1
7692,7531,1
7693,7320,1
7694,443,1
7694,7109,1
7695,6898,1
7695,7501,1
7696,5796,1
7696,6687,1
7697,1519,1
7697,6476,1
7698,6265,1
7699,6054,1
7700,4373,1
7700,5843,1
7701,4407,1
7701,5632,1
7702,5421,1
7703,4676,1
7703,5210,1
7704,1202,1
7704,4999,1
7704,7879,1
7705,4788,1
7706,4577,1
7706,4816,1
7706,7908,1
7707,1888,1
7707,4243,1
7707,4366,1
7707,6575,1
7707,7997,1
7708,4155,1
7708,6435,1
7709,2014,1
7709,3605,1
7709,3944,1
7709,5218,1
7709,5810,1
7710,987,1
7710,3733,1
7711,3522,1
7711,4988,1
7711,7057,1
7712,3311,1
7713,3100,1
7713,5991,1
7714,1107,1
7714,2889,1
7714,6279,1
7714,6683,1
7715,2678,1
7715,6116,1
7716,2467,1
7717,2256,1
7718,1434,1
7718,2045,1
7719,1834,1
7720,1623,1
7720,7026,1
7721,1412,1
7721,3037,1
7722,1201,1
7722,3127,1
7722,5684,1
7723,990,1
7724,779,1
7724,3427,1
7725,568,1
7726,357,1
7727,146,1
7728,237,1
7728,8127,1
7729,3088,1
7729,7916,1
7730,2059,1
7730,7705,1
7731,7494,1
7732,7283,1
7733,7072,1
7734,3700,1
7734,3854,1
7734,6127,1
7734,6861,1
7735,6650,1
7736,6439,1
7737,232,1
7737,4278,1
7737,6228,1
7737,7917,1
7738,6017,1
7739,489,1
7739,5364,1
7739,5806,1
7740,4045,1
7740,5595,1
7740,7502,1
7741,5384,1
7742,5173,1
7743,4962,1
7744,4751,1
7745,4540,1
7746,4329,1
7746,4838,1
7747,15,1
7747,4118,1
7747,5492,1
7748,3907,1
7748,5474,1
7749,3696,1
7749,4027,1
7750,3217,1
7750,3485,1
7751,3274,1
7751,3615,1
7752,3063,1
7752,3251,1
7753,1347,1
7753,2852,1
7754,1829,1
7754,2641,1
7755,2172,1
7755,2430,1
7756,2219,1
7757,1294,1
7757,2008,1
7757,4915,1
7758,1797,1
7759,1586,1
7760,494,1
7760,1375,1
7760,2869,1
7761,61,1
7761,1164,1
7761,3332,1
7761,4397,1
7761,5351,1
7761,5533,1
7761,6444,1
7762,953,1
7762,7204,1
7763,742,1
7764,531,1
7765,320,1
7765,4208,1
7766,109,1
7766,3403,1
7767,8090,1
7768,2523,1
7768,7879,1
7769,7668,1
7770,7457,1
7771,1786,1
7771,7246,1
7772,1807,1
7772,2613,1
7772,7035,1
7773,1264,1
7773,6824,1
7774,5186,1
7774,6613,1
7775,746,1
7775,6402,1
7776,6191,1
7777,2138,1
7777,5259,1
7777,5980,1
7778,1665,1
7778,3994,1
7778,5769,1
7779,739,1
7779,5558,1
7780,7,1
7780,5347,1
7781,972,1
7781,1948,1
7781,5136,1
7781,7455,1
7782,262,1
7782,4925,1
7782,5288,1
7783,4714,1
7784,4503,1
7785,1929,1
7785,3164,1
7785,4292,1
7786,4081,1
7786,6438,1
7786,6869,1
7787,3328,1
7787,3870,1
7787,4583,1
7788,3659,1
7788,3775,1
7788,4050,1
7789,3448,1
7790,1584,1
7790,3237,1
7791,3026,1
7791,3273,1
7792,2815,1
7792,5155,1
7792,6248,1
7793,2007,1
7793,2572,1
7793,2604,1
7793,3740,1
7793,6103,1
7794,2393,1
7794,5514,1
7795,2182,1
7796,1971,1
7796,8085,1
7797,1704,1
7797,1760,1
7798,1549,1
7799,1338,1
7799,8045,1
7800,1127,1
7800,3548,1
7801,916,1
7802,705,1
7802,1905,1
7803,494,1
7803,4780,1
7804,283,1
7804,5507,1
7805,72,1
7805,4342,1
7805,6820,1
7806,3732,1
7806,7949,1
7806,8053,1
7807,7842,1
7808,7631,1
7809,873,1
7809,7420,1
7810,757,1
7810,3360,1
7810,4165,1
7810,6591,1
7810,7209,1
7811,368,1
7811,5089,1
7811,6998,1
7811,7032,1
7812,6787,1
7813,6576,1
7814,3648,1
7814,6152,1
7814,6365,1
7815,6154,1
7816,2205,1
7816,5943,1
7816,7587,1
7817,5732,1
7817,6381,1
7818,5521,1
7819,877,1
7819,2790,1
7819,2916,1
7819,5310,1
7819,6686,1
7820,1804,1
7820,5099,1
7821,3134,1
7821,4888,1
7822,4677,1
7823,2124,1
7823,4466,1
7824,4255,1
7825,3917,1
7825,4035,1
7825,4044,1
7826,3049,1
7826,3833,1
7827,3056,1
7827,3622,1
7828,3411,1
7829,850,1
7829,3200,1
7829,4591,1
7829,5877,1
7830,2989,1
7831,2778,1
7832,2032,1
7832,2567,1
7833,2356,1
7833,3872,1
7834,2145,1
7835,1934,1
7836,1723,1
7837,1512,1
7838,1301,1
7838,5028,1
7838,5864,1
7839,1090,1
7839,3171,1
7839,4621,1
7839,6928,1
7840,879,1
7840,1414,1
7841,668,1
7841,5252,1
7841,6214,1
7842,457,1
7842,3476,1
7843,246,1
7843,4284,1
7844,35,1
7844,5088,1
7845,8016,1
7846,1538,1
7846,7805,1
7847,7594,1
7848,2155,1
7848,7383,1
7848,7430,1
7849,2434,1
7849,7172,1
7850,3535,1
7850,4650,1
7850,5015,1
7850,6961,1
7851,6750,1
7851,7860,1
7852,2923,1
7852,3909,1
7852,6539,1
7853,6328,1
7854,6117,1
7854,6831,1
7855,3511,1
7855,5906,1
7856,5695,1
7857,2519,1
7857,4807,1
7857,5484,1
7858,1722,1
7858,2568,1
7858,4280,1
7858,5273,1
7859,3350,1
7859,5062,1
7860,4851,1
7860,6586,1
7861,3385,1
7861,4640,1
7861,5313,1
7862,4429,1
7863,4218,1
7864,4007,1
7865,3796,1
7865,5782,1
7866,1269,1
7866,3540,1
7866,3585,1
7866,7098,1
7867,768,1
7867,911,1
7867,3374,1
7868,3163,1
7869,2952,1
7870,843,1
7870,2741,1
7871,2530,1
7872,2319,1
7873,628,1
7873,2108,1
7874,127,1
7874,1897,1
7874,3115,1
7874,3622,1
7874,3695,1
7875,1686,1
7876,1475,1
7876,2620,1
7876,5190,1
7877,1264,1
7878,1053,1
7879,842,1
7879,3522,1
7879,7536,1
7880,631,1
7881,420,1
7881,6923,1
7882,209,1
7883,2969,1
7883,4110,1
7883,8190,1
7884,7979,1
7885,7573,1
7885,7768,1
7886,4171,1
7886,5875,1
7886,7557,1
7887,7346,1
7888,370,1
7888,7039,1
7888,7135,1
7889,2727,1
7889,6062,1
7889,6924,1
7890,168,1
7890,315,1
7890,4699,1
7890,6713,1
7891,6502,1
7892,2076,1
7892,4885,1
7892,6291,1
7893,6080,1
7894,5869,1
7894,8135,1
7895,295,1
7895,5658,1
7895,5825,1
7896,5447,1
7896,6085,1
7897,5236,1
7898,4967,1
7898,5025,1
7899,1528,1
7899,4814,1
7899,6301,1
7900,4603,1
7900,6811,1
7901,4392,1
7902,2249,1
7902,4181,1
7902,4593,1
7902,6758,1
7903,3970,1
7904,3759,1
7905,3548,1
7905,4126,1
7905,6106,1
7906,3337,1
7907,1289,1
7907,3126,1
7908,2915,1
7909,2704,1
7909,4227,1
7910,2493,1
7910,3326,1
7911,2282,1
7911,4765,1
7911,7461,1
7912,2071,1
7913,1860,1
7914,1649,1
7915,1438,1
7915,5809,1
7916,1127,1
7916,1227,1
7916,5866,1
7916,7626,1
7917,1016,1
7917,2289,1
7918,805,1
7918,4443,1
7919,594,1
7919,4251,1
7920,383,1
7920,2805,1
7920,6969,1
7920,7514,1
7921,172,1
7922,8153,1
7923,7942,1
7924,3196,1
7924,7731,1
7925,7307,1
7925,7520,1
7926,12,1
7926,7309,1
7927,7098,1
7928,6887,1
7928,8090,1
7929,6676,1
7930,6465,1
7931,6254,1
7932,6043,1
7933,5832,1
7933,8043,1
7934,5621,1
7935,5410,1
7936,2157,1
7936,5199,1
7936,8127,1
7937,1454,1
7937,4988,1
7938,2067,1
7938,4777,1
7939,4566,1
7940,3247,1
7940,3966,1
7940,4355,1
7941,2113,1
7941,4144,1
7942,3933,1
7943,3722,1
7944,3098,1
7944,3511,1
7944,8052,1
7945,3300,1
7945,4672,1
7946,1728,1
7946,3089,1
7947,2878,1
7947,5829,1
7947,6672,1
7947,6993,1
7948,2367,1
7948,2667,1
7949,2456,1
7950,1390,1
7950,2245,1
7950,5390,1
7951,2034,1
7952,1823,1
7953,1218,1
7953,1612,1
7954,1401,1
7954,5927,1
7954,7196,1
7955,525,1
7955,1190,1
7956,979,1
7957,768,1
7958,557,1
7958,2804,1
7958,3618,1
7959,346,1
7960,135,1
7961,8116,1
7962,5263,1
7962,7905,1
7963,7694,1
7964,3023,1
7964,6414,1
7964,7483,1
7965,7272,1
7966,7061,1
7967,6850,1
7968,6639,1
7969,6428,1
7970,2235,1
7970,3101,1
7970,6217,1
7971,6006,1
7972,5795,1
7973,5584,1
7974,5373,1
7975,572,1
7975,2843,1
7975,3034,1
7975,5162,1
7976,354,1
7976,1542,1
7976,4951,1
7976,5040,1
7977,1718,1
7977,4740,1
7978,4529,1
7979,1025,1
7979,4318,1
7980,4107,1
7980,5176,1
7981,3451,1
7981,3896,1
7981,7618,1
7982,459,1
7982,676,1
7982,3685,1
7983,3474,1
7984,3263,1
7985,2690,1
7985,3052,1
7986,2841,1
7987,2630,1
7988,2419,1
7989,2208,1
7989,6762,1
7990,1997,1
7990,4049,1
7991,1786,1
7991,2023,1
7992,1575,1
7992,3742,1
7993,997,1
7993,1364,1
7994,1153,1
7994,6261,1
7995,942,1
7995,5566,1
7996,731,1
7996,4614,1
7997,282,1
7997,520,1
7997,2310,1
7997,6307,1
7998,309,1
7998,3155,1
7999,98,1
7999,1491,1
8000,30,1
8000,8079,1
8001,981,1
8001,2824,1
8001,7868,1
8002,7657,1
8003,7446,1
8004,7235,1
8005,7024,1
8006,6813,1
8007,6602,1
8008,6391,1
8009,6180,1
8010,1179,1
8010,3375,1
8010,4818,1
8010,5969,1
8010,7989,1
8011,5758,1
8012,3393,1
8012,5547,1
8013,5336,1
8014,5125,1
8014,7192,1
8015,400,1
8015,4914,1
8016,1001,1
8016,4703,1
8017,4492,1
8018,906,1
8018,4281,1
8018,4622,1
8019,200,1
8019,2185,1
8019,4070,1
8020,2051,1
8020,3859,1
8021,3648,1
8021,5083,1
8022,90,1
8022,2019,1
8022,3437,1
8023,3226,1
8023,5174,1
8024,3015,1
8025,2804,1
8025,6407,1
8026,696,1
8026,2593,1
8026,4335,1
8026,4733,1
8027,96,1
8027,2382,1
8027,4357,1
8028,2171,1
8028,5244,1
8029,1960,1
8030,1749,1
8030,2353,1
8031,261,1
8031,1538,1
8031,2713,1
8031,5363,1
8032,1327,1
8032,2853,1
8033,1116,1
8033,5443,1
8034,905,1
8034,6423,1
8035,694,1
8035,7076,1
8036,483,1
8036,982,1
8036,8118,1
8037,272,1
8038,61,1
8038,687,1
8039,8042,1
8040,891,1
8040,7831,1
8041,3957,1
8041,4686,1
8041,5693,1
8041,7620,1
8042,7409,1
8043,2324,1
8043,7198,1
8044,6121,1
8044,6987,1
8045,5430,1
8045,6776,1
8045,7033,1
8046,167,1
8046,6565,1
8047,1003,1
8047,6354,1
8048,6143,1
8049,5932,1
8050,5721,1
8050,7114,1
8051,1606,1
8051,5510,1
8052,5299,1
8053,5088,1
8053,5593,1
8053,6487,1
8054,4877,1
8054,7282,1
8055,1671,1
8055,4666,1
8056,4455,1
8057,3356,1
8057,4244,1
8057,4940,1
8058,243,1
8058,4033,1
8058,4850,1
8059,3822,1
8060,3611,1
8060,5093,1
8061,3400,1
8062,622,1
8062,3189,1
8062,4930,1
8063,2978,1
8063,6642,1
8064,2767,1
8065,2556,1
8066,2345,1
8067,2134,1
8068,1923,1
8068,3993,1
8069,1712,1
8069,4555,1
8069,5725,1
8070,1501,1
8070,7183,1
8071,1290,1
8071,1452,1
8071,2697,1
8072,1079,1
8073,868,1
8073,4721,1
8074,657,1
8074,4960,1
8075,446,1
8076,235,1
8076,6639,1
8077,24,1
8077,3341,1
8078,1067,1
8078,8005,1
8079,1733,1
8079,4637,1
8079,7794,1
8080,4269,1
8080,7583,1
8081,7372,1
8081,7662,1
8082,7161,1
8083,6950,1
8084,6739,1
8085,6528,1
8086,5346,1
8086,6317,1
8087,6106,1
8088,5895,1
8089,5684,1
8089,8055,1
8090,5473,1
8090,5962,1
8091,5262,1
8092,5051,1
8093,2438,1
8093,4192,1
8093,4840,1
8093,5960,1
8094,4629,1
8095,4159,1
8095,4418,1
8096,52,1
8096,4207,1
8096,7565,1
8097,1413,1
8097,1968,1
8097,2681,1
8097,3996,1
8098,778,1
8098,3556,1
8098,3785,1
8099,596,1
8099,1744,1
8099,3559,1
8099,3574,1
8099,4232,1
8099,6055,1
8099,7689,1
8100,3363,1
8101,2748,1
8101,3152,1
8101,4309,1
8102,1489,1
8102,2941,1
8102,8184,1
8103,2730,1
8103,6274,1
8104,2200,1
8104,2489,1
8104,2519,1
8104,4540,1
8105,2308,1
8106,310,1
8106,2097,1
8107,144,1
8107,1886,1
8107,6336,1
8108,692,1
8108,1675,1
8108,6945,1
8109,1464,1
8109,6594,1
8110,1253,1
8111,1042,1
8112,831,1
8113,620,1
8114,409,1
8115,198,1
8115,3259,1
8115,6176,1
8116,8179,1
8117,7968,1
8118,4053,1
8118,7215,1
8118,7757,1
8119,7546,1
8120,789,1
8120,1299,1
8120,2999,1
8120,7335,1
8121,378,1
8121,2224,1
8121,5670,1
8121,7124,1
8121,7189,1
8122,6913,1
8123,1717,1
8123,3746,1
8123,6702,1
8124,6491,1
8125,1206,1
8125,6280,1
8126,1004,1
8126,3878,1
8126,6069,1
8127,5858,1
8128,5647,1
8129,5436,1
8129,6058,1
8130,5225,1
8131,5014,1
8131,6829,1
8132,1727,1
8132,4803,1
8132,5955,1
8132,7185,1
8133,4592,1
8133,5720,1
8134,2866,1
8134,4381,1
8134,7240,1
8135,4170,1
8136,176,1
8136,3959,1
8137,3748,1
8137,4193,1
8138,3370,1
8138,3537,1
8139,1408,1
8139,3081,1
8139,3326,1
8139,4891,1
8140,3115,1
8140,7867,1
8141,2904,1
8141,4125,1
8141,5258,1
8142,258,1
8142,2693,1
8142,3454,1
8142,7574,1
8143,796,1
8143,2482,1
8144,2271,1
8144,4043,1
8145,464,1
8145,2060,1
8146,1849,1
8146,4754,1
8147,1638,1
8148,1427,1
8149,1216,1
8149,1588,1
8150,1005,1
8151,794,1
8151,4076,1
8152,583,1
8152,5984,1
8153,372,1
8154,161,1
8155,4120,1
8155,7698,1
8155,8142,1
8156,7931,1
8157,7720,1
8158,6022,1
8158,6715,1
8158,7509,1
8159,7298,1
8160,1117,1
8160,7087,1
8161,3978,1
8161,6876,1
8162,6665,1
8163,6118,1
8163,6454,1
8164,6243,1
8165,6032,1
8166,5821,1
8167,5610,1
8168,5399,1
8169,5188,1
8169,6322,1
8170,4977,1
8171,4766,1
8171,5878,1
8172,1199,1
8172,4555,1
8173,4344,1
8173,5640,1
8174,4133,1
8175,3922,1
8175,7150,1
8176,63,1
8176,3711,1
8177,995,1
8177,3500,1
8178,3289,1
8178,3633,1
8178,4083,1
8178,5309,1
8179,3078,1
8180,2867,1
8181,2656,1
8182,2445,1
8183,2234,1
8184,2023,1
8185,1812,1
8185,4426,1
8185,4670,1
8186,1601,1
8187,1390,1
8188,1179,1
8189,968,1
8189,2280,1
8189,2832,1
8190,159,1
8190,757,1
8191,546,1
8191,1471,1
