source,target,weight
0,335,1
0,6158,1
1,124,1
1,30910,1
2,13455,1
2,32681,1
3,12326,1
3,14789,1
3,28468,1
3,32470,1
4,17486,1
4,32259,1
5,32048,1
6,5613,1
6,31837,1
7,26933,1
7,31626,1
8,31415,1
8,31454,1
9,15845,1
9,31204,1
10,888,1
10,18694,1
10,26457,1
10,30993,1
11,3376,1
11,29028,1
11,30782,1
12,19943,1
12,22184,1
12,24729,1
12,30571,1
13,30360,1
14,27714,1
14,30149,1
15,15497,1
15,29938,1
16,29727,1
17,17375,1
17,21165,1
17,29516,1
18,29305,1
19,13829,1
19,29094,1
20,4178,1
20,23811,1
20,28883,1
21,28542,1
21,28672,1
22,16709,1
22,28461,1
23,13685,1
23,16588,1
23,28250,1
24,20118,1
24,28039,1
25,2508,1
25,9329,1
25,27828,1
26,1578,1
26,11857,1
26,21199,1
26,27617,1
27,12102,1
27,27406,1
28,11461,1
28,27195,1
29,26984,1
30,26773,1
31,21218,1
31,26562,1
32,4681,1
32,16653,1
32,20254,1
32,26351,1
33,26140,1
34,25929,1
35,25718,1
36,25507,1
36,27383,1
36,31747,1
37,15046,1
37,25296,1
37,27822,1
38,25085,1
39,24874,1
40,24663,1
40,32367,1
41,24452,1
42,24241,1
43,7203,1
43,14098,1
43,19757,1
43,24030,1
44,23819,1
45,9788,1
45,23608,1
46,23397,1
47,23186,1
48,22975,1
49,22764,1
50,9965,1
50,22553,1
50,25093,1
51,22342,1
51,30920,1
52,619,1
52,22131,1
52,22498,1
53,21920,1
54,9381,1
54,21709,1
54,21880,1
55,20974,1
55,21498,1
55,27985,1
56,21287,1
56,26620,1
57,2313,1
57,21076,1
58,20865,1
58,29388,1
59,20654,1
59,20865,1
60,20443,1
61,20232,1
62,17402,1
62,20021,1
63,5529,1
63,10603,1
63,19810,1
64,19599,1
65,19388,1
66,17615,1
66,19177,1
66,22017,1
67,14930,1
67,18966,1
67,26669,1
68,1833,1
68,18755,1
68,28159,1
69,13152,1
69,18544,1
70,4957,1
70,18333,1
71,7992,1
71,9503,1
71,18122,1
71,22058,1
71,31414,1
72,14903,1
72,17911,1
73,2232,1
73,17700,1
74,17489,1
75,17278,1
76,11665,1
76,17067,1
76,25663,1
77,16856,1
78,9180,1
78,16645,1
79,16434,1
79,18493,1
79,23980,1
80,16223,1
80,21281,1
81,16012,1
82,6075,1
82,15801,1
82,17994,1
83,15052,1
83,15590,1
83,17195,1
83,30872,1
84,15379,1
85,5186,1
85,10555,1
85,15168,1
86,4550,1
86,14957,1
87,14746,1
87,24836,1
88,12302,1
88,14535,1
88,18582,1
89,14324,1
90,14113,1
91,12234,1
91,13902,1
92,425,1
92,7399,1
92,7869,1
92,13691,1
93,13480,1
94,8703,1
94,13269,1
95,13058,1
96,12847,1
96,27718,1
97,12636,1
98,2843,1
98,7281,1
98,12425,1
99,12214,1
100,12003,1
100,17146,1
101,11792,1
101,18084,1
102,11581,1
102,22380,1
102,32584,1
103,378,1
103,8368,1
103,11370,1
104,11159,1
105,10948,1
106,10737,1
107,7345,1
107,7692,1
107,10526,1
107,16571,1
107,24025,1
108,10315,1
109,10104,1
109,27807,1
110,9893,1
110,13115,1
111,9682,1
111,12395,1
112,9471,1
113,9260,1
113,10889,1
113,12198,1
114,9049,1
114,11488,1
115,8838,1
115,9305,1
116,8627,1
116,12520,1
116,17758,1
117,8416,1
117,26562,1
118,8205,1
118,13531,1
119,7994,1
119,29626,1
120,7783,1
121,7572,1
121,16878,1
121,25197,1
122,7361,1
122,18003,1
123,7111,1
123,7150,1
123,18543,1
124,6939,1
124,11983,1
125,6728,1
126,2431,1
126,4487,1
126,6517,1
127,6306,1
127,11843,1
128,4026,1
128,6095,1
128,28814,1
129,5884,1
129,8244,1
129,16983,1
130,2145,1
130,3783,1
130,5673,1
130,25107,1
131,5462,1
132,5251,1
132,27038,1
132,28942,1
133,5040,1
133,20491,1
134,4829,1
134,20114,1
135,4618,1
136,4407,1
136,9460,1
137,4196,1
138,3985,1
138,13200,1
139,3774,1
139,32167,1
140,3563,1
140,13219,1
141,3352,1
142,3141,1
143,2930,1
144,2719,1
145,2508,1
146,2297,1
146,19446,1
147,2086,1
148,1875,1
148,12676,1
149,1664,1
149,9306,1
149,13657,1
149,15355,1
150,1453,1
151,1242,1
151,25176,1
152,1031,1
153,820,1
153,5589,1
154,609,1
154,21135,1
155,398,1
156,187,1
156,23263,1
157,32744,1
158,5301,1
158,19278,1
158,32533,1
159,32322,1
160,7731,1
160,32111,1
161,31900,1
162,31689,1
163,9707,1
163,31478,1
164,13591,1
164,31267,1
165,3966,1
165,31056,1
166,4395,1
166,13957,1
166,30404,1
166,30845,1
167,30634,1
168,30423,1
169,10041,1
169,30212,1
170,30001,1
171,29790,1
172,28362,1
172,29579,1
173,19892,1
173,29368,1
174,239,1
174,2541,1
174,12986,1
174,29157,1
175,28946,1
176,28735,1
177,12848,1
177,28524,1
178,20493,1
178,28313,1
179,23081,1
179,28102,1
180,14028,1
180,16599,1
180,20175,1
180,27891,1
181,7599,1
181,27680,1
182,1832,1
182,27469,1
183,27258,1
184,921,1
184,27047,1
185,16122,1
185,26836,1
186,26625,1
186,28187,1
187,22694,1
187,23501,1
187,26414,1
188,26203,1
189,25992,1
190,25781,1
191,21231,1
191,25570,1
192,25359,1
193,25148,1
194,24937,1
195,24726,1
196,24515,1
197,1469,1
197,24304,1
198,24093,1
199,23882,1
200,23671,1
200,31804,1
201,23460,1
202,23249,1
203,5757,1
203,23038,1
204,22827,1
205,8307,1
205,14317,1
205,22616,1
206,22381,1
206,22405,1
207,22194,1
208,20683,1
208,21983,1
209,21772,1
210,9032,1
210,21561,1
211,21350,1
212,10302,1
212,19592,1
212,21139,1
212,25229,1
213,20928,1
214,20717,1
214,28025,1
215,20506,1
216,20295,1
217,2854,1
217,8766,1
217,17177,1
217,20084,1
218,17522,1
218,19873,1
218,31731,1
219,19662,1
220,19451,1
221,19240,1
222,19029,1
223,18818,1
224,18607,1
225,2714,1
225,5726,1
225,18396,1
225,30050,1
226,18185,1
227,17974,1
228,17763,1
229,6078,1
229,17552,1
230,17341,1
230,27700,1
231,3212,1
231,5565,1
231,13641,1
231,17130,1
231,31547,1
232,3816,1
232,16919,1
232,16939,1
233,16708,1
234,5891,1
234,16497,1
234,28933,1
235,16286,1
235,22850,1
236,16075,1
237,5123,1
237,15864,1
237,24165,1
238,3407,1
238,13335,1
238,15653,1
239,443,1
239,12698,1
239,15442,1
239,18604,1
240,15231,1
241,9025,1
241,15020,1
241,17954,1
241,19549,1
241,24869,1
241,28861,1
242,10266,1
242,14809,1
242,21866,1
243,11261,1
243,14598,1
243,30195,1
244,14387,1
245,6304,1
245,14032,1
245,14176,1
245,18390,1
246,13526,1
246,13965,1
247,13754,1
247,26025,1
248,13543,1
249,13332,1
249,29623,1
250,1774,1
250,13121,1
250,14001,1
251,5942,1
251,12910,1
252,2423,1
252,9605,1
252,12699,1
252,25532,1
253,3570,1
253,12488,1
254,12277,1
254,31767,1
255,11819,1
255,12066,1
256,11855,1
256,25580,1
256,29217,1
257,11644,1
258,11433,1
258,21744,1
258,30323,1
259,11222,1
259,31620,1
260,11011,1
260,24321,1
260,31192,1
261,10800,1
262,10589,1
262,11293,1
262,25899,1
262,30462,1
263,10378,1
263,19157,1
264,10167,1
264,28142,1
264,32340,1
265,1192,1
265,9956,1
265,28041,1
266,2855,1
266,9745,1
267,9534,1
267,26918,1
267,30441,1
268,9323,1
269,6453,1
269,9112,1
269,28956,1
270,8901,1
271,8690,1
272,4365,1
272,8479,1
272,12031,1
272,25348,1
273,8268,1
273,21636,1
273,28042,1
274,8057,1
274,12889,1
275,7846,1
275,19769,1
275,21841,1
275,27312,1
276,4438,1
276,7635,1
276,16759,1
277,7424,1
277,27007,1
278,7213,1
278,10367,1
279,7002,1
280,6791,1
280,26202,1
281,6309,1
281,6580,1
281,13143,1
282,6369,1
282,20578,1
283,6158,1
284,5947,1
284,7582,1
284,25863,1
285,5736,1
285,18417,1
286,1673,1
286,5525,1
286,26185,1
287,3042,1
287,5314,1
288,5103,1
288,21474,1
289,4892,1
290,4681,1
290,21845,1
291,4470,1
291,14793,1
292,4259,1
293,4048,1
293,20032,1
293,23280,1
294,3837,1
295,3626,1
295,10161,1
295,12911,1
295,20934,1
296,3415,1
297,3204,1
297,12216,1
298,2993,1
299,2782,1
300,2571,1
300,20761,1
301,2360,1
301,21443,1
302,2149,1
303,1938,1
304,1727,1
305,1516,1
305,28688,1
306,1305,1
307,1094,1
308,883,1
309,672,1
310,461,1
311,250,1
312,39,1
313,22398,1
313,32596,1
314,656,1
314,32385,1
315,32174,1
316,28391,1
316,31963,1
317,2746,1
317,31752,1
318,2945,1
318,31541,1
319,28294,1
319,31330,1
320,1080,1
320,31119,1
321,26572,1
321,30908,1
322,30697,1
323,779,1
323,22989,1
323,30486,1
324,12383,1
324,30275,1
325,24566,1
325,30064,1
326,29853,1
327,29642,1
328,25316,1
328,29431,1
329,3222,1
329,17458,1
329,29220,1
330,4967,1
330,29009,1
331,6736,1
331,28798,1
332,24703,1
332,28587,1
333,28376,1
334,27057,1
334,28165,1
335,8476,1
335,18444,1
335,27954,1
336,1864,1
336,19509,1
336,23727,1
336,27743,1
337,27532,1
338,27321,1
339,21315,1
339,27110,1
339,31430,1
339,31817,1
340,9496,1
340,19957,1
340,26187,1
340,26899,1
341,17980,1
341,26688,1
342,26477,1
343,954,1
343,11063,1
343,15509,1
343,26266,1
344,12899,1
344,26055,1
345,25844,1
346,25633,1
347,18128,1
347,25422,1
348,671,1
348,10695,1
348,25211,1
349,25000,1
350,24789,1
351,2617,1
351,3744,1
351,24578,1
351,25180,1
352,567,1
352,8620,1
352,20300,1
352,21050,1
352,24367,1
352,25943,1
353,24156,1
354,2696,1
354,23945,1
355,23734,1
356,23523,1
357,23312,1
357,26452,1
358,1508,1
358,6630,1
358,23101,1
358,23435,1
358,24092,1
359,22890,1
360,22679,1
361,14137,1
361,22468,1
362,1739,1
362,8442,1
362,22257,1
363,2148,1
363,22046,1
363,23212,1
363,28089,1
363,28612,1
364,15110,1
364,21835,1
365,21624,1
365,22887,1
366,21413,1
367,6622,1
367,21202,1
367,21261,1
367,25763,1
367,26022,1
368,20991,1
368,30427,1
368,32628,1
369,11896,1
369,13722,1
369,20780,1
370,11315,1
370,20569,1
371,18432,1
371,20358,1
371,30935,1
372,564,1
372,20147,1
373,68,1
373,10581,1
373,19936,1
374,19725,1
375,19514,1
375,28607,1
376,8925,1
376,19303,1
377,19092,1
378,13965,1
378,18881,1
379,18670,1
379,20777,1
380,7969,1
380,18459,1
381,4675,1
381,15560,1
381,18248,1
382,3127,1
382,6424,1
382,18037,1
383,17826,1
384,2195,1
384,17615,1
385,12273,1
385,17404,1
385,23417,1
386,17193,1
386,32646,1
387,16982,1
388,16771,1
389,6735,1
389,16560,1
389,32272,1
390,16349,1
391,16138,1
391,23564,1
392,6296,1
392,15927,1
392,27683,1
393,3861,1
393,14565,1
393,15716,1
394,3809,1
394,15505,1
394,30997,1
395,15294,1
396,15083,1
396,19563,1
397,14872,1
397,27203,1
398,14661,1
399,14450,1
400,14239,1
400,21383,1
400,21463,1
401,14028,1
402,12834,1
402,13817,1
403,610,1
403,4927,1
403,13606,1
403,24315,1
404,713,1
404,13395,1
405,7490,1
405,13184,1
406,12973,1
406,13863,1
407,12762,1
408,12551,1
409,12340,1
409,21213,1
410,12129,1
411,11918,1
411,31356,1
412,11707,1
412,14370,1
412,23956,1
413,11496,1
413,32685,1
414,11285,1
415,11074,1
416,6659,1
416,10863,1
417,10652,1
418,10441,1
419,10230,1
419,23330,1
419,24168,1
420,10019,1
420,20023,1
421,9808,1
421,15628,1
421,22161,1
421,22712,1
422,9597,1
422,26891,1
423,9386,1
423,31076,1
424,9175,1
424,24380,1
425,8964,1
426,8753,1
427,7442,1
427,8542,1
428,8331,1
429,7207,1
429,8120,1
430,7909,1
431,7698,1
431,24670,1
432,7487,1
432,12049,1
432,19379,1
432,21445,1
433,7276,1
433,8099,1
433,12707,1
434,7065,1
434,10283,1
435,6854,1
435,27876,1
436,6643,1
436,9237,1
436,20201,1
437,6432,1
438,6221,1
439,6010,1
440,3983,1
440,5799,1
440,20443,1
440,21726,1
440,26087,1
441,5588,1
441,29314,1
442,5377,1
442,13098,1
443,2113,1
443,5166,1
443,6760,1
443,7212,1
443,15315,1
444,4955,1
445,4744,1
446,4533,1
447,4322,1
447,30831,1
448,963,1
448,4111,1
448,29575,1
448,31040,1
449,323,1
449,3900,1
449,23872,1
450,3689,1
450,21003,1
451,3478,1
452,3267,1
452,24157,1
453,2614,1
453,3056,1
454,2845,1
454,17788,1
455,2634,1
455,6200,1
456,2423,1
456,29145,1
457,2212,1
457,12366,1
457,18931,1
458,2001,1
459,1790,1
459,25901,1
460,1579,1
460,31311,1
461,1368,1
461,5324,1
461,20157,1
462,891,1
462,1157,1
462,8303,1
462,26554,1
463,946,1
463,20668,1
464,735,1
464,19425,1
465,122,1
465,524,1
466,313,1
467,102,1
467,6112,1
467,6575,1
467,12164,1
468,32659,1
469,32448,1
470,9543,1
470,26647,1
470,32237,1
471,19152,1
471,32026,1
472,31815,1
473,4407,1
473,31604,1
474,31393,1
475,31182,1
476,4371,1
476,12577,1
476,30971,1
477,30760,1
478,26973,1
478,29357,1
478,30549,1
479,24424,1
479,30338,1
480,30127,1
481,3978,1
481,7296,1
481,27581,1
481,29916,1
482,5571,1
482,19612,1
482,29705,1
483,16926,1
483,26474,1
483,29494,1
484,14950,1
484,29283,1
485,1666,1
485,22818,1
485,26403,1
485,29072,1
486,28861,1
486,29098,1
487,14635,1
487,24037,1
487,28650,1
488,26419,1
488,28439,1
489,12375,1
489,28228,1
490,28017,1
491,27806,1
492,27595,1
493,2344,1
493,19623,1
493,27384,1
494,7811,1
494,27173,1
495,26962,1
496,24667,1
496,26751,1
496,28431,1
497,12131,1
497,26540,1
498,26329,1
498,30764,1
499,22042,1
499,24870,1
499,26118,1
500,25907,1
501,3247,1
501,23152,1
501,25696,1
502,12168,1
502,13700,1
502,14968,1
502,25485,1
503,25274,1
504,20512,1
504,25063,1
505,24852,1
506,14854,1
506,15977,1
506,24641,1
507,24430,1
508,9989,1
508,24219,1
509,3345,1
509,13165,1
509,24008,1
510,20954,1
510,23797,1
511,4841,1
511,23586,1
511,32119,1
512,23375,1
513,23164,1
514,379,1
514,20418,1
514,22953,1
514,30352,1
515,22742,1
515,31808,1
516,3047,1
516,19191,1
516,22531,1
517,550,1
517,20088,1
517,22320,1
518,22109,1
518,28893,1
519,21898,1
520,8,1
520,21687,1
521,21476,1
521,24070,1
521,25724,1
522,2220,1
522,16842,1
522,21265,1
523,3638,1
523,21054,1
523,30990,1
524,20843,1
525,20632,1
526,20421,1
527,20210,1
528,445,1
528,9946,1
528,19999,1
529,19788,1
530,19577,1
530,22508,1
531,13056,1
531,19366,1
532,4293,1
532,5273,1
532,19155,1
533,9574,1
533,14672,1
533,18944,1
534,16852,1
534,18733,1
535,18522,1
536,8737,1
536,14698,1
536,18311,1
537,18100,1
538,17889,1
539,8776,1
539,17678,1
539,32223,1
540,6589,1
540,17467,1
541,11237,1
541,17256,1
541,20589,1
541,29571,1
542,17045,1
543,6357,1
543,16834,1
543,16890,1
544,16623,1
545,8888,1
545,16412,1
546,154,1
546,16201,1
546,22345,1
547,15990,1
547,30796,1
548,15779,1
549,15568,1
550,15357,1
551,15146,1
551,24009,1
552,8283,1
552,14935,1
553,14724,1
553,17400,1
553,30983,1
554,14513,1
554,26570,1
555,14302,1
555,31566,1
556,13573,1
556,14091,1
557,13880,1
557,27250,1
558,13669,1
558,24830,1
559,13458,1
560,4325,1
560,13162,1
560,13247,1
561,13036,1
562,12825,1
562,15941,1
562,31378,1
563,3934,1
563,12614,1
564,12403,1
564,19197,1
564,23912,1
565,12192,1
565,25949,1
566,11981,1
566,12519,1
567,10083,1
567,11770,1
567,23161,1
568,11559,1
569,795,1
569,6498,1
569,6612,1
569,11348,1
569,19685,1
570,11137,1
571,10926,1
571,15098,1
571,32011,1
572,6619,1
572,10715,1
573,8118,1
573,10504,1
574,10293,1
575,10082,1
575,16452,1
576,9871,1
576,18785,1
576,27404,1
577,9660,1
577,10417,1
577,19515,1
578,9449,1
578,16224,1
579,9238,1
579,25114,1
580,9027,1
580,9385,1
581,8816,1
581,15717,1
582,3519,1
582,8605,1
583,8394,1
584,8183,1
585,1536,1
585,7972,1
585,18876,1
585,28486,1
585,28941,1
586,7761,1
586,10765,1
587,7550,1
587,9172,1
587,20546,1
588,74,1
588,7339,1
589,4560,1
589,7128,1
589,26052,1
590,6917,1
591,6706,1
591,10113,1
591,19667,1
592,6495,1
592,15678,1
593,797,1
593,6284,1
594,6073,1
594,19565,1
595,4474,1
595,5862,1
596,5651,1
597,5440,1
597,23324,1
597,28365,1
597,29656,1
598,5229,1
598,7379,1
598,19319,1
599,5018,1
599,26211,1
600,4807,1
600,15880,1
600,20066,1
601,4596,1
601,21449,1
602,4385,1
602,8608,1
602,12276,1
602,31213,1
603,4174,1
603,7473,1
603,10261,1
603,16723,1
604,3963,1
605,3752,1
605,24674,1
606,3541,1
606,12752,1
606,20519,1
606,23348,1
607,3330,1
608,3119,1
608,27206,1
609,1908,1
609,2908,1
609,16380,1
609,27851,1
610,2697,1
611,1410,1
611,2486,1
612,2275,1
613,2064,1
614,1853,1
615,1642,1
616,1431,1
616,21613,1
616,27059,1
617,1220,1
617,2107,1
617,7674,1
617,20785,1
618,1009,1
619,798,1
620,587,1
620,5876,1
620,20321,1
621,376,1
621,21940,1
621,30407,1
622,165,1
622,2648,1
622,9562,1
622,24720,1
623,32722,1
624,32511,1
625,26201,1
625,32300,1
626,15285,1
626,32089,1
627,24419,1
627,31878,1
628,31667,1
629,21326,1
629,22675,1
629,31456,1
630,18611,1
630,19348,1
630,31245,1
631,5392,1
631,18225,1
631,26897,1
631,30633,1
631,31034,1
632,12025,1
632,20937,1
632,28279,1
632,30823,1
633,30612,1
634,26444,1
634,30401,1
635,1614,1
635,30190,1
636,9505,1
636,29979,1
637,3272,1
637,6818,1
637,25674,1
637,29768,1
638,26954,1
638,29557,1
639,29346,1
639,31093,1
640,13550,1
640,29135,1
641,28924,1
642,5760,1
642,28713,1
643,28502,1
644,6094,1
644,10544,1
644,28291,1
645,28080,1
646,22317,1
646,23194,1
646,27869,1
647,27658,1
648,27447,1
649,9011,1
649,13351,1
649,27236,1
650,27025,1
651,26814,1
652,26603,1
652,27236,1
653,24158,1
653,26392,1
654,1803,1
654,1950,1
654,26181,1
655,25970,1
656,15699,1
656,25759,1
657,25548,1
657,28481,1
657,30778,1
658,19688,1
658,25337,1
659,25126,1
660,24915,1
661,24704,1
662,24493,1
663,23882,1
663,24282,1
664,24071,1
665,21627,1
665,23860,1
666,2280,1
666,7794,1
666,23649,1
666,30125,1
667,23438,1
668,9341,1
668,11041,1
668,23227,1
669,23016,1
670,22805,1
671,22594,1
672,2163,1
672,22383,1
673,22172,1
674,21961,1
674,22547,1
675,21750,1
675,22863,1
676,1855,1
676,8948,1
676,21539,1
677,21328,1
678,21117,1
678,31369,1
679,2254,1
679,20555,1
679,20906,1
680,20695,1
680,31568,1
681,20484,1
681,31318,1
682,20273,1
683,9200,1
683,20062,1
683,20653,1
684,13875,1
684,19851,1
684,27902,1
685,6758,1
685,19640,1
686,19429,1
686,19585,1
687,19218,1
688,19007,1
689,12387,1
689,18796,1
690,17956,1
690,18585,1
691,18374,1
692,18163,1
693,17952,1
693,25979,1
694,4177,1
694,17741,1
695,11568,1
695,17530,1
696,17319,1
697,17108,1
697,30100,1
698,2027,1
698,16897,1
699,16686,1
699,21038,1
700,16475,1
701,16264,1
702,16053,1
703,15842,1
703,27073,1
703,27968,1
704,15631,1
704,16194,1
704,18944,1
705,4573,1
705,8546,1
705,15420,1
706,15209,1
706,26944,1
707,273,1
707,14998,1
708,4764,1
708,14787,1
708,18293,1
709,14576,1
709,31537,1
710,6342,1
710,14365,1
711,7258,1
711,14154,1
712,9229,1
712,13943,1
713,13732,1
713,31118,1
714,13521,1
715,13310,1
715,31990,1
716,1877,1
716,13099,1
717,12888,1
717,18923,1
718,12677,1
719,12466,1
720,4011,1
720,12255,1
721,12044,1
722,11833,1
723,8426,1
723,11622,1
724,11411,1
725,11200,1
725,24712,1
725,26507,1
726,10989,1
727,5617,1
727,10778,1
727,12380,1
727,28790,1
728,3863,1
728,10567,1
728,25565,1
729,10356,1
729,10663,1
729,26741,1
729,31111,1
730,10145,1
731,9934,1
732,9723,1
732,14325,1
732,29396,1
733,9512,1
733,30790,1
734,9301,1
735,9090,1
736,8879,1
736,23346,1
737,523,1
737,805,1
737,8668,1
737,25194,1
738,8457,1
738,15078,1
738,16330,1
739,948,1
739,8246,1
739,13359,1
740,8035,1
741,7824,1
742,7613,1
742,32760,1
743,7402,1
743,21927,1
744,7191,1
744,20390,1
745,6980,1
745,9828,1
745,27828,1
746,6769,1
746,14873,1
747,6558,1
748,6347,1
748,9230,1
749,6136,1
749,15438,1
750,1791,1
750,5925,1
751,2842,1
751,5714,1
752,5503,1
753,5292,1
753,15959,1
754,5081,1
754,32670,1
755,1561,1
755,4870,1
755,19344,1
756,4659,1
757,4448,1
758,4237,1
759,4026,1
759,4378,1
760,3815,1
760,12962,1
761,3604,1
762,3393,1
763,3182,1
763,9487,1
763,21792,1
763,24797,1
764,2971,1
764,30726,1
765,2690,1
765,2760,1
765,11911,1
766,2549,1
767,2338,1
768,2127,1
768,19607,1
768,22523,1
768,26029,1
768,32409,1
769,1916,1
769,4555,1
769,5996,1
769,26511,1
770,1705,1
770,19024,1
770,27472,1
771,1494,1
771,6391,1
771,7226,1
772,1283,1
772,10920,1
773,1072,1
774,861,1
774,16857,1
775,650,1
775,18541,1
775,23043,1
776,439,1
777,228,1
778,17,1
778,17917,1
778,22578,1
779,13269,1
779,24429,1
779,32574,1
780,32363,1
781,32152,1
782,31941,1
783,31730,1
784,31519,1
785,10372,1
785,31308,1
786,6184,1
786,6544,1
786,31097,1
787,16107,1
787,30886,1
788,30675,1
789,30464,1
790,12650,1
790,30253,1
790,31985,1
791,21235,1
791,24082,1
791,30042,1
792,29831,1
793,7585,1
793,12011,1
793,18100,1
793,29620,1
793,31557,1
794,5379,1
794,10665,1
794,29409,1
795,9478,1
795,29198,1
796,28987,1
797,4275,1
797,6501,1
797,28776,1
798,28565,1
799,28354,1
800,28143,1
801,20573,1
801,27630,1
801,27932,1
802,27721,1
803,16219,1
803,27510,1
804,27299,1
805,1387,1
805,26195,1
805,27088,1
806,19704,1
806,26877,1
807,26666,1
808,869,1
808,3691,1
808,26455,1
809,8267,1
809,26244,1
810,11928,1
810,26033,1
811,25822,1
812,25611,1
813,1985,1
813,25400,1
814,1741,1
814,25189,1
815,6235,1
815,24978,1
815,32181,1
816,8321,1
816,19538,1
816,24767,1
816,32165,1
817,24556,1
818,24345,1
819,4614,1
819,4669,1
819,11220,1
819,23758,1
819,24134,1
819,24333,1
820,23923,1
820,31625,1
821,22298,1
821,23712,1
822,16060,1
822,23501,1
823,1634,1
823,22003,1
823,23290,1
823,29211,1
824,11945,1
824,23079,1
824,27423,1
825,15785,1
825,22868,1
826,14480,1
826,22657,1
827,22446,1
828,22235,1
828,32097,1
829,7301,1
829,22024,1
830,7131,1
830,21813,1
831,17728,1
831,21602,1
831,25416,1
832,12688,1
832,21391,1
833,20854,1
833,21180,1
834,20969,1
835,4416,1
835,20758,1
836,20547,1
836,21481,1
837,20336,1
837,23691,1
838,16750,1
838,20125,1
838,26153,1
839,19914,1
840,3371,1
840,6295,1
840,9379,1
840,19703,1
841,8289,1
841,19492,1
842,4192,1
842,19281,1
842,25897,1
843,828,1
843,19070,1
843,32703,1
844,18859,1
845,18648,1
846,18437,1
847,11411,1
847,16728,1
847,18226,1
848,18015,1
848,20047,1
849,17804,1
850,17593,1
850,23482,1
851,17382,1
852,17171,1
853,13161,1
853,16960,1
854,16749,1
855,16538,1
856,10939,1
856,16327,1
857,16116,1
858,9730,1
858,15905,1
859,15694,1
860,15483,1
860,18179,1
861,15272,1
862,15061,1
863,14850,1
864,1071,1
864,14639,1
865,14428,1
865,27407,1
866,12907,1
866,14217,1
867,14006,1
868,12393,1
868,13795,1
869,990,1
869,13584,1
870,13373,1
871,4944,1
871,13162,1
871,26192,1
872,12951,1
872,29013,1
873,12740,1
873,27555,1
874,3378,1
874,12529,1
874,27722,1
875,1938,1
875,12318,1
876,12107,1
876,18988,1
877,3117,1
877,11896,1
878,11685,1
879,802,1
879,6839,1
879,11474,1
880,11263,1
881,11052,1
882,10841,1
882,11213,1
882,13560,1
882,27384,1
883,10630,1
884,10419,1
884,16612,1
885,10208,1
885,14585,1
885,18277,1
886,9046,1
886,9997,1
886,19931,1
887,6233,1
887,7263,1
887,9786,1
887,16798,1
888,6508,1
888,9575,1
889,8132,1
889,9364,1
889,30847,1
890,9153,1
890,25600,1
891,8942,1
891,26553,1
892,8731,1
893,8520,1
893,19363,1
894,8309,1
895,8098,1
895,17610,1
896,7887,1
896,15584,1
897,599,1
897,7676,1
898,7465,1
899,7254,1
899,28215,1
900,7043,1
901,6608,1
901,6832,1
901,24433,1
902,5979,1
902,6621,1
902,30493,1
903,3331,1
903,6410,1
903,6779,1
903,28750,1
903,30298,1
904,6199,1
904,18533,1
905,5988,1
905,25835,1
906,5777,1
906,10200,1
906,15461,1
907,5566,1
907,15388,1
908,5355,1
909,1155,1
909,5144,1
910,4933,1
910,30761,1
911,4722,1
912,4511,1
912,30518,1
913,4300,1
913,4376,1
914,4089,1
915,2243,1
915,3878,1
915,10737,1
916,3667,1
917,3456,1
918,2579,1
918,3245,1
918,5328,1
918,9262,1
918,25231,1
919,3034,1
919,8941,1
920,2823,1
920,8448,1
920,15840,1
920,24320,1
921,2612,1
921,9066,1
922,2401,1
922,2898,1
923,2190,1
923,10505,1
923,14924,1
924,1979,1
924,6471,1
925,1768,1
925,11352,1
925,19845,1
926,594,1
926,1557,1
927,1346,1
927,13570,1
928,1135,1
929,924,1
929,12103,1
930,713,1
930,26085,1
931,502,1
932,291,1
932,10815,1
933,80,1
934,19951,1
934,24022,1
934,26433,1
934,32637,1
935,996,1
935,32426,1
936,18153,1
936,19343,1
936,25340,1
936,32215,1
937,32004,1
938,31793,1
939,22061,1
939,31047,1
939,31582,1
940,31371,1
941,28084,1
941,31160,1
942,9225,1
942,11106,1
942,30949,1
943,11448,1
943,17242,1
943,30738,1
944,30527,1
945,7165,1
945,25037,1
945,30316,1
946,28277,1
946,30105,1
947,18951,1
947,29894,1
948,17141,1
948,29683,1
949,29472,1
950,3108,1
950,28210,1
950,29261,1
951,29050,1
951,31653,1
952,28839,1
953,13141,1
953,13399,1
953,28628,1
954,17240,1
954,28417,1
955,16352,1
955,23780,1
955,28206,1
956,27995,1
957,27784,1
958,18427,1
958,23720,1
958,27573,1
959,27362,1
960,2130,1
960,24543,1
960,27151,1
961,26940,1
961,32533,1
961,32545,1
962,5156,1
962,26729,1
963,26518,1
964,24780,1
964,26307,1
965,26096,1
966,25885,1
966,26434,1
967,19772,1
967,25674,1
968,25463,1
969,25252,1
970,19678,1
970,25041,1
971,24830,1
972,24619,1
973,24408,1
973,26186,1
974,13639,1
974,24197,1
975,20292,1
975,23986,1
975,27443,1
976,23775,1
977,23564,1
978,23353,1
979,5976,1
979,23142,1
980,20451,1
980,22931,1
981,22720,1
982,9983,1
982,22509,1
983,256,1
983,22298,1
983,23460,1
983,29370,1
984,4626,1
984,22087,1
984,28924,1
985,21876,1
986,21665,1
987,21454,1
988,21243,1
988,22693,1
989,14398,1
989,21032,1
989,24522,1
989,27173,1
989,27526,1
990,13040,1
990,20821,1
991,20610,1
991,31726,1
992,20399,1
992,22307,1
993,20188,1
993,21310,1
994,12073,1
994,19977,1
994,30074,1
995,14544,1
995,19766,1
995,25841,1
996,698,1
996,2371,1
996,19555,1
997,19344,1
998,19133,1
999,18922,1
1000,18711,1
1001,14133,1
1001,14457,1
1001,18500,1
1001,19660,1
1002,14597,1
1002,18289,1
1002,27752,1
1003,12218,1
1003,18078,1
1004,2040,1
1004,5609,1
1004,17867,1
1004,24669,1
1005,3104,1
1005,3632,1
1005,17656,1
1006,3555,1
1006,17445,1
1007,12626,1
1007,17234,1
1008,17023,1
1008,22533,1
1008,29970,1
1009,16812,1
1010,16601,1
1011,16390,1
1011,16934,1
1012,16179,1
1012,27534,1
1013,15968,1
1014,10619,1
1014,15757,1
1014,27992,1
1015,15546,1
1016,15335,1
1017,15124,1
1018,1483,1
1018,14913,1
1019,14702,1
1020,14491,1
1020,21198,1
1021,14280,1
1022,1797,1
1022,14069,1
1023,13858,1
1023,16316,1
1024,9317,1
1024,13647,1
1025,13436,1
1025,26284,1
1026,1605,1
1026,13225,1
1027,2215,1
1027,13014,1
1028,1185,1
1028,12803,1
1029,12592,1
1029,26525,1
1030,12381,1
1031,12170,1
1031,30143,1
1032,11586,1
1032,11959,1
1032,21916,1
1033,11748,1
1034,11537,1
1034,22538,1
1035,10983,1
1035,11326,1
1036,8580,1
1036,11115,1
1037,10904,1
1037,14445,1
1037,15727,1
1038,9295,1
1038,10693,1
1039,10482,1
1039,17520,1
1040,10271,1
1041,10060,1
1042,9849,1
1043,5507,1
1043,9638,1
1043,17789,1
1043,23597,1
1044,9427,1
1044,11049,1
1045,9216,1
1045,11126,1
1045,24892,1
1045,31254,1
1046,501,1
1046,9005,1
1047,4507,1
1047,8794,1
1047,10833,1
1048,8583,1
1048,17723,1
1049,3159,1
1049,5841,1
1049,8372,1
1050,8161,1
1050,8247,1
1050,18969,1
1051,7950,1
1051,16374,1
1052,7739,1
1052,12655,1
1053,7528,1
1054,7317,1
1055,7106,1
1056,6895,1
1056,11228,1
1056,17740,1
1057,6684,1
1058,6473,1
1059,436,1
1059,6262,1
1060,6051,1
1060,16655,1
1061,5840,1
1061,13090,1
1062,5629,1
1062,28351,1
1063,5418,1
1064,4974,1
1064,5207,1
1064,13727,1
1064,14315,1
1065,400,1
1065,4996,1
1065,18855,1
1065,20001,1
1066,4785,1
1066,8107,1
1066,12337,1
1066,22399,1
1067,4574,1
1067,32122,1
1068,4363,1
1068,15238,1
1069,4152,1
1070,3941,1
1070,19809,1
1070,29668,1
1070,30918,1
1071,1285,1
1071,3730,1
1071,12083,1
1072,3519,1
1073,98,1
1073,3308,1
1073,20055,1
1074,3097,1
1075,2886,1
1076,2675,1
1076,3501,1
1076,11345,1
1077,2464,1
1078,2253,1
1078,4797,1
1078,24835,1
1078,31349,1
1079,2042,1
1079,7593,1
1080,1831,1
1080,32255,1
1081,1620,1
1082,1409,1
1082,13304,1
1083,1198,1
1084,987,1
1085,776,1
1086,565,1
1086,4087,1
1087,354,1
1087,27253,1
1088,143,1
1088,2268,1
1088,17390,1
1089,4766,1
1089,32700,1
1090,14056,1
1090,32489,1
1091,2596,1
1091,32278,1
1092,27616,1
1092,32067,1
1093,17661,1
1093,30895,1
1093,31856,1
1094,18286,1
1094,31645,1
1095,31434,1
1096,928,1
1096,14439,1
1096,31223,1
1097,4819,1
1097,31012,1
1098,30801,1
1099,30590,1
1100,14748,1
1100,25442,1
1100,27412,1
1100,30379,1
1101,30168,1
1102,22194,1
1102,29957,1
1103,7432,1
1103,16834,1
1103,29599,1
1103,29746,1
1104,3447,1
1104,4684,1
1104,6684,1
1104,29535,1
1105,15412,1
1105,19832,1
1105,26589,1
1105,29324,1
1106,29113,1
1106,29391,1
1107,19982,1
1107,28902,1
1108,14361,1
1108,17340,1
1108,28691,1
1109,21437,1
1109,28480,1
1110,28269,1
1111,6272,1
1111,28058,1
1111,29419,1
1112,5344,1
1112,27847,1
1113,11177,1
1113,27636,1
1114,27425,1
1115,2750,1
1115,8371,1
1115,27214,1
1116,18937,1
1116,20447,1
1116,27003,1
1117,25216,1
1117,26792,1
1118,26581,1
1119,26370,1
1120,2519,1
1120,16649,1
1120,19694,1
1120,26159,1
1121,25948,1
1121,25956,1
1122,25737,1
1123,1106,1
1123,19274,1
1123,23130,1
1123,25526,1
1124,6655,1
1124,25315,1
1125,25104,1
1126,24893,1
1126,29238,1
1127,24682,1
1128,24471,1
1128,25874,1
1128,31980,1
1129,2073,1
1129,3369,1
1129,24260,1
1130,24049,1
1131,23838,1
1132,23627,1
1132,30326,1
1133,9957,1
1133,12672,1
1133,23416,1
1134,23205,1
1135,3122,1
1135,10660,1
1135,22994,1
1135,30281,1
1136,22783,1
1137,17193,1
1137,22572,1
1138,9206,1
1138,22361,1
1139,17703,1
1139,22150,1
1139,23229,1
1140,7507,1
1140,21939,1
1140,22743,1
1141,21728,1
1142,176,1
1142,21517,1
1143,230,1
1143,21306,1
1143,24915,1
1144,21095,1
1145,20867,1
1145,20884,1
1146,20673,1
1147,7428,1
1147,8134,1
1147,20462,1
1148,2014,1
1148,3156,1
1148,7098,1
1148,20251,1
1148,26303,1
1149,9236,1
1149,20040,1
1150,6086,1
1150,18799,1
1150,19829,1
1151,19618,1
1152,419,1
1152,19407,1
1153,19196,1
1154,18985,1
1155,9932,1
1155,18774,1
1155,28257,1
1156,899,1
1156,13986,1
1156,18563,1
1157,1754,1
1157,18352,1
1158,18141,1
1158,25680,1
1159,17930,1
1159,24614,1
1160,4246,1
1160,6626,1
1160,16472,1
1160,17719,1
1161,17508,1
1161,20317,1
1162,17297,1
1162,19591,1
1162,28684,1
1163,17086,1
1164,9844,1
1164,16875,1
1165,16664,1
1166,2025,1
1166,16453,1
1167,3276,1
1167,16242,1
1168,16031,1
1169,10328,1
1169,10514,1
1169,15820,1
1170,15609,1
1171,5722,1
1171,15398,1
1172,15187,1
1173,14976,1
1173,29245,1
1174,14765,1
1174,23425,1
1175,6564,1
1175,14212,1
1175,14554,1
1175,20335,1
1176,14343,1
1177,14132,1
1177,24150,1
1178,10069,1
1178,13921,1
1178,15372,1
1179,460,1
1179,13710,1
1180,13499,1
1181,13288,1
1182,2155,1
1182,13077,1
1183,12866,1
1184,12655,1
1185,12444,1
1185,25839,1
1186,10754,1
1186,12233,1
1187,245,1
1187,12022,1
1187,17722,1
1188,11598,1
1188,11811,1
1188,23124,1
1189,11600,1
1189,30459,1
1190,11389,1
1190,13447,1
1190,32582,1
1191,11178,1
1192,10967,1
1193,10756,1
1193,11258,1
1193,25595,1
1194,10545,1
1194,12306,1
1195,9583,1
1195,10334,1
1196,10123,1
1196,10274,1
1197,9912,1
1197,30962,1
1198,9701,1
1198,31910,1
1199,9490,1
1199,16486,1
1200,9279,1
1201,9068,1
1201,10762,1
1201,27304,1
1202,8857,1
1202,30142,1
1203,8646,1
1203,15919,1
1203,24033,1
1204,8435,1
1204,20549,1
1205,8224,1
1205,26462,1
1206,8013,1
1207,7802,1
1207,29740,1
1208,7591,1
1209,5008,1
1209,7380,1
1209,22503,1
1209,26237,1
1210,7169,1
1210,25554,1
1210,28867,1
1211,6958,1
1212,811,1
1212,6747,1
1213,6536,1
1214,6325,1
1215,6114,1
1216,5903,1
1217,5692,1
1218,5481,1
1218,9721,1
1218,14676,1
1218,16625,1
1219,5270,1
1219,17510,1
1220,5059,1
1220,21546,1
1220,21821,1
1221,4848,1
1221,23651,1
1222,2193,1
1222,4637,1
1222,8615,1
1222,12955,1
1223,3980,1
1223,4426,1
1223,14714,1
1224,4215,1
1224,14190,1
1224,14893,1
1224,23116,1
1224,26213,1
1225,4004,1
1226,3768,1
1226,3793,1
1227,3582,1
1228,2867,1
1228,3371,1
1229,3160,1
1230,2949,1
1231,2738,1
1231,26972,1
1232,2527,1
1233,2316,1
1233,6399,1
1233,8286,1
1234,2105,1
1234,19470,1
1235,1894,1
1235,3419,1
1236,1683,1
1236,28299,1
1237,1472,1
1238,1261,1
1238,7841,1
1239,1050,1
1239,10770,1
1239,26646,1
1240,839,1
1241,628,1
1242,417,1
1243,206,1
1243,11613,1
1244,11853,1
1244,19949,1
1244,32566,1
1244,32763,1
1245,22738,1
1245,32552,1
1246,22428,1
1246,32341,1
1247,32130,1
1248,31319,1
1248,31919,1
1249,31708,1
1250,31497,1
1251,31286,1
1252,29807,1
1252,31075,1
1253,11745,1
1253,30864,1
1254,30653,1
1255,30442,1
1256,5232,1
1256,30231,1
1257,30020,1
1258,29809,1
1259,10633,1
1259,14835,1
1259,17084,1
1259,29598,1
1260,18227,1
1260,29387,1
1261,29176,1
1262,4708,1
1262,28965,1
1263,6447,1
1263,26827,1
1263,28754,1
1264,28543,1
1265,28332,1
1265,28723,1
1266,28121,1
1267,27910,1
1268,12071,1
1268,24633,1
1268,27699,1
1269,835,1
1269,27488,1
1270,3794,1
1270,27277,1
1271,19454,1
1271,27066,1
1272,10946,1
1272,26855,1
1272,31436,1
1273,16997,1
1273,26644,1
1274,4796,1
1274,26433,1
1275,26222,1
1275,28601,1
1276,26011,1
1277,4826,1
1277,25800,1
1278,4127,1
1278,25589,1
1279,16792,1
1279,25378,1
1280,25167,1
1281,24956,1
1282,24745,1
1283,24018,1
1283,24534,1
1284,11407,1
1284,24323,1
1284,28070,1
1285,24112,1
1286,2304,1
1286,23901,1
1287,23690,1
1288,23479,1
1288,27320,1
1289,23268,1
1289,25519,1
1290,5522,1
1290,15673,1
1290,19976,1
1290,23057,1
1291,22846,1
1292,17165,1
1292,22635,1
1293,22424,1
1294,5049,1
1294,22213,1
1295,22002,1
1296,16875,1
1296,21791,1
1297,18808,1
1297,21580,1
1297,22851,1
1298,21369,1
1298,29505,1
1298,32074,1
1299,19581,1
1299,21158,1
1299,23467,1
1299,26659,1
1300,2262,1
1300,9431,1
1300,20947,1
1301,7743,1
1301,20736,1
1302,1485,1
1302,13812,1
1302,20525,1
1303,20314,1
1304,20103,1
1304,27433,1
1305,19892,1
1305,30415,1
1306,19681,1
1307,9314,1
1307,11490,1
1307,19470,1
1308,19259,1
1308,29208,1
1309,19048,1
1310,12960,1
1310,18837,1
1311,18626,1
1311,25466,1
1312,5385,1
1312,12034,1
1312,18415,1
1312,19493,1
1313,18204,1
1314,17993,1
1315,17782,1
1316,11811,1
1316,17571,1
1317,6072,1
1317,14099,1
1317,17360,1
1318,17149,1
1318,29264,1
1319,16938,1
1319,27077,1
1319,29144,1
1320,16727,1
1320,24875,1
1321,16516,1
1322,16305,1
1323,16094,1
1324,2216,1
1324,15883,1
1324,30465,1
1325,15672,1
1325,22703,1
1326,15461,1
1326,16084,1
1327,15250,1
1327,17299,1
1328,15039,1
1329,4125,1
1329,14828,1
1330,14617,1
1331,14406,1
1332,1121,1
1332,6326,1
1332,14195,1
1332,30158,1
1333,13984,1
1334,13773,1
1335,7521,1
1335,13562,1
1336,2733,1
1336,13351,1
1336,32535,1
1337,13140,1
1337,26321,1
1338,12929,1
1338,31338,1
1339,12718,1
1340,5058,1
1340,12507,1
1341,7538,1
1341,7748,1
1341,12296,1
1342,4814,1
1342,12085,1
1342,25023,1
1343,11874,1
1344,11663,1
1344,20972,1
1345,11452,1
1345,13429,1
1346,11241,1
1347,11030,1
1348,10819,1
1348,29465,1
1349,10608,1
1349,20838,1
1349,27477,1
1350,10397,1
1350,17182,1
1350,28293,1
1350,30083,1
1351,10186,1
1352,9975,1
1353,9183,1
1353,9764,1
1354,9553,1
1354,20726,1
1355,9342,1
1355,11554,1
1356,9131,1
1357,8920,1
1357,25302,1
1358,2459,1
1358,6456,1
1358,8709,1
1358,27682,1
1359,8498,1
1359,18821,1
1360,8287,1
1360,27649,1
1361,8076,1
1362,7865,1
1363,7654,1
1363,15652,1
1364,7443,1
1365,7232,1
1365,12405,1
1366,7021,1
1366,10263,1
1367,6810,1
1368,6599,1
1368,15336,1
1369,6388,1
1370,6177,1
1371,5966,1
1371,8998,1
1371,18824,1
1372,454,1
1372,5755,1
1372,29259,1
1373,482,1
1373,5544,1
1373,27398,1
1374,5333,1
1374,20457,1
1374,22210,1
1374,27103,1
1375,5122,1
1375,25933,1
1375,29112,1
1375,30107,1
1376,4911,1
1376,6615,1
1377,3236,1
1377,4700,1
1378,4489,1
1379,4278,1
1379,6909,1
1380,4067,1
1380,16863,1
1381,3856,1
1381,13780,1
1381,20346,1
1382,3645,1
1382,24874,1
1383,3434,1
1383,19932,1
1384,3223,1
1385,3012,1
1385,16313,1
1386,2801,1
1386,15171,1
1387,2590,1
1388,1749,1
1388,2379,1
1388,4709,1
1389,2168,1
1390,1957,1
1390,8751,1
1391,1746,1
1391,21871,1
1392,1535,1
1392,30826,1
1393,1324,1
1394,1113,1
1394,19841,1
1395,902,1
1395,10245,1
1395,22303,1
1395,22494,1
1395,27803,1
1396,691,1
1396,18092,1
1397,480,1
1398,269,1
1399,58,1
1400,25090,1
1400,32615,1
1401,32404,1
1402,3763,1
1402,31987,1
1402,32193,1
1403,15090,1
1403,31982,1
1404,31771,1
1405,31560,1
1406,21602,1
1406,31349,1
1407,10196,1
1407,31138,1
1408,30927,1
1409,30716,1
1410,13130,1
1410,28884,1
1410,30505,1
1411,6238,1
1411,11960,1
1411,30294,1
1411,30874,1
1412,11583,1
1412,23920,1
1412,30083,1
1413,2110,1
1413,3655,1
1413,22731,1
1413,29872,1
1414,29661,1
1414,30092,1
1415,14517,1
1415,29450,1
1416,10570,1
1416,29239,1
1417,12838,1
1417,19771,1
1417,29028,1
1418,28817,1
1419,28606,1
1420,28395,1
1421,2678,1
1421,28184,1
1422,27973,1
1422,29071,1
1423,26023,1
1423,27762,1
1423,29006,1
1424,13753,1
1424,25549,1
1424,27551,1
1425,27340,1
1426,27011,1
1426,27129,1
1427,26918,1
1428,24469,1
1428,26707,1
1429,26496,1
1430,23906,1
1430,26285,1
1431,19597,1
1431,26074,1
1432,1189,1
1432,15697,1
1432,25863,1
1433,23529,1
1433,25652,1
1434,25441,1
1435,3869,1
1435,25230,1
1435,30499,1
1436,25019,1
1437,24808,1
1438,24597,1
1438,27444,1
1439,17207,1
1439,19142,1
1439,24386,1
1440,24175,1
1441,23964,1
1442,3473,1
1442,23753,1
1443,23542,1
1444,14864,1
1444,16597,1
1444,23331,1
1445,23120,1
1446,10167,1
1446,22909,1
1447,22698,1
1448,22487,1
1449,5669,1
1449,22276,1
1450,1274,1
1450,22065,1
1451,2436,1
1451,11970,1
1451,21854,1
1452,21643,1
1453,21432,1
1453,23930,1
1454,3657,1
1454,18131,1
1454,21221,1
1454,32206,1
1455,21010,1
1456,145,1
1456,20799,1
1457,10978,1
1457,20588,1
1458,20377,1
1458,29630,1
1459,17470,1
1459,20166,1
1460,19955,1
1461,6517,1
1461,19744,1
1462,3933,1
1462,6852,1
1462,19533,1
1463,19322,1
1464,12774,1
1464,19111,1
1465,18900,1
1465,32620,1
1466,13776,1
1466,18689,1
1467,18478,1
1468,18267,1
1469,18056,1
1470,8006,1
1470,17845,1
1471,17634,1
1471,23517,1
1472,17423,1
1472,21221,1
1473,17212,1
1474,17001,1
1474,25306,1
1475,16790,1
1476,16579,1
1477,2020,1
1477,16368,1
1477,25152,1
1477,26846,1
1478,16157,1
1478,29340,1
1479,15946,1
1479,17178,1
1480,6011,1
1480,8074,1
1480,8606,1
1480,15735,1
1481,15524,1
1481,18258,1
1481,20411,1
1482,15313,1
1483,15102,1
1483,21354,1
1484,14891,1
1485,14680,1
1485,22089,1
1485,27554,1
1486,8397,1
1486,12040,1
1486,14469,1
1486,20891,1
1487,14258,1
1488,14047,1
1488,16658,1
1488,29545,1
1489,13836,1
1490,2049,1
1490,13625,1
1490,15243,1
1490,25357,1
1491,13414,1
1492,1527,1
1492,13203,1
1493,12346,1
1493,12992,1
1494,12781,1
1495,8778,1
1495,12570,1
1495,29037,1
1496,12359,1
1496,28289,1
1497,12148,1
1498,11937,1
1498,31458,1
1499,1177,1
1499,11726,1
1500,11515,1
1500,18986,1
1501,11304,1
1501,18077,1
1501,28219,1
1502,11093,1
1503,5214,1
1503,10882,1
1504,10671,1
1504,17169,1
1505,3195,1
1505,10460,1
1505,32066,1
1506,10249,1
1507,385,1
1507,10038,1
1508,9827,1
1509,9616,1
1510,9405,1
1510,24884,1
1511,1148,1
1511,9194,1
1512,8983,1
1512,28507,1
1513,6035,1
1513,8772,1
1513,30936,1
1514,8561,1
1514,16643,1
1515,8350,1
1515,21237,1
1516,8139,1
1516,23300,1
1516,26438,1
1517,7928,1
1517,8004,1
1518,7717,1
1519,1272,1
1519,7506,1
1519,25518,1
1520,6297,1
1520,7295,1
1520,29785,1
1521,7084,1
1521,17672,1
1522,6873,1
1522,17574,1
1523,6246,1
1523,6662,1
1524,6451,1
1524,24288,1
1525,6240,1
1525,19886,1
1526,3,1
1526,6029,1
1526,18067,1
1527,5818,1
1527,20876,1
1527,26752,1
1528,5607,1
1528,5930,1
1529,5396,1
1529,29672,1
1530,5185,1
1530,31425,1
1531,4974,1
1532,4763,1
1533,4552,1
1533,8552,1
1533,21948,1
1533,24043,1
1533,27397,1
1534,4341,1
1535,4130,1
1535,28947,1
1536,3919,1
1536,29249,1
1536,30781,1
1537,3708,1
1537,5358,1
1538,3497,1
1539,3286,1
1540,3075,1
1540,23191,1
1541,2864,1
1542,2653,1
1542,30530,1
1543,2442,1
1543,5595,1
1543,23942,1
1543,28428,1
1544,2231,1
1544,13582,1
1545,932,1
1545,2020,1
1545,29416,1
1546,1809,1
1547,1598,1
1547,22661,1
1547,25789,1
1548,1387,1
1548,6250,1
1549,1176,1
1549,9331,1
1550,965,1
1550,8054,1
1551,754,1
1552,543,1
1553,332,1
1553,7163,1
1553,7948,1
1553,11085,1
1554,121,1
1555,3955,1
1555,19085,1
1555,32678,1
1556,32467,1
1557,435,1
1557,32256,1
1558,20953,1
1558,32045,1
1559,10005,1
1559,31834,1
1560,31623,1
1561,31412,1
1562,16850,1
1562,31201,1
1563,23928,1
1563,30990,1
1564,30779,1
1565,30568,1
1566,28525,1
1566,30357,1
1567,30146,1
1568,3646,1
1568,19357,1
1568,22374,1
1568,29935,1
1569,2308,1
1569,18125,1
1569,23728,1
1569,29724,1
1570,11548,1
1570,29513,1
1571,29302,1
1572,15352,1
1572,16778,1
1572,19495,1
1572,29091,1
1573,16918,1
1573,28880,1
1574,10304,1
1574,28669,1
1575,16302,1
1575,28458,1
1576,28247,1
1577,20501,1
1577,28036,1
1578,27825,1
1579,27614,1
1580,26171,1
1580,27403,1
1581,3426,1
1581,9497,1
1581,27192,1
1582,17813,1
1582,26981,1
1582,28048,1
1583,26770,1
1584,26559,1
1585,17552,1
1585,26348,1
1585,27672,1
1586,25496,1
1586,26137,1
1587,25926,1
1587,31153,1
1588,2462,1
1588,4553,1
1588,25715,1
1589,20752,1
1589,25504,1
1590,11708,1
1590,25293,1
1591,25082,1
1591,25372,1
1592,8928,1
1592,24871,1
1593,24660,1
1594,11682,1
1594,12399,1
1594,24449,1
1595,24238,1
1595,27689,1
1596,24027,1
1596,27832,1
1597,23816,1
1597,31062,1
1598,23605,1
1599,7410,1
1599,23394,1
1600,6563,1
1600,23183,1
1601,1246,1
1601,22972,1
1602,22761,1
1603,20231,1
1603,22550,1
1604,22339,1
1605,9093,1
1605,11510,1
1605,22128,1
1606,21917,1
1607,21706,1
1608,21495,1
1609,1987,1
1609,21284,1
1610,3918,1
1610,21073,1
1611,890,1
1611,20862,1
1611,31702,1
1612,8669,1
1612,20651,1
1612,27806,1
1613,9369,1
1613,13222,1
1613,20440,1
1613,21469,1
1614,20229,1
1615,3366,1
1615,20018,1
1616,6103,1
1616,19807,1
1616,22700,1
1617,19596,1
1618,5248,1
1618,19385,1
1618,28003,1
1618,29689,1
1618,30157,1
1619,19174,1
1619,31994,1
1620,11787,1
1620,13497,1
1620,18963,1
1621,18752,1
1622,946,1
1622,18541,1
1623,18330,1
1624,6345,1
1624,18119,1
1624,22631,1
1625,17908,1
1626,17697,1
1627,17486,1
1627,21769,1
1627,29351,1
1627,32617,1
1628,17275,1
1628,31478,1
1629,17064,1
1630,16853,1
1630,32412,1
1631,628,1
1631,5132,1
1631,16642,1
1631,28804,1
1632,13049,1
1632,15228,1
1632,16431,1
1632,26508,1
1633,16220,1
1633,28394,1
1634,16009,1
1635,15798,1
1636,15587,1
1637,15376,1
1638,15165,1
1638,28513,1
1639,14954,1
1640,14743,1
1640,16720,1
1641,14532,1
1642,14321,1
1643,3553,1
1643,5654,1
1643,14110,1
1643,17439,1
1643,28490,1
1644,13444,1
1644,13899,1
1645,13688,1
1646,2405,1
1646,13477,1
1646,14613,1
1647,13266,1
1648,13055,1
1648,26472,1
1649,5794,1
1649,12844,1
1650,8599,1
1650,12633,1
1651,12422,1
1652,8698,1
1652,8725,1
1652,12211,1
1652,23209,1
1653,12000,1
1653,26979,1
1654,6598,1
1654,11789,1
1654,19703,1
1655,11578,1
1655,27943,1
1656,11367,1
1656,14150,1
1657,2969,1
1657,11156,1
1658,10945,1
1659,10734,1
1659,11260,1
1659,15480,1
1659,17845,1
1660,7900,1
1660,10523,1
1660,22071,1
1661,10312,1
1661,19129,1
1661,20897,1
1662,10101,1
1663,9890,1
1663,10908,1
1664,9132,1
1664,9679,1
1664,27300,1
1665,9468,1
1665,27566,1
1666,9257,1
1666,28320,1
1667,9046,1
1667,13909,1
1668,8835,1
1668,12642,1
1669,8624,1
1669,28748,1
1670,6828,1
1670,8413,1
1670,16881,1
1671,8202,1
1671,29536,1
1672,7991,1
1673,7780,1
1673,21833,1
1674,7569,1
1675,7358,1
1676,1332,1
1676,7147,1
1676,7775,1
1676,7854,1
1677,6936,1
1678,6725,1
1678,10308,1
1679,2835,1
1679,6514,1
1680,6303,1
1680,28644,1
1681,6037,1
1681,6092,1
1682,5881,1
1683,5670,1
1684,5459,1
1685,5248,1
1686,5037,1
1686,12992,1
1687,4826,1
1687,23004,1
1687,24985,1
1688,4615,1
1688,10807,1
1689,4404,1
1690,4193,1
1691,3982,1
1692,3771,1
1693,3560,1
1694,404,1
1694,3349,1
1695,3138,1
1695,4030,1
1695,8662,1
1696,2927,1
1696,31245,1
1697,2716,1
1698,2505,1
1698,8452,1
1699,2294,1
1699,27021,1
1700,2083,1
1700,12277,1
1700,13128,1
1700,18629,1
1701,1872,1
1702,1661,1
1703,1450,1
1704,1239,1
1705,1028,1
1706,266,1
1706,817,1
1706,18886,1
1706,19123,1
1706,30963,1
1707,606,1
1708,395,1
1709,184,1
1709,13873,1
1709,16186,1
1710,5143,1
1710,23849,1
1710,32741,1
1711,32530,1
1712,25714,1
1712,32319,1
1713,17200,1
1713,32108,1
1714,10924,1
1714,22655,1
1714,31897,1
1715,14204,1
1715,31686,1
1716,10989,1
1716,31475,1
1717,31264,1
1718,25260,1
1718,25908,1
1718,31053,1
1719,3319,1
1719,21144,1
1719,30842,1
1720,13809,1
1720,30631,1
1721,30420,1
1722,30209,1
1723,17618,1
1723,29998,1
1724,29787,1
1725,29576,1
1726,5306,1
1726,22215,1
1726,28353,1
1726,29365,1
1727,29154,1
1728,20189,1
1728,28943,1
1729,396,1
1729,28732,1
1730,140,1
1730,28521,1
1731,28310,1
1731,31188,1
1732,28099,1
1733,2904,1
1733,12263,1
1733,27888,1
1734,27677,1
1735,19792,1
1735,20634,1
1735,27466,1
1736,24521,1
1736,27255,1
1737,11453,1
1737,27044,1
1738,21098,1
1738,23069,1
1738,26833,1
1739,422,1
1739,12635,1
1739,26622,1
1740,26411,1
1741,13760,1
1741,19491,1
1741,26200,1
1741,31799,1
1742,10605,1
1742,25989,1
1743,13718,1
1743,25778,1
1744,25567,1
1745,6521,1
1745,9949,1
1745,25356,1
1746,3032,1
1746,14681,1
1746,25145,1
1747,24934,1
1747,28117,1
1748,11532,1
1748,24723,1
1749,24512,1
1750,18968,1
1750,24301,1
1751,8121,1
1751,24090,1
1751,27669,1
1751,32324,1
1752,23879,1
1753,19167,1
1753,23668,1
1754,10897,1
1754,23053,1
1754,23457,1
1755,8752,1
1755,23246,1
1756,23035,1
1756,30422,1
1757,22824,1
1757,23584,1
1758,6979,1
1758,22613,1
1759,22402,1
1760,22191,1
1760,24943,1
1761,21980,1
1762,472,1
1762,2234,1
1762,21769,1
1762,30967,1
1763,3847,1
1763,21558,1
1763,30763,1
1764,10903,1
1764,21347,1
1765,21136,1
1765,26968,1
1766,20925,1
1767,20714,1
1767,21216,1
1768,20503,1
1769,20292,1
1770,20081,1
1771,583,1
1771,11561,1
1771,19870,1
1772,19659,1
1773,19448,1
1774,19237,1
1775,19026,1
1776,18815,1
1777,15879,1
1777,18604,1
1778,15283,1
1778,18393,1
1779,18182,1
1780,645,1
1780,6573,1
1780,9719,1
1780,17971,1
1781,15040,1
1781,17760,1
1782,17549,1
1782,31533,1
1783,5756,1
1783,17338,1
1784,17127,1
1784,23260,1
1784,26608,1
1785,16916,1
1786,16705,1
1787,16494,1
1787,16572,1
1788,16283,1
1788,31785,1
1789,8577,1
1789,16072,1
1789,16995,1
1790,14856,1
1790,15861,1
1791,5126,1
1791,15650,1
1792,15439,1
1792,30490,1
1793,6637,1
1793,15228,1
1794,15017,1
1795,14806,1
1796,3015,1
1796,14595,1
1796,23112,1
1797,14384,1
1797,28130,1
1798,11129,1
1798,14173,1
1798,21418,1
1799,13962,1
1799,26815,1
1800,13751,1
1801,13540,1
1802,13329,1
1802,28755,1
1803,13118,1
1803,21855,1
1804,5436,1
1804,12907,1
1804,25602,1
1805,12696,1
1805,18203,1
1806,9912,1
1806,12485,1
1806,12646,1
1807,12274,1
1807,23468,1
1808,4663,1
1808,8276,1
1808,11001,1
1808,12063,1
1808,27262,1
1808,31031,1
1809,11852,1
1809,18993,1
1810,5109,1
1810,11641,1
1810,18385,1
1811,11430,1
1811,20604,1
1812,11219,1
1813,11008,1
1813,13660,1
1814,10797,1
1814,24733,1
1815,8077,1
1815,9660,1
1815,10586,1
1815,17344,1
1815,31802,1
1816,10311,1
1816,10375,1
1816,17938,1
1817,10164,1
1817,19227,1
1818,9953,1
1819,9742,1
1820,9531,1
1821,9320,1
1821,26366,1
1822,9109,1
1823,8898,1
1823,17317,1
1824,8687,1
1824,8733,1
1824,19200,1
1825,8476,1
1826,8265,1
1826,8358,1
1827,8054,1
1827,22841,1
1828,7843,1
1828,20419,1
1828,22373,1
1828,29975,1
1829,7632,1
1829,24833,1
1829,25573,1
1829,28554,1
1830,7421,1
1830,12183,1
1831,7210,1
1831,25994,1
1832,5911,1
1832,6999,1
1832,17505,1
1832,32155,1
1833,6788,1
1834,3624,1
1834,6577,1
1834,31183,1
1835,6366,1
1836,6155,1
1836,27922,1
1837,5944,1
1837,11609,1
1837,21467,1
1837,23536,1
1838,1019,1
1838,5733,1
1838,6614,1
1838,18031,1
1839,5522,1
1839,12592,1
1839,25502,1
1840,5311,1
1841,5100,1
1841,8549,1
1842,4889,1
1842,16570,1
1842,31463,1
1843,4678,1
1843,22163,1
1844,4467,1
1845,3993,1
1845,4256,1
1845,21599,1
1845,31870,1
1846,477,1
1846,4045,1
1847,3834,1
1848,3623,1
1848,10676,1
1849,3412,1
1850,3201,1
1851,2990,1
1852,2779,1
1852,16824,1
1853,2568,1
1854,2357,1
1855,2146,1
1856,1935,1
1856,26182,1
1857,1724,1
1857,29160,1
1858,1513,1
1859,1302,1
1859,18250,1
1859,22581,1
1859,27881,1
1860,1091,1
1860,3448,1
1861,880,1
1861,13730,1
1862,669,1
1862,18270,1
1863,458,1
1863,14594,1
1864,247,1
1864,26302,1
1865,36,1
1866,21232,1
1866,24225,1
1866,32593,1
1867,18149,1
1867,28396,1
1867,32382,1
1868,32171,1
1869,4361,1
1869,16251,1
1869,31960,1
1870,22376,1
1870,31749,1
1871,31538,1
1871,32328,1
1872,7957,1
1872,26096,1
1872,31327,1
1873,31116,1
1874,15978,1
1874,20965,1
1874,21500,1
1874,30905,1
1875,17005,1
1875,24252,1
1875,30694,1
1876,30483,1
1877,16458,1
1877,30272,1
1878,14496,1
1878,14625,1
1878,30061,1
1879,29850,1
1880,4720,1
1880,10648,1
1880,12854,1
1880,29639,1
1881,29428,1
1881,32578,1
1882,29217,1
1883,19356,1
1883,26650,1
1883,29006,1
1884,28795,1
1884,29685,1
1885,18994,1
1885,28584,1
1886,28373,1
1887,1697,1
1887,28162,1
1888,17752,1
1888,24362,1
1888,27951,1
1889,9048,1
1889,27740,1
1890,27529,1
1891,5044,1
1891,27318,1
1891,29661,1
1892,9296,1
1892,27107,1
1893,26896,1
1894,26685,1
1894,28250,1
1895,1143,1
1895,26474,1
1896,26263,1
1897,16118,1
1897,21193,1
1897,23052,1
1897,26052,1
1898,23757,1
1898,25841,1
1898,32652,1
1899,25630,1
1900,20985,1
1900,25419,1
1901,25208,1
1902,24997,1
1903,24786,1
1904,24575,1
1904,26702,1
1905,20255,1
1905,24364,1
1906,24153,1
1907,23003,1
1907,23942,1
1908,23731,1
1909,23520,1
1910,3123,1
1910,23309,1
1911,23098,1
1912,22887,1
1913,9303,1
1913,22676,1
1914,22465,1
1915,20732,1
1915,22254,1
1915,27760,1
1916,7917,1
1916,22043,1
1917,21832,1
1918,21621,1
1919,21410,1
1920,3302,1
1920,21199,1
1921,1291,1
1921,14338,1
1921,14849,1
1921,20988,1
1921,21387,1
1922,9973,1
1922,20777,1
1923,20566,1
1924,20355,1
1924,26271,1
1925,20144,1
1925,24883,1
1926,19933,1
1927,7094,1
1927,19722,1
1928,4554,1
1928,19511,1
1928,24454,1
1929,13611,1
1929,19300,1
1930,6161,1
1930,19089,1
1931,18878,1
1932,18667,1
1932,26048,1
1932,30611,1
1933,18456,1
1934,18245,1
1935,18034,1
1936,11868,1
1936,17823,1
1937,17612,1
1937,20381,1
1938,17401,1
1939,17190,1
1939,28452,1
1940,16979,1
1940,19159,1
1940,19353,1
1940,23398,1
1941,15476,1
1941,16768,1
1942,16557,1
1942,24657,1
1943,5105,1
1943,16346,1
1943,29343,1
1944,769,1
1944,16135,1
1944,30437,1
1945,13754,1
1945,15924,1
1946,15713,1
1947,5871,1
1947,14891,1
1947,15502,1
1947,31028,1
1948,581,1
1948,5471,1
1948,15291,1
1948,17330,1
1948,31927,1
1949,15080,1
1950,14869,1
1951,14658,1
1952,5063,1
1952,6215,1
1952,14447,1
1953,1339,1
1953,14236,1
1954,12126,1
1954,14025,1
1954,30231,1
1955,13814,1
1956,13603,1
1956,14065,1
1957,3408,1
1957,13392,1
1958,13181,1
1959,7907,1
1959,12970,1
1959,26476,1
1960,12759,1
1961,12548,1
1962,12337,1
1962,16950,1
1962,23834,1
1963,12126,1
1963,26520,1
1964,11915,1
1964,30492,1
1965,11704,1
1965,28524,1
1966,7193,1
1966,11493,1
1967,11282,1
1968,11071,1
1969,4116,1
1969,10860,1
1969,20432,1
1969,23826,1
1970,10649,1
1971,10438,1
1972,8747,1
1972,10227,1
1972,11904,1
1972,24279,1
1973,5834,1
1973,10016,1
1974,9805,1
1975,2769,1
1975,9594,1
1976,9383,1
1977,7573,1
1977,9172,1
1978,8961,1
1979,8750,1
1979,20877,1
1980,8539,1
1980,30604,1
1981,1459,1
1981,8328,1
1982,8117,1
1982,24496,1
1983,7906,1
1983,30507,1
1984,7695,1
1985,7484,1
1985,31934,1
1986,7273,1
1987,7062,1
1987,8768,1
1988,1801,1
1988,6851,1
1989,6640,1
1990,5671,1
1990,6429,1
1990,14181,1
1990,21368,1
1991,6218,1
1992,1872,1
1992,6007,1
1993,5796,1
1993,23999,1
1994,5585,1
1995,5374,1
1996,5163,1
1996,10597,1
1996,10661,1
1997,4952,1
1998,3615,1
1998,4741,1
1998,22065,1
1999,641,1
1999,4530,1
2000,4319,1
2000,11116,1
2000,31511,1
2001,4108,1
2001,6609,1
2001,8353,1
2001,9118,1
2001,26139,1
2002,3897,1
2002,21295,1
2003,3686,1
2004,3475,1
2004,11107,1
2005,3264,1
2006,3053,1
2006,9876,1
2007,2842,1
2007,5177,1
2007,19910,1
2007,25353,1
2008,2631,1
2009,2420,1
2009,7325,1
2010,2209,1
2010,18016,1
2011,1998,1
2011,22857,1
2012,1787,1
2013,1576,1
2013,5110,1
2013,7899,1
2014,1365,1
2014,18330,1
2015,1154,1
2016,943,1
2017,732,1
2017,3412,1
2017,19099,1
2017,28100,1
2018,521,1
2018,10541,1
2019,310,1
2019,1418,1
2019,13209,1
2019,31406,1
2020,99,1
2021,2323,1
2021,32656,1
2022,28482,1
2022,32445,1
2022,32497,1
2023,21920,1
2023,23410,1
2023,32234,1
2024,21988,1
2024,32023,1
2025,9616,1
2025,13806,1
2025,31812,1
2026,31601,1
2027,31390,1
2028,5488,1
2028,11394,1
2028,31179,1
2029,6428,1
2029,14865,1
2029,25036,1
2029,27333,1
2029,30968,1
2030,354,1
2030,30757,1
2031,30546,1
2032,1327,1
2032,12409,1
2032,30335,1
2033,675,1
2033,30124,1
2034,29913,1
2035,29702,1
2036,11898,1
2036,29491,1
2037,29280,1
2038,2273,1
2038,29069,1
2039,3545,1
2039,28858,1
2040,20333,1
2040,28647,1
2041,13396,1
2041,28436,1
2042,1449,1
2042,25228,1
2042,28225,1
2043,28014,1
2044,2597,1
2044,27803,1
2045,1124,1
2045,7751,1
2045,15594,1
2045,27592,1
2046,25254,1
2046,27381,1
2047,27170,1
2048,26959,1
2049,458,1
2049,26748,1
2050,1244,1
2050,26293,1
2050,26537,1
2050,26792,1
2051,26326,1
2052,26115,1
2053,25904,1
2054,15522,1
2054,16279,1
2054,25693,1
2055,25482,1
2056,25271,1
2057,18319,1
2057,25060,1
2058,24849,1
2059,24638,1
2060,12579,1
2060,24427,1
2061,24216,1
2062,741,1
2062,24005,1
2062,27928,1
2063,13071,1
2063,23794,1
2064,7559,1
2064,23583,1
2064,27926,1
2065,23372,1
2065,28354,1
2065,32457,1
2066,3662,1
2066,23161,1
2066,31948,1
2067,22950,1
2068,22739,1
2068,26234,1
2068,30397,1
2069,13654,1
2069,22528,1
2070,22317,1
2070,31679,1
2071,22106,1
2071,23423,1
2071,26881,1
2072,21895,1
2073,16825,1
2073,17626,1
2073,21684,1
2073,25003,1
2074,21473,1
2074,27267,1
2075,21262,1
2076,21051,1
2076,26431,1
2077,20840,1
2078,16211,1
2078,20629,1
2079,532,1
2079,20418,1
2080,10325,1
2080,20207,1
2081,6301,1
2081,19996,1
2081,26610,1
2082,288,1
2082,19785,1
2082,19996,1
2083,19574,1
2084,19363,1
2085,19152,1
2086,2953,1
2086,18941,1
2087,18730,1
2088,1001,1
2088,3352,1
2088,18519,1
2088,21037,1
2088,28175,1
2089,11666,1
2089,18308,1
2090,2032,1
2090,18097,1
2090,19488,1
2091,17886,1
2092,4480,1
2092,16465,1
2092,17675,1
2092,18651,1
2093,17464,1
2094,17253,1
2094,19448,1
2095,17042,1
2096,3902,1
2096,16831,1
2096,32214,1
2097,11140,1
2097,16620,1
2098,16409,1
2099,119,1
2099,16198,1
2099,31540,1
2100,15987,1
2101,15776,1
2102,15565,1
2103,15354,1
2103,27452,1
2104,15143,1
2105,14932,1
2106,14721,1
2107,14510,1
2107,16502,1
2108,14299,1
2109,14088,1
2109,29820,1
2110,10997,1
2110,13877,1
2111,13666,1
2112,13455,1
2113,13244,1
2113,14479,1
2113,28772,1
2114,13033,1
2115,12822,1
2116,12611,1
2117,12400,1
2118,1812,1
2118,12189,1
2119,11978,1
2119,21056,1
2120,11767,1
2121,10590,1
2121,11556,1
2122,11345,1
2123,11134,1
2123,16332,1
2124,6855,1
2124,10806,1
2124,10923,1
2124,18565,1
2124,27717,1
2125,718,1
2125,10712,1
2126,10501,1
2126,15117,1
2127,10290,1
2128,10079,1
2128,23101,1
2129,9868,1
2130,9657,1
2131,9446,1
2132,9235,1
2132,18382,1
2132,29842,1
2133,9024,1
2134,8813,1
2135,8602,1
2136,8391,1
2137,8180,1
2137,28698,1
2138,7969,1
2139,4533,1
2139,7758,1
2140,1000,1
2140,7547,1
2141,7336,1
2141,19420,1
2142,7125,1
2142,8033,1
2143,6914,1
2143,15802,1
2144,6703,1
2145,6492,1
2146,6281,1
2146,23169,1
2146,32053,1
2147,6070,1
2147,15553,1
2147,23493,1
2148,5859,1
2149,35,1
2149,5648,1
2149,7862,1
2149,13344,1
2149,32374,1
2150,5437,1
2151,5226,1
2151,8755,1
2151,11304,1
2152,5015,1
2152,9667,1
2153,4804,1
2153,8428,1
2153,12278,1
2154,4593,1
2155,563,1
2155,4382,1
2155,11169,1
2155,23643,1
2155,26041,1
2156,4171,1
2156,21786,1
2156,32612,1
2157,3960,1
2157,13064,1
2158,3749,1
2159,3538,1
2159,6977,1
2159,31004,1
2160,3327,1
2161,3116,1
2162,2905,1
2162,11723,1
2163,2694,1
2163,3793,1
2164,2483,1
2165,2272,1
2166,2061,1
2166,13177,1
2167,994,1
2167,1850,1
2168,1639,1
2169,1428,1
2170,1217,1
2170,32151,1
2171,1006,1
2171,10404,1
2171,31231,1
2172,795,1
2173,584,1
2173,6506,1
2173,29368,1
2174,373,1
2175,162,1
2175,15300,1
2175,26378,1
2176,15180,1
2176,32719,1
2177,2224,1
2177,4059,1
2177,18675,1
2177,30835,1
2177,32508,1
2178,5147,1
2178,6551,1
2178,21668,1
2178,32297,1
2179,23162,1
2179,32086,1
2180,31875,1
2181,278,1
2181,14910,1
2181,31664,1
2182,31453,1
2183,26027,1
2183,29573,1
2183,31242,1
2184,31031,1
2184,31453,1
2185,18965,1
2185,30820,1
2186,30609,1
2187,30398,1
2188,14717,1
2188,30187,1
2189,7600,1
2189,17036,1
2189,19207,1
2189,19880,1
2189,29976,1
2190,29765,1
2191,29554,1
2191,31935,1
2192,4851,1
2192,8024,1
2192,15015,1
2192,29343,1
2193,3094,1
2193,14524,1
2193,15597,1
2193,29132,1
2194,28921,1
2195,27249,1
2195,28710,1
2196,16954,1
2196,28328,1
2196,28499,1
2197,11795,1
2197,28288,1
2198,28077,1
2199,27866,1
2200,6050,1
2200,27655,1
2201,1083,1
2201,27444,1
2202,27233,1
2203,9155,1
2203,25425,1
2203,27022,1
2203,27058,1
2204,26811,1
2205,26600,1
2206,26389,1
2207,3181,1
2207,26178,1
2208,831,1
2208,25967,1
2209,18164,1
2209,25756,1
2209,32526,1
2210,12618,1
2210,23015,1
2210,25545,1
2211,25334,1
2212,8715,1
2212,25123,1
2213,3506,1
2213,24912,1
2214,3994,1
2214,20125,1
2214,24701,1
2215,6306,1
2215,24490,1
2216,2991,1
2216,4158,1
2216,24279,1
2217,3081,1
2217,24068,1
2218,1202,1
2218,23857,1
2219,23646,1
2220,4707,1
2220,23435,1
2221,23224,1
2222,23013,1
2223,19237,1
2223,22802,1
2223,32462,1
2224,22591,1
2224,23815,1
2224,25963,1
2225,22380,1
2226,22169,1
2226,29513,1
2227,16032,1
2227,21958,1
2228,21747,1
2229,10276,1
2229,21536,1
2230,21325,1
2230,31394,1
2231,548,1
2231,21114,1
2232,20903,1
2233,20630,1
2233,20692,1
2234,20481,1
2235,20270,1
2236,20059,1
2237,19848,1
2238,9076,1
2238,19637,1
2238,20013,1
2239,2864,1
2239,12754,1
2239,19426,1
2239,20807,1
2240,6089,1
2240,18912,1
2240,19215,1
2241,13256,1
2241,19004,1
2242,18793,1
2243,18582,1
2244,18371,1
2245,12849,1
2245,18160,1
2246,1975,1
2246,8848,1
2246,17949,1
2247,15108,1
2247,17738,1
2248,17527,1
2249,17316,1
2250,15463,1
2250,17105,1
2250,17606,1
2250,26253,1
2251,10666,1
2251,16894,1
2252,16683,1
2253,16472,1
2253,22690,1
2253,29531,1
2254,16261,1
2255,16050,1
2255,24994,1
2256,15839,1
2257,15628,1
2257,28015,1
2258,15417,1
2258,15467,1
2259,15206,1
2260,14448,1
2260,14995,1
2260,26969,1
2260,29900,1
2261,14784,1
2261,16826,1
2262,2700,1
2262,14573,1
2263,14362,1
2263,19838,1
2264,2009,1
2264,7107,1
2264,10909,1
2264,14151,1
2264,30732,1
2265,13940,1
2266,2209,1
2266,13729,1
2266,19863,1
2267,13518,1
2267,21799,1
2268,13307,1
2268,14729,1
2269,402,1
2269,13096,1
2270,12885,1
2271,12674,1
2272,10764,1
2272,11808,1
2272,12463,1
2272,31057,1
2273,11899,1
2273,12252,1
2273,29121,1
2274,12041,1
2274,26621,1
2275,6560,1
2275,11830,1
2275,18699,1
2276,11619,1
2276,12560,1
2276,24640,1
2276,31482,1
2277,11408,1
2277,17166,1
2278,8347,1
2278,11197,1
2278,20948,1
2279,10986,1
2280,10775,1
2280,28759,1
2280,32706,1
2281,10564,1
2282,10353,1
2283,10142,1
2283,14100,1
2284,8865,1
2284,9931,1
2285,9720,1
2285,25294,1
2286,9509,1
2287,9298,1
2288,9087,1
2288,13463,1
2289,8876,1
2290,8665,1
2290,17508,1
2290,31208,1
2291,8454,1
2292,8243,1
2292,21222,1
2293,8032,1
2294,7821,1
2294,27549,1
2295,7610,1
2296,7399,1
2296,15576,1
2297,7188,1
2298,6537,1
2298,6977,1
2299,6766,1
2299,12490,1
2300,6555,1
2301,6344,1
2302,4733,1
2302,6133,1
2302,18460,1
2303,363,1
2303,5445,1
2303,5922,1
2303,9827,1
2304,5711,1
2305,5500,1
2305,5854,1
2306,5289,1
2307,5078,1
2307,27437,1
2308,4867,1
2308,25251,1
2309,4656,1
2309,7153,1
2309,14970,1
2310,4445,1
2311,3750,1
2311,4234,1
2312,4023,1
2313,3812,1
2313,23143,1
2314,3601,1
2314,20016,1
2315,3390,1
2316,3179,1
2316,26450,1
2317,2968,1
2317,29912,1
2318,2757,1
2318,23530,1
2319,2546,1
2320,2335,1
2321,2124,1
2321,2667,1
2321,30321,1
2322,221,1
2322,1913,1
2323,1702,1
2323,30532,1
2324,1491,1
2324,2567,1
2324,17857,1
2325,1280,1
2325,8229,1
2325,19250,1
2326,1069,1
2326,3928,1
2326,19995,1
2326,30226,1
2327,858,1
2328,647,1
2329,436,1
2329,4871,1
2329,19115,1
2330,225,1
2331,14,1
2331,84,1
2331,31267,1
2332,32571,1
2333,6824,1
2333,32360,1
2334,32149,1
2335,31938,1
2336,31727,1
2337,27181,1
2337,31516,1
2338,28050,1
2338,31305,1
2339,9057,1
2339,23362,1
2339,31094,1
2340,30883,1
2341,30672,1
2342,4711,1
2342,22139,1
2342,30461,1
2343,4197,1
2343,23542,1
2343,24427,1
2343,30250,1
2344,16444,1
2344,30039,1
2345,10181,1
2345,29828,1
2346,11719,1
2346,29617,1
2347,3152,1
2347,17307,1
2347,29406,1
2348,16912,1
2348,29195,1
2349,9768,1
2349,28984,1
2350,27659,1
2350,27666,1
2350,28773,1
2351,18506,1
2351,24226,1
2351,28562,1
2352,27158,1
2352,28351,1
2353,7683,1
2353,14619,1
2353,15026,1
2353,28140,1
2354,752,1
2354,27929,1
2355,27718,1
2356,18451,1
2356,27507,1
2357,26238,1
2357,27296,1
2358,27085,1
2359,19434,1
2359,26874,1
2359,31578,1
2360,5928,1
2360,26663,1
2361,26452,1
2362,26241,1
2362,27030,1
2363,12727,1
2363,26030,1
2364,25819,1
2364,27421,1
2365,17057,1
2365,25608,1
2366,10717,1
2366,25397,1
2367,18032,1
2367,22108,1
2367,25186,1
2367,30468,1
2368,8411,1
2368,24975,1
2369,24764,1
2370,12094,1
2370,14869,1
2370,24553,1
2371,24342,1
2372,24131,1
2373,23920,1
2374,19048,1
2374,23709,1
2375,3233,1
2375,7419,1
2375,23498,1
2376,23287,1
2377,23076,1
2378,10727,1
2378,22865,1
2379,22654,1
2379,23791,1
2380,22443,1
2381,3239,1
2381,22232,1
2382,22021,1
2382,23168,1
2383,21810,1
2384,21599,1
2385,21388,1
2385,26887,1
2386,21177,1
2387,6108,1
2387,20025,1
2387,20966,1
2388,20755,1
2388,24673,1
2389,20544,1
2390,20333,1
2390,22734,1
2391,20122,1
2391,25109,1
2392,19911,1
2393,19700,1
2394,19489,1
2395,1724,1
2395,19278,1
2395,21490,1
2395,31055,1
2396,3137,1
2396,19067,1
2397,7962,1
2397,18856,1
2397,30884,1
2398,18645,1
2399,18434,1
2399,27645,1
2400,18223,1
2400,25945,1
2400,29976,1
2401,11361,1
2401,13291,1
2401,18012,1
2401,28401,1
2402,17801,1
2403,17590,1
2404,17379,1
2405,11000,1
2405,17168,1
2405,27994,1
2405,31423,1
2406,16957,1
2407,16746,1
2407,21993,1
2408,16535,1
2409,16324,1
2410,16113,1
2411,8472,1
2411,15902,1
2411,25199,1
2412,10241,1
2412,15691,1
2413,1568,1
2413,15480,1
2413,27695,1
2414,13199,1
2414,15269,1
2415,15058,1
2415,29529,1
2416,14847,1
2417,130,1
2417,14636,1
2418,10295,1
2418,14425,1
2419,4056,1
2419,12056,1
2419,14214,1
2420,966,1
2420,14003,1
2421,13792,1
2422,13581,1
2423,11967,1
2423,13370,1
2423,13916,1
2423,19092,1
2424,13159,1
2425,12948,1
2426,12737,1
2427,1261,1
2427,12526,1
2427,25054,1
2428,12315,1
2429,12104,1
2429,13045,1
2429,15643,1
2430,10671,1
2430,11893,1
2431,1448,1
2431,11682,1
2432,11471,1
2432,28661,1
2433,11260,1
2433,12975,1
2433,30269,1
2434,11049,1
2435,10838,1
2436,2787,1
2436,10627,1
2437,10416,1
2437,13477,1
2437,31124,1
2438,10205,1
2438,13903,1
2439,8370,1
2439,9994,1
2439,15085,1
2439,32107,1
2440,9783,1
2441,9572,1
2441,16464,1
2442,9361,1
2443,9150,1
2444,8939,1
2444,18687,1
2445,8728,1
2445,10180,1
2445,16359,1
2446,48,1
2446,8517,1
2446,17781,1
2447,8306,1
2447,14395,1
2447,31456,1
2448,6933,1
2448,8095,1
2448,15422,1
2449,7884,1
2449,11798,1
2449,21097,1
2450,7673,1
2451,7462,1
2451,9219,1
2451,25536,1
2452,7251,1
2453,7040,1
2454,263,1
2454,6829,1
2455,6618,1
2456,6407,1
2457,6196,1
2457,30379,1
2458,5985,1
2458,19911,1
2459,5774,1
2460,5563,1
2460,13381,1
2461,5352,1
2461,18063,1
2462,5141,1
2462,9884,1
2463,4930,1
2464,4719,1
2465,4508,1
2466,2745,1
2466,4297,1
2466,9371,1
2467,4086,1
2467,12594,1
2468,3875,1
2468,12134,1
2469,3664,1
2469,5299,1
2470,1486,1
2470,3453,1
2471,3242,1
2472,3031,1
2472,12259,1
2473,2820,1
2474,312,1
2474,2609,1
2474,15763,1
2475,2398,1
2476,2187,1
2477,1976,1
2478,1765,1
2478,32576,1
2479,1554,1
2479,21644,1
2480,1343,1
2481,1132,1
2482,921,1
2482,21558,1
2483,710,1
2483,1026,1
2483,22336,1
2484,499,1
2485,288,1
2485,30956,1
2486,77,1
2487,17291,1
2487,27654,1
2487,32634,1
2488,32423,1
2489,32212,1
2490,31151,1
2490,32001,1
2491,762,1
2491,31790,1
2492,31579,1
2493,1252,1
2493,5231,1
2493,31368,1
2494,11337,1
2494,31157,1
2495,22110,1
2495,30946,1
2496,3560,1
2496,30735,1
2497,30524,1
2498,30313,1
2498,31199,1
2499,30102,1
2500,29891,1
2501,29680,1
2502,4462,1
2502,4585,1
2502,13804,1
2502,29469,1
2503,3524,1
2503,29258,1
2504,22310,1
2504,29047,1
2505,23923,1
2505,28836,1
2506,728,1
2506,28625,1
2507,11526,1
2507,21968,1
2507,28414,1
2508,16851,1
2508,28203,1
2509,10038,1
2509,17922,1
2509,27992,1
2510,27781,1
2510,31714,1
2511,16397,1
2511,18670,1
2511,27570,1
2512,27359,1
2513,16583,1
2513,27148,1
2514,13476,1
2514,16639,1
2514,26937,1
2515,896,1
2515,18932,1
2515,26726,1
2516,12440,1
2516,26515,1
2517,26304,1
2518,19620,1
2518,26093,1
2519,25882,1
2520,25671,1
2521,25460,1
2522,5047,1
2522,8516,1
2522,25249,1
2523,10279,1
2523,25038,1
2524,24827,1
2525,24616,1
2526,24405,1
2527,24194,1
2528,23983,1
2529,23772,1
2530,23561,1
2531,20581,1
2531,23350,1
2532,23139,1
2532,28387,1
2533,22928,1
2534,22717,1
2535,6642,1
2535,13343,1
2535,14332,1
2535,22506,1
2536,2199,1
2536,22295,1
2537,22084,1
2538,21873,1
2539,21662,1
2540,18334,1
2540,20106,1
2540,21451,1
2541,21240,1
2542,761,1
2542,2169,1
2542,8639,1
2542,10121,1
2542,21029,1
2543,20818,1
2544,8246,1
2544,9643,1
2544,20607,1
2544,21630,1
2545,2537,1
2545,20396,1
2546,13383,1
2546,20185,1
2547,917,1
2547,19974,1
2547,21614,1
2548,19763,1
2549,19552,1
2550,19341,1
2551,7648,1
2551,19130,1
2552,18919,1
2553,11459,1
2553,15240,1
2553,18708,1
2553,19658,1
2553,32131,1
2554,8055,1
2554,18497,1
2555,18286,1
2556,18075,1
2557,4292,1
2557,17864,1
2558,17653,1
2559,10338,1
2559,17442,1
2560,17231,1
2560,18576,1
2561,17020,1
2562,16809,1
2563,16598,1
2564,16387,1
2564,27090,1
2565,5101,1
2565,16176,1
2565,32696,1
2566,9653,1
2566,10779,1
2566,15965,1
2566,19022,1
2567,2017,1
2567,15754,1
2567,24728,1
2568,15543,1
2569,11270,1
2569,15332,1
2570,15121,1
2571,14910,1
2571,32177,1
2572,2507,1
2572,14699,1
2573,14488,1
2573,17071,1
2573,28880,1
2574,1977,1
2574,14277,1
2575,14066,1
2575,18869,1
2576,13375,1
2576,13855,1
2576,13926,1
2576,26159,1
2577,8557,1
2577,13644,1
2577,16692,1
2578,12582,1
2578,13433,1
2578,23592,1
2579,13222,1
2579,18195,1
2579,23217,1
2579,31284,1
2580,13011,1
2581,12800,1
2581,13093,1
2582,9545,1
2582,12589,1
2583,12378,1
2583,17112,1
2583,17260,1
2584,12167,1
2585,11956,1
2585,14777,1
2586,11745,1
2587,11534,1
2587,25337,1
2588,11323,1
2588,21869,1
2588,29432,1
2589,11112,1
2589,17652,1
2590,7267,1
2590,10901,1
2590,18147,1
2591,10690,1
2592,10479,1
2592,25670,1
2593,6649,1
2593,10268,1
2593,30544,1
2594,10057,1
2595,9846,1
2595,13619,1
2595,19399,1
2595,26069,1
2596,6688,1
2596,9635,1
2597,9424,1
2597,18485,1
2597,23532,1
2597,29306,1
2598,9213,1
2599,9002,1
2599,22957,1
2600,8253,1
2600,8791,1
2601,8580,1
2601,18161,1
2602,8369,1
2602,18621,1
2603,8158,1
2604,1888,1
2604,7947,1
2605,3520,1
2605,7736,1
2606,7525,1
2606,11852,1
2607,7314,1
2608,3346,1
2608,7103,1
2608,19211,1
2609,6892,1
2610,3161,1
2610,6681,1
2611,3854,1
2611,6470,1
2611,20290,1
2612,6259,1
2612,11195,1
2612,24821,1
2612,25239,1
2612,26179,1
2613,6048,1
2613,24304,1
2613,29826,1
2614,5837,1
2615,5626,1
2615,16749,1
2616,5415,1
2616,18546,1
2617,5204,1
2617,9959,1
2618,4993,1
2618,11900,1
2619,4782,1
2620,4571,1
2620,11342,1
2620,22404,1
2620,30929,1
2621,4360,1
2622,4149,1
2623,3938,1
2624,668,1
2624,3727,1
2624,23852,1
2624,30196,1
2625,3516,1
2626,3305,1
2626,13830,1
2627,3094,1
2628,2883,1
2628,23960,1
2629,2672,1
2629,11565,1
2629,17472,1
2630,2461,1
2631,2250,1
2631,6096,1
2631,7400,1
2632,2039,1
2632,14165,1
2632,14916,1
2633,1828,1
2634,1617,1
2634,19098,1
2634,22858,1
2635,1406,1
2636,1195,1
2636,27738,1
2637,984,1
2637,28179,1
2638,773,1
2638,6870,1
2638,9009,1
2639,562,1
2639,17695,1
2639,19331,1
2640,351,1
2640,17940,1
2640,21129,1
2640,29595,1
2641,140,1
2641,17995,1
2642,10632,1
2642,30001,1
2642,32697,1
2643,12904,1
2643,32486,1
2644,32275,1
2645,16414,1
2645,32064,1
2646,5699,1
2646,31853,1
2647,21233,1
2647,31642,1
2648,11508,1
2648,15437,1
2648,31431,1
2649,21172,1
2649,31220,1
2650,7068,1
2650,28959,1
2650,31009,1
2651,30798,1
2652,29922,1
2652,30587,1
2653,12007,1
2653,21755,1
2653,30376,1
2654,30165,1
2655,29954,1
2656,23470,1
2656,29743,1
2657,1524,1
2657,29532,1
2658,29321,1
2659,29110,1
2660,6364,1
2660,28899,1
2661,16245,1
2661,28688,1
2662,28477,1
2663,28266,1
2664,28055,1
2665,27844,1
2666,27633,1
2667,27422,1
2668,12921,1
2668,27211,1
2669,8115,1
2669,23120,1
2669,24480,1
2669,26725,1
2669,27000,1
2670,26789,1
2671,10073,1
2671,19634,1
2671,26578,1
2672,26367,1
2672,28894,1
2673,14954,1
2673,25182,1
2673,26156,1
2674,4673,1
2674,15506,1
2674,25945,1
2674,32079,1
2675,4425,1
2675,25734,1
2676,11913,1
2676,25255,1
2676,25523,1
2677,25312,1
2677,28174,1
2678,7272,1
2678,10100,1
2678,23170,1
2678,25101,1
2679,24890,1
2679,32314,1
2680,24679,1
2681,17549,1
2681,24468,1
2682,24257,1
2683,24046,1
2684,23835,1
2684,27923,1
2685,23624,1
2686,8965,1
2686,20204,1
2686,23139,1
2686,23413,1
2687,12331,1
2687,23202,1
2688,5354,1
2688,22991,1
2688,29137,1
2689,1734,1
2689,22780,1
2690,22569,1
2690,28950,1
2691,12746,1
2691,22358,1
2692,1576,1
2692,3278,1
2692,22147,1
2692,24432,1
2693,21533,1
2693,21936,1
2694,12938,1
2694,21725,1
2694,31262,1
2695,21514,1
2696,21303,1
2696,24905,1
2696,25264,1
2697,3114,1
2697,5909,1
2697,15128,1
2697,21092,1
2698,20881,1
2699,20670,1
2699,32601,1
2700,20459,1
2700,25749,1
2701,20248,1
2701,22966,1
2702,20037,1
2703,10822,1
2703,19826,1
2704,7504,1
2704,19615,1
2705,19404,1
2705,30163,1
2706,918,1
2706,19193,1
2706,22273,1
2706,26529,1
2707,18982,1
2708,18771,1
2708,19036,1
2708,28793,1
2709,18560,1
2709,19808,1
2710,2960,1
2710,18349,1
2710,29367,1
2711,332,1
2711,18138,1
2712,17927,1
2712,32294,1
2713,15535,1
2713,17716,1
2714,17505,1
2714,19155,1
2715,5792,1
2715,13547,1
2715,17294,1
2715,19922,1
2715,25685,1
2716,1659,1
2716,2984,1
2716,17083,1
2716,30821,1
2717,16872,1
2718,10088,1
2718,16661,1
2719,16450,1
2720,16239,1
2720,20278,1
2720,24530,1
2721,16028,1
2722,15817,1
2723,15606,1
2723,16984,1
2723,17227,1
2724,10693,1
2724,15395,1
2725,708,1
2725,15184,1
2726,14973,1
2726,19811,1
2726,22586,1
2727,14762,1
2728,8942,1
2728,14551,1
2729,9611,1
2729,14340,1
2729,20896,1
2730,11802,1
2730,14129,1
2731,13918,1
2731,22122,1
2732,13707,1
2732,18430,1
2733,1810,1
2733,11827,1
2733,13496,1
2734,13285,1
2735,13074,1
2735,22566,1
2735,32688,1
2736,12863,1
2736,19983,1
2736,21919,1
2737,12652,1
2737,28561,1
2738,5599,1
2738,12441,1
2738,13292,1
2739,12230,1
2739,29441,1
2740,12019,1
2741,11808,1
2742,11597,1
2742,21550,1
2743,11386,1
2744,11175,1
2744,16151,1
2745,10964,1
2746,10753,1
2747,10542,1
2748,10331,1
2749,10120,1
2749,23231,1
2749,28180,1
2749,32250,1
2750,4598,1
2750,9909,1
2750,17637,1
2751,9698,1
2752,9487,1
2752,13357,1
2753,9276,1
2754,5641,1
2754,7474,1
2754,9065,1
2754,28182,1
2755,8854,1
2756,8643,1
2757,8432,1
2758,8221,1
2758,18412,1
2759,8010,1
2760,4755,1
2760,7799,1
2761,7588,1
2762,7377,1
2763,7166,1
2763,29437,1
2764,6955,1
2764,10191,1
2764,24683,1
2765,6744,1
2765,29095,1
2766,6533,1
2767,6322,1
2767,8576,1
2767,21970,1
2767,25450,1
2768,6111,1
2769,4354,1
2769,5900,1
2769,32148,1
2770,1380,1
2770,4176,1
2770,5689,1
2770,19617,1
2770,26491,1
2771,5478,1
2771,15728,1
2772,5267,1
2772,16200,1
2773,5056,1
2773,21966,1
2774,4845,1
2774,11604,1
2774,12983,1
2775,4634,1
2775,16668,1
2776,4423,1
2776,14636,1
2777,4212,1
2778,4001,1
2779,3790,1
2779,11212,1
2779,14906,1
2780,3579,1
2781,3368,1
2782,3157,1
2782,12461,1
2782,16971,1
2783,2946,1
2783,19755,1
2784,2735,1
2784,15530,1
2785,2524,1
2785,14236,1
2785,21478,1
2785,25417,1
2786,2313,1
2786,4047,1
2786,13300,1
2786,19865,1
2787,2102,1
2787,21438,1
2788,1891,1
2788,10565,1
2789,1680,1
2790,1469,1
2790,15702,1
2791,1258,1
2792,1047,1
2792,11770,1
2793,836,1
2794,625,1
2795,414,1
2795,5226,1
2796,203,1
2796,21803,1
2797,32760,1
2798,32549,1
2799,5331,1
2799,10457,1
2799,32338,1
2800,32127,1
2801,11339,1
2801,11923,1
2801,14147,1
2801,16716,1
2801,31916,1
2802,3629,1
2802,31705,1
2803,9737,1
2803,31494,1
2804,31283,1
2805,31072,1
2806,3939,1
2806,30861,1
2807,21648,1
2807,30650,1
2808,8343,1
2808,30439,1
2808,31107,1
2809,30228,1
2810,4528,1
2810,30017,1
2811,2260,1
2811,26884,1
2811,29806,1
2812,29595,1
2813,4147,1
2813,29384,1
2814,29173,1
2815,28962,1
2816,28751,1
2817,10795,1
2817,28540,1
2818,13705,1
2818,25744,1
2818,28329,1
2819,28118,1
2820,853,1
2820,10351,1
2820,27907,1
2821,6801,1
2821,24402,1
2821,27696,1
2822,3251,1
2822,9886,1
2822,27485,1
2823,27274,1
2824,27063,1
2825,26852,1
2826,26641,1
2827,26430,1
2827,29503,1
2828,1580,1
2828,26219,1
2829,26008,1
2830,25797,1
2831,25586,1
2831,28229,1
2831,29012,1
2832,25375,1
2833,19868,1
2833,25164,1
2833,31850,1
2834,18507,1
2834,24953,1
2835,3542,1
2835,24742,1
2835,25815,1
2836,7489,1
2836,20272,1
2836,24531,1
2837,20901,1
2837,24320,1
2838,22779,1
2838,24109,1
2839,23898,1
2840,5598,1
2840,21543,1
2840,23687,1
2841,3516,1
2841,23476,1
2842,2977,1
2842,11749,1
2842,23265,1
2843,23054,1
2844,11019,1
2844,22843,1
2844,30079,1
2845,22632,1
2846,22421,1
2847,22210,1
2848,21999,1
2849,14388,1
2849,21788,1
2850,1402,1
2850,4655,1
2850,21577,1
2851,21366,1
2851,27418,1
2852,21155,1
2853,3180,1
2853,20944,1
2853,22465,1
2854,20733,1
2855,5103,1
2855,20522,1
2856,20311,1
2857,20100,1
2857,27670,1
2858,19889,1
2858,22006,1
2858,22869,1
2858,31331,1
2859,19678,1
2860,3961,1
2860,19467,1
2860,29131,1
2861,14034,1
2861,19256,1
2862,19045,1
2863,18834,1
2864,11414,1
2864,11871,1
2864,18623,1
2864,28658,1
2865,18412,1
2865,20137,1
2866,18201,1
2866,24233,1
2866,26734,1
2867,4066,1
2867,17990,1
2867,27967,1
2868,16494,1
2868,17779,1
2868,30094,1
2869,17568,1
2869,22309,1
2870,17357,1
2870,22032,1
2871,13032,1
2871,17146,1
2872,16935,1
2873,1191,1
2873,14994,1
2873,16724,1
2874,16513,1
2875,16302,1
2876,16091,1
2877,15880,1
2877,18955,1
2878,10992,1
2878,15669,1
2878,18159,1
2878,20520,1
2879,13232,1
2879,14072,1
2879,15458,1
2880,15247,1
2880,15716,1
2881,9775,1
2881,15036,1
2881,18959,1
2881,22260,1
2881,32742,1
2882,8614,1
2882,14825,1
2882,31087,1
2883,14614,1
2883,15314,1
2883,20646,1
2884,13044,1
2884,14403,1
2885,14192,1
2886,13981,1
2886,25664,1
2887,13770,1
2888,13559,1
2889,13074,1
2889,13348,1
2890,13137,1
2891,4198,1
2891,8402,1
2891,10630,1
2891,12926,1
2892,12715,1
2892,19505,1
2893,9232,1
2893,12504,1
2894,12293,1
2894,31225,1
2895,3191,1
2895,12082,1
2896,11871,1
2897,11660,1
2898,3601,1
2898,3987,1
2898,11449,1
2899,11238,1
2900,11027,1
2901,8936,1
2901,10816,1
2902,10605,1
2903,10394,1
2904,5022,1
2904,6981,1
2904,10183,1
2904,20994,1
2905,9972,1
2905,32631,1
2906,9761,1
2907,9550,1
2908,9339,1
2908,13408,1
2909,9128,1
2910,8917,1
2910,13121,1
2910,23282,1
2910,28056,1
2911,8706,1
2912,8495,1
2913,2972,1
2913,8284,1
2913,8595,1
2914,8073,1
2915,6335,1
2915,7862,1
2915,24275,1
2915,30246,1
2916,5964,1
2916,7651,1
2917,7440,1
2917,9112,1
2918,7229,1
2918,7721,1
2918,11835,1
2918,30513,1
2919,7018,1
2920,6807,1
2920,12410,1
2920,23042,1
2921,6596,1
2922,6385,1
2923,1221,1
2923,6174,1
2923,12384,1
2924,5963,1
2924,29234,1
2925,5752,1
2926,5541,1
2927,5330,1
2928,5119,1
2928,17892,1
2928,18454,1
2929,4908,1
2929,31490,1
2930,4697,1
2931,4486,1
2931,10710,1
2931,27931,1
2931,30270,1
2932,4275,1
2932,16880,1
2933,4064,1
2933,21005,1
2933,22905,1
2934,3853,1
2934,25469,1
2935,3642,1
2935,4324,1
2935,11533,1
2936,3431,1
2937,3220,1
2938,3009,1
2938,12024,1
2938,24015,1
2938,26070,1
2939,2798,1
2940,2587,1
2941,2376,1
2942,2165,1
2943,1954,1
2943,13208,1
2943,15843,1
2944,1743,1
2944,20640,1
2945,1532,1
2946,1321,1
2947,1110,1
2948,899,1
2948,23500,1
2949,688,1
2950,477,1
2950,2250,1
2950,7306,1
2950,20836,1
2951,266,1
2952,55,1
2953,22313,1
2953,32612,1
2954,29048,1
2954,30103,1
2954,32401,1
2955,659,1
2955,3587,1
2955,28350,1
2955,32190,1
2956,4225,1
2956,9318,1
2956,14172,1
2956,31979,1
2957,27754,1
2957,30931,1
2957,31768,1
2958,11957,1
2958,17592,1
2958,31415,1
2958,31557,1
2959,31346,1
2960,31063,1
2960,31135,1
2961,24221,1
2961,25472,1
2961,30924,1
2962,30713,1
2963,25272,1
2963,30502,1
2964,12295,1
2964,30291,1
2965,30080,1
2966,10536,1
2966,29869,1
2967,29658,1
2968,29447,1
2969,1914,1
2969,27952,1
2969,29236,1
2970,13501,1
2970,24437,1
2970,29025,1
2971,3965,1
2971,26190,1
2971,28814,1
2972,9607,1
2972,13567,1
2972,28603,1
2973,28392,1
2974,28181,1
2975,27970,1
2976,17872,1
2976,27759,1
2977,27548,1
2978,473,1
2978,22652,1
2978,27337,1
2979,1707,1
2979,27126,1
2980,3148,1
2980,26915,1
2981,26704,1
2982,5878,1
2982,26493,1
2982,28461,1
2983,25454,1
2983,26282,1
2983,28298,1
2984,26071,1
2984,29598,1
2985,25860,1
2985,29326,1
2986,25649,1
2987,12133,1
2987,25438,1
2988,25227,1
2989,25016,1
2990,24805,1
2990,31035,1
2991,24594,1
2991,28827,1
2992,24383,1
2993,23766,1
2993,24172,1
2994,23961,1
2995,23750,1
2996,19042,1
2996,23539,1
2997,23328,1
2998,23117,1
2999,22906,1
2999,28127,1
3000,13420,1
3000,22695,1
3001,3454,1
3001,22484,1
3001,26532,1
3002,22273,1
3003,20307,1
3003,22062,1
3004,21851,1
3004,25020,1
3005,4000,1
3005,9427,1
3005,21640,1
3005,24294,1
3006,11480,1
3006,21429,1
3007,21218,1
3008,20649,1
3008,21007,1
3009,2990,1
3009,20796,1
3009,25537,1
3009,25974,1
3010,20585,1
3011,666,1
3011,6956,1
3011,20374,1
3012,20163,1
3013,19952,1
3013,25130,1
3014,19741,1
3014,21814,1
3014,25520,1
3015,19530,1
3016,19319,1
3017,5946,1
3017,19108,1
3018,18897,1
3018,21911,1
3018,26757,1
3018,31882,1
3019,15784,1
3019,18686,1
3019,21187,1
3020,15279,1
3020,18475,1
3020,24817,1
3021,18264,1
3022,18053,1
3023,17842,1
3023,20173,1
3023,25273,1
3024,17631,1
3025,14647,1
3025,17420,1
3026,12046,1
3026,17209,1
3027,16998,1
3028,16787,1
3029,14473,1
3029,16576,1
3030,16365,1
3031,6578,1
3031,16154,1
3031,30071,1
3032,12469,1
3032,15943,1
3033,5581,1
3033,15732,1
3034,7495,1
3034,15521,1
3034,16927,1
3035,12482,1
3035,15310,1
3036,15099,1
3037,14888,1
3037,26939,1
3038,2384,1
3038,14677,1
3038,19919,1
3039,5515,1
3039,14466,1
3039,24603,1
3040,14255,1
3040,16142,1
3040,27408,1
3041,6893,1
3041,14044,1
3042,13833,1
3043,13622,1
3044,13411,1
3044,28473,1
3045,7139,1
3045,13200,1
3046,12989,1
3047,5696,1
3047,12778,1
3048,12567,1
3048,16606,1
3048,20527,1
3049,12356,1
3049,16307,1
3050,12145,1
3050,32146,1
3051,11934,1
3051,16182,1
3051,26555,1
3052,11723,1
3052,23553,1
3053,11512,1
3054,11301,1
3055,11090,1
3056,4807,1
3056,10879,1
3056,13659,1
3056,24176,1
3057,10668,1
3058,10457,1
3058,31724,1
3059,10246,1
3059,21944,1
3060,10035,1
3061,9824,1
3061,10190,1
3062,9613,1
3062,19349,1
3062,20856,1
3063,9402,1
3063,17029,1
3064,9191,1
3064,10451,1
3065,8980,1
3066,8769,1
3066,9125,1
3067,8558,1
3067,29468,1
3068,8347,1
3068,31649,1
3068,32551,1
3069,8136,1
3070,7925,1
3071,7714,1
3071,12543,1
3071,22043,1
3072,7503,1
3073,4568,1
3073,7292,1
3074,674,1
3074,7081,1
3075,6870,1
3076,6659,1
3077,6179,1
3077,6448,1
3077,32505,1
3078,6237,1
3078,27883,1
3079,6026,1
3079,8394,1
3079,27117,1
3080,5815,1
3081,5604,1
3081,17478,1
3081,17773,1
3082,788,1
3082,2556,1
3082,5393,1
3082,12640,1
3083,5182,1
3084,4971,1
3085,4640,1
3085,4760,1
3086,4549,1
3086,6395,1
3087,4338,1
3088,4127,1
3088,12115,1
3088,30108,1
3089,3916,1
3089,19814,1
3090,3705,1
3090,25118,1
3091,3038,1
3091,3494,1
3091,23106,1
3092,3283,1
3092,29074,1
3093,3072,1
3093,12617,1
3093,17251,1
3094,2861,1
3095,2650,1
3095,24825,1
3095,30152,1
3096,2439,1
3097,2228,1
3097,12254,1
3097,17446,1
3098,2017,1
3099,1806,1
3099,21584,1
3100,1595,1
3100,22761,1
3101,1384,1
3102,1173,1
3103,962,1
3103,7550,1
3103,25086,1
3104,751,1
3104,29274,1
3105,540,1
3105,6982,1
3106,329,1
3106,8966,1
3106,16168,1
3106,30759,1
3106,32106,1
3107,118,1
3107,27335,1
3108,9339,1
3108,32675,1
3109,32464,1
3110,14541,1
3110,31928,1
3110,32253,1
3111,22261,1
3111,32042,1
3112,15434,1
3112,31831,1
3113,31620,1
3114,31409,1
3115,3333,1
3115,4015,1
3115,31198,1
3116,30987,1
3117,30776,1
3118,3030,1
3118,30565,1
3119,30354,1
3120,30143,1
3121,5512,1
3121,14688,1
3121,20502,1
3121,29932,1
3122,29721,1
3123,9789,1
3123,29510,1
3124,29299,1
3125,23793,1
3125,29088,1
3126,9928,1
3126,28877,1
3127,28666,1
3128,28455,1
3129,3912,1
3129,12599,1
3129,28244,1
3129,32641,1
3130,28033,1
3131,27822,1
3132,10086,1
3132,27611,1
3133,16701,1
3133,26930,1
3133,27400,1
3134,27189,1
3135,26978,1
3136,26767,1
3137,26556,1
3138,3865,1
3138,20293,1
3138,26345,1
3139,1972,1
3139,4466,1
3139,24026,1
3139,26134,1
3140,25923,1
3141,25712,1
3141,32200,1
3142,5377,1
3142,5880,1
3142,11677,1
3142,25501,1
3143,16902,1
3143,25290,1
3144,23157,1
3144,25079,1
3145,17229,1
3145,24868,1
3146,24657,1
3147,24446,1
3148,24235,1
3149,12979,1
3149,24024,1
3149,27464,1
3149,28011,1
3150,23813,1
3151,16366,1
3151,23602,1
3152,23391,1
3153,3120,1
3153,17867,1
3153,23180,1
3153,31132,1
3154,22969,1
3155,10407,1
3155,22758,1
3156,18262,1
3156,22547,1
3157,10528,1
3157,21798,1
3157,22336,1
3158,22125,1
3158,30908,1
3159,21914,1
3159,27363,1
3160,11700,1
3160,15439,1
3160,21703,1
3161,21492,1
3162,9508,1
3162,21281,1
3163,11317,1
3163,21070,1
3164,19145,1
3164,20859,1
3164,25062,1
3165,5658,1
3165,20648,1
3166,20230,1
3166,20437,1
3167,20226,1
3167,21286,1
3168,8408,1
3168,20015,1
3169,13438,1
3169,19804,1
3170,19593,1
3171,19382,1
3172,19171,1
3173,7397,1
3173,18960,1
3174,17882,1
3174,18749,1
3175,16138,1
3175,18538,1
3176,14103,1
3176,18327,1
3177,18116,1
3178,16846,1
3178,17905,1
3178,18324,1
3179,11027,1
3179,17253,1
3179,17694,1
3179,26115,1
3180,17483,1
3181,14622,1
3181,17272,1
3182,17061,1
3182,30388,1
3183,16850,1
3184,6936,1
3184,16639,1
3184,23210,1
3185,16428,1
3186,16217,1
3186,30776,1
3187,16006,1
3188,10171,1
3188,15795,1
3188,19143,1
3188,21881,1
3189,1087,1
3189,15584,1
3189,29948,1
3190,15373,1
3191,15162,1
3191,31487,1
3192,14951,1
3193,14740,1
3194,14529,1
3195,1253,1
3195,14318,1
3196,14107,1
3196,31827,1
3197,13896,1
3198,13685,1
3198,28280,1
3199,13474,1
3200,13263,1
3200,21633,1
3201,5560,1
3201,13052,1
3202,12841,1
3202,14134,1
3203,12630,1
3204,12419,1
3205,12208,1
3206,11997,1
3207,11786,1
3207,29489,1
3208,484,1
3208,11575,1
3209,5193,1
3209,11364,1
3210,11153,1
3211,10942,1
3211,29893,1
3212,8149,1
3212,10731,1
3212,26038,1
3213,10520,1
3214,10309,1
3215,10098,1
3215,30355,1
3216,9887,1
3216,26843,1
3217,9676,1
3218,9465,1
3218,20553,1
3219,1369,1
3219,9254,1
3220,467,1
3220,9043,1
3221,5829,1
3221,8832,1
3222,8621,1
3222,15057,1
3223,6785,1
3223,8410,1
3223,28746,1
3224,8199,1
3224,12010,1
3225,7988,1
3226,7777,1
3227,7566,1
3227,9748,1
3228,7355,1
3229,7144,1
3229,15375,1
3230,6933,1
3230,25140,1
3231,6722,1
3232,999,1
3232,6511,1
3233,6300,1
3234,2321,1
3234,6089,1
3234,17360,1
3235,5878,1
3235,19424,1
3236,5309,1
3236,5667,1
3237,5456,1
3238,5245,1
3238,9557,1
3238,10819,1
3239,5034,1
3240,4823,1
3240,29456,1
3241,4612,1
3241,26732,1
3242,4401,1
3242,6679,1
3243,4190,1
3243,5292,1
3243,14426,1
3243,15923,1
3243,16066,1
3244,3979,1
3244,14474,1
3244,21683,1
3244,29395,1
3245,3768,1
3245,12919,1
3245,15248,1
3246,2127,1
3246,3557,1
3246,12657,1
3247,3346,1
3247,13762,1
3248,3135,1
3249,2924,1
3250,2713,1
3251,2502,1
3252,2291,1
3253,2080,1
3253,3990,1
3253,5220,1
3253,31532,1
3254,1869,1
3254,2752,1
3254,6686,1
3255,1658,1
3255,17924,1
3255,28765,1
3256,1447,1
3256,9492,1
3256,29532,1
3257,1236,1
3257,7332,1
3258,1025,1
3259,814,1
3259,16205,1
3260,603,1
3260,21842,1
3261,392,1
3262,181,1
3262,32538,1
3263,32738,1
3264,27170,1
3264,27991,1
3264,32527,1
3265,32316,1
3266,32105,1
3267,29921,1
3267,31894,1
3268,11947,1
3268,25277,1
3268,31683,1
3269,5910,1
3269,7294,1
3269,7665,1
3269,13742,1
3269,31472,1
3270,31261,1
3271,8502,1
3271,22525,1
3271,28039,1
3271,31050,1
3272,30839,1
3273,30628,1
3274,20600,1
3274,30417,1
3274,30476,1
3275,21209,1
3275,30206,1
3276,24014,1
3276,29995,1
3277,29784,1
3278,8978,1
3278,29573,1
3279,29362,1
3280,13568,1
3280,29151,1
3281,28940,1
3282,8735,1
3282,28729,1
3283,5372,1
3283,5678,1
3283,11550,1
3283,28518,1
3284,11493,1
3284,28307,1
3285,25280,1
3285,28096,1
3286,980,1
3286,27885,1
3287,658,1
3287,13431,1
3287,27674,1
3288,370,1
3288,27463,1
3288,31250,1
3289,27252,1
3290,27041,1
3290,28343,1
3291,26830,1
3292,219,1
3292,9116,1
3292,22098,1
3292,22765,1
3292,26619,1
3293,26408,1
3294,6650,1
3294,10394,1
3294,11364,1
3294,26197,1
3295,823,1
3295,25986,1
3296,25775,1
3297,21464,1
3297,25564,1
3298,14281,1
3298,21575,1
3298,25353,1
3298,32025,1
3299,16148,1
3299,25142,1
3299,29337,1
3300,3263,1
3300,15569,1
3300,24931,1
3301,2539,1
3301,24720,1
3301,26349,1
3302,24509,1
3302,25998,1
3303,7525,1
3303,24298,1
3304,24087,1
3305,6984,1
3305,23876,1
3306,2861,1
3306,23665,1
3307,18344,1
3307,23454,1
3308,13907,1
3308,23243,1
3309,19151,1
3309,23032,1
3309,27176,1
3310,20020,1
3310,22821,1
3311,4779,1
3311,22610,1
3312,12286,1
3312,14843,1
3312,22399,1
3313,22188,1
3314,21977,1
3315,21766,1
3316,21555,1
3316,29113,1
3317,21344,1
3317,31014,1
3318,6170,1
3318,21133,1
3319,2871,1
3319,20922,1
3319,30671,1
3320,20711,1
3321,20500,1
3322,20289,1
3323,6454,1
3323,20078,1
3323,21340,1
3324,19867,1
3325,19656,1
3325,28339,1
3325,30717,1
3325,31388,1
3326,7566,1
3326,19445,1
3326,25202,1
3327,19234,1
3328,19023,1
3328,19417,1
3329,18812,1
3330,18601,1
3331,9231,1
3331,18390,1
3332,1305,1
3332,18179,1
3333,17968,1
3333,17993,1
3333,27039,1
3334,7342,1
3334,17757,1
3334,32657,1
3335,13348,1
3335,17546,1
3336,17335,1
3336,27855,1
3337,17124,1
3337,22384,1
3337,25941,1
3338,13786,1
3338,16913,1
3339,16702,1
3340,3215,1
3340,16491,1
3341,2708,1
3341,4117,1
3341,16280,1
3342,16069,1
3343,15858,1
3343,26265,1
3344,15647,1
3345,6127,1
3345,15436,1
3346,9446,1
3346,12466,1
3346,15225,1
3347,15014,1
3347,29845,1
3348,14803,1
3349,1342,1
3349,8108,1
3349,14592,1
3349,27049,1
3350,2935,1
3350,14381,1
3351,14170,1
3352,3309,1
3352,13959,1
3352,28991,1
3352,31833,1
3353,13748,1
3353,31193,1
3354,1484,1
3354,13537,1
3354,31574,1
3355,11114,1
3355,13326,1
3356,13115,1
3357,8173,1
3357,12904,1
3357,24803,1
3357,27005,1
3358,12693,1
3358,27904,1
3359,9969,1
3359,12482,1
3360,12271,1
3360,13664,1
3360,29834,1
3361,12060,1
3362,7564,1
3362,11849,1
3363,11638,1
3364,11427,1
3365,3929,1
3365,4446,1
3365,11216,1
3366,11005,1
3366,13678,1
3367,10794,1
3368,10583,1
3368,12589,1
3369,10372,1
3370,10161,1
3371,9950,1
3371,20832,1
3372,9739,1
3373,3093,1
3373,9528,1
3373,20485,1
3374,5587,1
3374,9297,1
3374,9317,1
3375,9106,1
3376,8895,1
3377,8684,1
3377,27002,1
3378,8473,1
3378,14816,1
3379,8262,1
3380,8051,1
3380,9170,1
3380,17500,1
3381,7840,1
3381,25429,1
3382,5799,1
3382,7629,1
3382,24977,1
3383,7418,1
3384,7207,1
3385,6996,1
3385,31100,1
3386,6785,1
3386,22847,1
3386,31005,1
3387,5941,1
3387,6574,1
3388,6363,1
3388,22663,1
3389,6152,1
3389,21297,1
3390,5941,1
3391,5730,1
3392,5519,1
3392,24864,1
3393,5308,1
3394,5097,1
3394,18295,1
3395,4886,1
3395,16936,1
3396,4675,1
3397,4464,1
3397,7184,1
3398,4253,1
3398,19960,1
3399,390,1
3399,4042,1
3400,3831,1
3400,19558,1
3401,3010,1
3401,3620,1
3401,24652,1
3402,3409,1
3403,3198,1
3403,23731,1
3404,2987,1
3404,21159,1
3405,2776,1
3405,8840,1
3405,20596,1
3406,2565,1
3406,32712,1
3407,2354,1
3407,12757,1
3408,2143,1
3408,10628,1
3408,32750,1
3409,1932,1
3410,1721,1
3410,4370,1
3410,5839,1
3411,1510,1
3411,21646,1
3412,1299,1
3413,1088,1
3413,1499,1
3413,16712,1
3414,877,1
3415,666,1
3415,22351,1
3416,455,1
3416,9197,1
3417,244,1
3418,33,1
3419,19522,1
3419,32590,1
3420,32379,1
3421,5197,1
3421,15138,1
3421,32168,1
3422,8523,1
3422,31957,1
3423,3310,1
3423,26071,1
3423,31746,1
3424,31535,1
3425,3364,1
3425,8797,1
3425,31324,1
3426,3996,1
3426,7149,1
3426,26176,1
3426,31113,1
3427,7291,1
3427,30902,1
3428,1885,1
3428,30691,1
3429,6941,1
3429,12926,1
3429,18638,1
3429,30480,1
3430,30269,1
3431,30058,1
3432,29847,1
3433,3796,1
3433,20195,1
3433,28689,1
3433,29636,1
3434,3650,1
3434,24368,1
3434,29425,1
3435,27986,1
3435,29214,1
3436,29003,1
3437,28792,1
3438,28581,1
3439,28370,1
3440,28159,1
3441,7972,1
3441,27885,1
3441,27948,1
3442,27737,1
3443,19106,1
3443,27526,1
3444,10375,1
3444,27315,1
3445,5738,1
3445,22433,1
3445,27104,1
3446,26893,1
3447,9330,1
3447,16228,1
3447,26682,1
3447,31753,1
3448,26471,1
3448,30750,1
3449,95,1
3449,26260,1
3450,23593,1
3450,26049,1
3451,25838,1
3452,16624,1
3452,25627,1
3453,25416,1
3454,6111,1
3454,25205,1
3455,16367,1
3455,24994,1
3456,24783,1
3457,15571,1
3457,24572,1
3457,25428,1
3458,8636,1
3458,24361,1
3459,24150,1
3460,23939,1
3461,23728,1
3462,15989,1
3462,19705,1
3462,23517,1
3462,26241,1
3463,23306,1
3464,17405,1
3464,23095,1
3465,22884,1
3465,29091,1
3466,22416,1
3466,22673,1
3467,17855,1
3467,22462,1
3468,1853,1
3468,4060,1
3468,22251,1
3469,22040,1
3470,9840,1
3470,21829,1
3471,14274,1
3471,21618,1
3472,21407,1
3473,21196,1
3474,10587,1
3474,20985,1
3474,22633,1
3475,20774,1
3475,22294,1
3476,20563,1
3476,27953,1
3477,3731,1
3477,20352,1
3478,20141,1
3479,14956,1
3479,19930,1
3480,19719,1
3481,8269,1
3481,19508,1
3482,19297,1
3483,6278,1
3483,11797,1
3483,19086,1
3483,19945,1
3484,18875,1
3485,17927,1
3485,18664,1
3486,3617,1
3486,18453,1
3487,18242,1
3488,18031,1
3488,20099,1
3489,17820,1
3489,27861,1
3490,17609,1
3491,17398,1
3492,2610,1
3492,17187,1
3492,29713,1
3493,7422,1
3493,16976,1
3493,28440,1
3493,31091,1
3494,16765,1
3495,16554,1
3496,16343,1
3496,16699,1
3496,18035,1
3496,29350,1
3497,16132,1
3497,17526,1
3497,32322,1
3498,1267,1
3498,15921,1
3498,25196,1
3499,15710,1
3499,30757,1
3500,1800,1
3500,11746,1
3500,15499,1
3501,15288,1
3501,26845,1
3502,15077,1
3502,25334,1
3503,14866,1
3503,20324,1
3504,1051,1
3504,8000,1
3504,14655,1
3505,14444,1
3505,28836,1
3505,29371,1
3506,14144,1
3506,14233,1
3507,6173,1
3507,12770,1
3507,14022,1
3507,17726,1
3508,13811,1
3509,13600,1
3510,13389,1
3511,13178,1
3511,21894,1
3511,25828,1
3512,12967,1
3513,9780,1
3513,12756,1
3513,14224,1
3513,15236,1
3514,12545,1
3515,5666,1
3515,12334,1
3516,12123,1
3517,4526,1
3517,4736,1
3517,5918,1
3517,11912,1
3518,11701,1
3519,8178,1
3519,10962,1
3519,11490,1
3519,13337,1
3520,11279,1
3520,11936,1
3520,14548,1
3521,11068,1
3521,25443,1
3522,10857,1
3523,10646,1
3523,30812,1
3524,10435,1
3524,29501,1
3525,10224,1
3526,10013,1
3527,9802,1
3528,9591,1
3529,9380,1
3529,9686,1
3530,9169,1
3531,8958,1
3532,4937,1
3532,8747,1
3532,17799,1
3533,8536,1
3534,8325,1
3534,30467,1
3535,8114,1
3535,20236,1
3535,20267,1
3536,7903,1
3536,17171,1
3536,18615,1
3537,4226,1
3537,7692,1
3538,7481,1
3538,19928,1
3539,6419,1
3539,7270,1
3540,7059,1
3540,8182,1
3541,6848,1
3541,17877,1
3542,6637,1
3543,6426,1
3544,1294,1
3544,6215,1
3544,8308,1
3544,23167,1
3544,23864,1
3545,1241,1
3545,6004,1
3546,5793,1
3547,5582,1
3548,5371,1
3549,5160,1
3549,15410,1
3549,24086,1
3549,31516,1
3550,4949,1
3550,18029,1
3550,24258,1
3551,4738,1
3551,15642,1
3551,28300,1
3552,3449,1
3552,4527,1
3552,11932,1
3553,4316,1
3553,14972,1
3554,4105,1
3554,27751,1
3555,3894,1
3556,3683,1
3556,4017,1
3556,25762,1
3556,30549,1
3557,3472,1
3557,10556,1
3557,26724,1
3558,3261,1
3559,3050,1
3559,4443,1
3559,23568,1
3560,2839,1
3561,2628,1
3561,30175,1
3562,2417,1
3562,28264,1
3563,2206,1
3563,28724,1
3564,1995,1
3564,31187,1
3565,1784,1
3565,12728,1
3566,1573,1
3566,26848,1
3567,1362,1
3567,16425,1
3568,1151,1
3569,940,1
3569,26054,1
3570,729,1
3571,518,1
3572,307,1
3572,5931,1
3572,15927,1
3573,96,1
3573,3107,1
3574,32653,1
3575,31424,1
3575,32442,1
3576,14008,1
3576,32231,1
3577,24517,1
3577,32020,1
3578,24492,1
3578,28437,1
3578,31809,1
3579,20353,1
3579,31598,1
3580,4191,1
3580,31387,1
3581,31176,1
3582,17629,1
3582,30965,1
3583,30754,1
3584,30543,1
3585,21626,1
3585,30332,1
3586,30121,1
3587,27391,1
3587,29171,1
3587,29910,1
3588,29699,1
3589,13298,1
3589,16170,1
3589,29488,1
3590,3295,1
3590,13072,1
3590,26223,1
3590,29277,1
3591,29066,1
3592,3715,1
3592,28855,1
3593,4513,1
3593,28644,1
3594,23109,1
3594,28433,1
3594,31081,1
3595,18713,1
3595,28222,1
3596,28011,1
3597,27800,1
3598,27589,1
3599,27378,1
3600,27167,1
3601,26956,1
3602,26745,1
3602,28591,1
3603,26534,1
3604,360,1
3604,26323,1
3605,26112,1
3606,25901,1
3607,929,1
3607,25690,1
3608,25479,1
3609,22925,1
3609,25268,1
3610,25057,1
3611,6513,1
3611,24846,1
3611,25723,1
3612,12265,1
3612,16025,1
3612,24635,1
3612,28217,1
3613,23558,1
3613,24424,1
3614,9541,1
3614,24213,1
3615,9016,1
3615,24002,1
3616,9860,1
3616,23791,1
3617,23580,1
3617,31179,1
3618,4975,1
3618,23369,1
3619,19921,1
3619,23158,1
3620,22947,1
3621,22736,1
3621,22924,1
3622,8454,1
3622,22525,1
3623,6125,1
3623,13616,1
3623,22314,1
3623,28470,1
3624,17895,1
3624,22103,1
3625,2116,1
3625,21892,1
3626,15121,1
3626,21681,1
3626,29400,1
3626,30965,1
3627,21470,1
3627,32005,1
3627,32419,1
3628,21259,1
3629,21048,1
3629,32276,1
3630,20837,1
3630,21832,1
3631,16656,1
3631,20626,1
3632,20415,1
3633,20204,1
3634,942,1
3634,12214,1
3634,19993,1
3635,19782,1
3636,1391,1
3636,19571,1
3637,19360,1
3637,31155,1
3638,14532,1
3638,19149,1
3638,26448,1
3639,12373,1
3639,18938,1
3639,21519,1
3639,26281,1
3640,18727,1
3641,13097,1
3641,18516,1
3641,24398,1
3641,30676,1
3641,32049,1
3642,2111,1
3642,18305,1
3643,18094,1
3643,24209,1
3644,9106,1
3644,17883,1
3645,17672,1
3646,12091,1
3646,17461,1
3646,21374,1
3647,5881,1
3647,10563,1
3647,15048,1
3647,17250,1
3647,28240,1
3648,8834,1
3648,17039,1
3649,16828,1
3649,31249,1
3650,16617,1
3650,30876,1
3651,16406,1
3652,16195,1
3652,25237,1
3653,5761,1
3653,15984,1
3653,30336,1
3654,1846,1
3654,15773,1
3654,30677,1
3655,15562,1
3656,10146,1
3656,15351,1
3656,32404,1
3657,5071,1
3657,15140,1
3658,10696,1
3658,14929,1
3659,14718,1
3660,14507,1
3660,24106,1
3661,14296,1
3662,12810,1
3662,14085,1
3663,4719,1
3663,12801,1
3663,13874,1
3664,13663,1
3664,18844,1
3665,13452,1
3665,32242,1
3665,32304,1
3666,13241,1
3667,13030,1
3668,12819,1
3668,13562,1
3669,12608,1
3669,21483,1
3670,5639,1
3670,12397,1
3671,12186,1
3672,11975,1
3673,1282,1
3673,11764,1
3674,11553,1
3675,11342,1
3675,31986,1
3676,6019,1
3676,10150,1
3676,11131,1
3676,15819,1
3677,10920,1
3677,15671,1
3677,20405,1
3678,10709,1
3679,10498,1
3680,7445,1
3680,10287,1
3681,1435,1
3681,8391,1
3681,10076,1
3681,14415,1
3682,9865,1
3683,9654,1
3684,9443,1
3685,9232,1
3686,9021,1
3686,24054,1
3686,24278,1
3687,8810,1
3688,8599,1
3688,25232,1
3689,8388,1
3690,8177,1
3691,7966,1
3692,3825,1
3692,7755,1
3693,7544,1
3693,32016,1
3694,7333,1
3694,20656,1
3694,29637,1
3695,7122,1
3696,6911,1
3697,6700,1
3698,5187,1
3698,6489,1
3698,11011,1
3699,1995,1
3699,6278,1
3700,6067,1
3701,5856,1
3701,25896,1
3702,5645,1
3702,15894,1
3703,5434,1
3704,5223,1
3704,8656,1
3705,5012,1
3705,12139,1
3706,4801,1
3707,535,1
3707,4590,1
3708,4379,1
3708,7661,1
3709,4168,1
3709,5322,1
3709,15274,1
3709,23475,1
3710,3957,1
3711,3746,1
3711,24300,1
3711,29383,1
3711,32536,1
3712,3535,1
3712,12620,1
3713,3324,1
3713,15209,1
3714,3113,1
3715,2902,1
3716,2691,1
3717,2480,1
3717,11521,1
3718,2269,1
3718,18557,1
3719,2058,1
3720,1847,1
3721,1636,1
3721,6102,1
3722,1425,1
3723,1214,1
3724,1003,1
3725,792,1
3725,30409,1
3726,581,1
3727,370,1
3727,11002,1
3727,12533,1
3727,18170,1
3728,159,1
3728,25195,1
3728,29151,1
3729,18774,1
3729,32716,1
3730,8506,1
3730,15909,1
3730,23862,1
3730,32505,1
3731,22147,1
3731,32294,1
3732,11393,1
3732,32083,1
3733,31872,1
3734,31661,1
3735,12253,1
3735,31450,1
3736,9672,1
3736,25129,1
3736,31239,1
3737,21664,1
3737,31028,1
3738,3919,1
3738,30817,1
3739,24162,1
3739,30606,1
3740,30395,1
3741,30184,1
3742,3422,1
3742,25391,1
3742,29973,1
3743,992,1
3743,14784,1
3743,29762,1
3744,29551,1
3745,11429,1
3745,15930,1
3745,25488,1
3745,29340,1
3746,7045,1
3746,29129,1
3747,14323,1
3747,15559,1
3747,23611,1
3747,28918,1
3748,28707,1
3749,7192,1
3749,26385,1
3749,28496,1
3750,28285,1
3751,13520,1
3751,28074,1
3752,2140,1
3752,27863,1
3753,27652,1
3754,128,1
3754,27441,1
3755,9985,1
3755,27230,1
3756,10360,1
3756,21269,1
3756,27019,1
3757,25404,1
3757,26808,1
3758,12679,1
3758,26597,1
3758,31206,1
3759,1393,1
3759,7289,1
3759,26386,1
3759,26861,1
3759,29692,1
3760,19012,1
3760,20470,1
3760,26175,1
3761,5937,1
3761,25964,1
3762,1005,1
3762,25753,1
3763,9836,1
3763,25539,1
3763,25542,1
3763,30291,1
3764,33,1
3764,215,1
3764,25331,1
3765,15111,1
3765,25120,1
3765,30926,1
3766,24909,1
3767,24698,1
3767,25095,1
3768,12512,1
3768,24487,1
3768,25903,1
3769,24276,1
3770,23305,1
3770,24065,1
3771,2315,1
3771,23854,1
3772,23643,1
3773,23432,1
3774,4400,1
3774,23221,1
3775,11185,1
3775,16410,1
3775,23010,1
3775,24585,1
3776,4887,1
3776,11433,1
3776,17381,1
3776,22799,1
3777,22588,1
3777,22706,1
3778,22377,1
3779,1941,1
3779,17093,1
3779,22166,1
3780,15835,1
3780,21955,1
3781,21744,1
3782,914,1
3782,21533,1
3783,21322,1
3783,25354,1
3784,21111,1
3785,20900,1
3785,29485,1
3786,20689,1
3786,32439,1
3787,15394,1
3787,20478,1
3787,23634,1
3788,20267,1
3788,30193,1
3789,20056,1
3790,19845,1
3791,7589,1
3791,19634,1
3792,2684,1
3792,8249,1
3792,19423,1
3792,20017,1
3793,19212,1
3793,30346,1
3794,19001,1
3795,15649,1
3795,18790,1
3796,18579,1
3796,22681,1
3797,18368,1
3798,18157,1
3798,28133,1
3799,17946,1
3799,18047,1
3799,28674,1
3800,14925,1
3800,17735,1
3801,17524,1
3801,25446,1
3802,9289,1
3802,17313,1
3802,17807,1
3802,20360,1
3803,2914,1
3803,17102,1
3804,16891,1
3804,27823,1
3804,27839,1
3804,29331,1
3805,8984,1
3805,16680,1
3806,16469,1
3807,16258,1
3807,25563,1
3808,471,1
3808,16047,1
3809,12161,1
3809,15836,1
3809,27430,1
3809,31480,1
3810,14220,1
3810,15625,1
3810,18066,1
3810,19193,1
3811,15414,1
3811,18666,1
3811,30173,1
3812,15203,1
3813,14992,1
3813,19732,1
3814,14781,1
3815,3389,1
3815,14570,1
3816,10591,1
3816,14359,1
3817,7799,1
3817,14148,1
3818,13937,1
3819,6442,1
3819,13726,1
3820,13515,1
3821,13304,1
3821,20490,1
3821,26437,1
3821,26913,1
3822,1265,1
3822,3102,1
3822,13093,1
3822,19715,1
3823,11383,1
3823,12526,1
3823,12882,1
3824,11227,1
3824,12671,1
3825,714,1
3825,4088,1
3825,8967,1
3825,12460,1
3826,12249,1
3827,12038,1
3828,11827,1
3828,22231,1
3828,26177,1
3828,28620,1
3829,663,1
3829,11616,1
3829,22614,1
3829,32733,1
3830,11405,1
3830,19981,1
3831,2367,1
3831,11194,1
3832,10983,1
3832,28244,1
3832,31061,1
3833,10772,1
3834,2709,1
3834,10561,1
3835,10350,1
3835,18255,1
3836,10139,1
3836,17272,1
3837,9928,1
3837,26140,1
3838,9717,1
3838,25396,1
3839,5308,1
3839,9506,1
3839,32467,1
3840,9295,1
3841,9084,1
3842,8873,1
3842,11301,1
3842,25167,1
3842,31892,1
3843,8662,1
3843,30230,1
3844,8188,1
3844,8451,1
3844,18784,1
3845,1549,1
3845,8240,1
3846,8029,1
3846,15669,1
3847,7818,1
3848,4428,1
3848,7607,1
3849,7396,1
3849,11515,1
3849,12068,1
3849,12912,1
3850,7185,1
3850,7350,1
3851,6974,1
3851,8106,1
3851,28737,1
3852,6763,1
3853,6552,1
3853,21596,1
3854,632,1
3854,6341,1
3855,6130,1
3855,21041,1
3855,26909,1
3856,5919,1
3856,9987,1
3857,3084,1
3857,5708,1
3857,8551,1
3857,25510,1
3857,27239,1
3858,5497,1
3859,5286,1
3860,5075,1
3860,6871,1
3861,4864,1
3862,313,1
3862,4653,1
3862,5819,1
3863,4442,1
3864,4231,1
3865,3752,1
3865,4020,1
3865,27538,1
3866,3809,1
3867,3598,1
3867,28735,1
3868,3387,1
3868,3748,1
3868,9119,1
3868,9375,1
3868,20554,1
3868,25544,1
3868,29453,1
3869,3176,1
3869,7043,1
3869,25207,1
3870,615,1
3870,2965,1
3870,10768,1
3871,461,1
3871,1554,1
3871,2754,1
3871,7384,1
3872,2543,1
3873,2332,1
3874,2121,1
3875,1910,1
3875,25570,1
3876,1699,1
3876,14003,1
3876,23439,1
3877,1488,1
3877,10055,1
3878,1277,1
3878,19303,1
3878,30569,1
3879,1066,1
3879,15409,1
3879,29702,1
3880,855,1
3880,29965,1
3881,644,1
3881,15391,1
3882,433,1
3882,12064,1
3882,25628,1
3883,222,1
3884,11,1
3884,12893,1
3884,14689,1
3884,15135,1
3885,11575,1
3885,32568,1
3886,32357,1
3887,22209,1
3887,32146,1
3888,31935,1
3889,4478,1
3889,31724,1
3890,31513,1
3891,30019,1
3891,31302,1
3891,32311,1
3892,31091,1
3893,30880,1
3894,18720,1
3894,30669,1
3895,30458,1
3896,30247,1
3896,31498,1
3897,739,1
3897,30036,1
3898,14727,1
3898,29825,1
3899,19391,1
3899,29614,1
3900,9222,1
3900,18655,1
3900,29403,1
3900,31519,1
3901,29192,1
3902,28981,1
3903,20427,1
3903,28770,1
3903,31689,1
3904,7236,1
3904,15826,1
3904,19443,1
3904,21105,1
3904,28559,1
3905,28348,1
3906,28137,1
3907,27926,1
3907,30442,1
3908,27715,1
3909,27504,1
3910,27293,1
3910,30450,1
3911,11292,1
3911,27082,1
3912,8186,1
3912,26871,1
3913,1607,1
3913,15351,1
3913,26660,1
3914,26449,1
3914,30839,1
3915,7257,1
3915,26238,1
3915,29939,1
3915,32357,1
3916,1548,1
3916,26027,1
3917,11768,1
3917,16893,1
3917,25816,1
3918,25605,1
3919,25394,1
3919,28446,1
3920,9750,1
3920,25183,1
3921,10307,1
3921,24972,1
3922,24761,1
3923,24550,1
3924,13545,1
3924,18257,1
3924,24339,1
3925,8513,1
3925,24128,1
3926,21903,1
3926,23917,1
3927,7546,1
3927,23706,1
3928,8255,1
3928,23495,1
3928,24302,1
3929,185,1
3929,23284,1
3930,23073,1
3930,31327,1
3931,22862,1
3932,17376,1
3932,22651,1
3933,2303,1
3933,15206,1
3933,22440,1
3934,22229,1
3935,22018,1
3936,13081,1
3936,21807,1
3937,21596,1
3938,21385,1
3938,28725,1
3939,17962,1
3939,21174,1
3940,20963,1
3941,20752,1
3942,20541,1
3943,20330,1
3944,20119,1
3945,3087,1
3945,19908,1
3946,4151,1
3946,5492,1
3946,19697,1
3947,1641,1
3947,19486,1
3948,18049,1
3948,19275,1
3949,19064,1
3949,19256,1
3950,18853,1
3950,29724,1
3951,18642,1
3952,18431,1
3953,7508,1
3953,18220,1
3953,23601,1
3954,18009,1
3955,17798,1
3955,31411,1
3956,17587,1
3957,17376,1
3958,12357,1
3958,17165,1
3958,24765,1
3959,16954,1
3960,16743,1
3960,32532,1
3961,16532,1
3962,16321,1
3963,16110,1
3964,15899,1
3964,24325,1
3965,15688,1
3965,22644,1
3965,32465,1
3966,15477,1
3967,14087,1
3967,15266,1
3968,15055,1
3969,14844,1
3970,14633,1
3971,8612,1
3971,14422,1
3972,14211,1
3973,5528,1
3973,14000,1
3973,30265,1
3974,13789,1
3974,22724,1
3975,2604,1
3975,13578,1
3975,23278,1
3976,1796,1
3976,13367,1
3977,13156,1
3978,12945,1
3979,12669,1
3979,12734,1
3980,12523,1
3981,12312,1
3982,4991,1
3982,12101,1
3983,11890,1
3983,18488,1
3983,26061,1
3984,11679,1
3984,14074,1
3984,27112,1
3985,7997,1
3985,11468,1
3985,23272,1
3986,11257,1
3986,32567,1
3987,11046,1
3987,29376,1
3987,31443,1
3988,10835,1
3989,10624,1
3989,22192,1
3990,10413,1
3991,10202,1
3992,9991,1
3993,83,1
3993,9780,1
3993,11783,1
3993,31461,1
3994,9569,1
3994,22468,1
3995,9358,1
3995,12075,1
3995,12518,1
3996,2338,1
3996,9147,1
3996,12365,1
3997,8936,1
3997,20323,1
3997,29072,1
3998,5822,1
3998,8725,1
3998,19537,1
3999,8514,1
3999,23079,1
4000,1761,1
4000,8303,1
4000,8801,1
4000,22195,1
4001,8092,1
4002,596,1
4002,7881,1
4002,14648,1
4003,7670,1
4003,11450,1
4003,27510,1
4004,2328,1
4004,7459,1
4005,7248,1
4006,7037,1
4007,2797,1
4007,6826,1
4007,9991,1
4008,6615,1
4008,8811,1
4009,6404,1
4009,9894,1
4009,17335,1
4010,6193,1
4010,27513,1
4011,5982,1
4011,22604,1
4011,30308,1
4012,5771,1
4012,11283,1
4012,23002,1
4013,4848,1
4013,5560,1
4014,5349,1
4014,29470,1
4015,5138,1
4016,4927,1
4016,21655,1
4016,22837,1
4017,4716,1
4017,8254,1
4018,4505,1
4019,4294,1
4020,4083,1
4020,4524,1
4020,7864,1
4021,3872,1
4022,3661,1
4022,14718,1
4023,3450,1
4023,16980,1
4023,20736,1
4024,3239,1
4025,3028,1
4026,2817,1
4026,24137,1
4027,2606,1
4027,3729,1
4027,16476,1
4027,25019,1
4027,27138,1
4027,30524,1
4028,1194,1
4028,2395,1
4028,26128,1
4029,2184,1
4030,1973,1
4030,3113,1
4030,9696,1
4030,29420,1
4030,31640,1
4031,1156,1
4031,1762,1
4032,1551,1
4032,5216,1
4032,6757,1
4033,1340,1
4033,1609,1
4034,1129,1
4035,918,1
4035,3895,1
4035,16884,1
4036,707,1
4036,13065,1
4037,496,1
4038,285,1
4038,29795,1
4039,74,1
4039,21407,1
4040,31823,1
4040,32631,1
4041,23577,1
4041,32420,1
4042,32209,1
4043,1807,1
4043,31998,1
4044,13026,1
4044,31787,1
4045,31576,1
4046,28579,1
4046,31365,1
4047,5553,1
4047,9463,1
4047,10977,1
4047,31154,1
4048,23061,1
4048,30943,1
4049,4787,1
4049,30732,1
4050,27274,1
4050,30521,1
4051,30310,1
4052,30099,1
4053,16246,1
4053,29634,1
4053,29888,1
4054,16914,1
4054,22169,1
4054,29195,1
4054,29677,1
4055,19573,1
4055,20700,1
4055,29466,1
4056,13680,1
4056,17097,1
4056,19859,1
4056,26915,1
4056,29255,1
4057,22427,1
4057,29044,1
4058,28833,1
4058,30501,1
4059,28622,1
4060,19530,1
4060,20258,1
4060,28411,1
4061,28200,1
4062,27989,1
4063,27778,1
4064,330,1
4064,13212,1
4064,27567,1
4065,3773,1
4065,27356,1
4066,8593,1
4066,27145,1
4067,26934,1
4068,26723,1
4069,2749,1
4069,18644,1
4069,22187,1
4069,26512,1
4070,7668,1
4070,26301,1
4071,26090,1
4072,20082,1
4072,25879,1
4072,27686,1
4073,8641,1
4073,25668,1
4074,19373,1
4074,25457,1
4075,25246,1
4076,25035,1
4077,6218,1
4077,13407,1
4077,24824,1
4078,10686,1
4078,12832,1
4078,24613,1
4078,27995,1
4079,24402,1
4080,24191,1
4081,23980,1
4081,31917,1
4082,23769,1
4083,15599,1
4083,23558,1
4084,2483,1
4084,23347,1
4085,23136,1
4086,22925,1
4087,9822,1
4087,22714,1
4088,3537,1
4088,22503,1
4089,22292,1
4090,22081,1
4091,2535,1
4091,21870,1
4091,28076,1
4092,21659,1
4093,17860,1
4093,21448,1
4093,23617,1
4094,21237,1
4095,13832,1
4095,15555,1
4095,21026,1
4095,21713,1
4096,4180,1
4096,14392,1
4096,20815,1
4097,20604,1
4098,20393,1
4098,26719,1
4099,4215,1
4099,20182,1
4099,24665,1
4100,19971,1
4100,31521,1
4101,19760,1
4101,21653,1
4102,3119,1
4102,19549,1
4102,23978,1
4102,30779,1
4103,19338,1
4104,19127,1
4105,18916,1
4106,18705,1
4107,18494,1
4108,18283,1
4109,11777,1
4109,18072,1
4109,19464,1
4109,25788,1
4110,9071,1
4110,13782,1
4110,17861,1
4111,17650,1
4111,29191,1
4112,17439,1
4112,21242,1
4113,17228,1
4113,28845,1
4114,5339,1
4114,17017,1
4114,32647,1
4115,16806,1
4116,16595,1
4116,24586,1
4117,7500,1
4117,14967,1
4117,16384,1
4117,17386,1
4118,16173,1
4119,12320,1
4119,15962,1
4119,25646,1
4120,9951,1
4120,15677,1
4120,15751,1
4121,15540,1
4122,15329,1
4123,15118,1
4124,14907,1
4125,14696,1
4125,26325,1
4126,14485,1
4126,31585,1
4127,14274,1
4128,14063,1
4128,16187,1
4129,8212,1
4129,13852,1
4130,13641,1
4130,25333,1
4131,13430,1
4131,27331,1
4132,13219,1
4133,13008,1
4134,12797,1
4135,8714,1
4135,11537,1
4135,12586,1
4135,27611,1
4136,12375,1
4137,12164,1
4137,25611,1
4138,11953,1
4139,11742,1
4140,7227,1
4140,11531,1
4140,26642,1
4141,1769,1
4141,11320,1
4141,30178,1
4142,4540,1
4142,11109,1
4142,24684,1
4143,10898,1
4143,20213,1
4143,25965,1
4144,10687,1
4144,25578,1
4145,7707,1
4145,10476,1
4145,16262,1
4145,27106,1
4146,2636,1
4146,10265,1
4146,20676,1
4147,10054,1
4147,20801,1
4148,9843,1
4148,27603,1
4149,9632,1
4149,31678,1
4150,9421,1
4150,31522,1
4151,9210,1
4151,22900,1
4151,26402,1
4152,8999,1
4153,8788,1
4153,26191,1
4154,8577,1
4154,22069,1
4155,8366,1
4156,3064,1
4156,4876,1
4156,8155,1
4156,10510,1
4157,7944,1
4158,7733,1
4158,12674,1
4159,7522,1
4159,19217,1
4160,7311,1
4160,7908,1
4160,24357,1
4161,7100,1
4161,22096,1
4162,6889,1
4162,31297,1
4163,6678,1
4164,6467,1
4165,6256,1
4165,16268,1
4166,6045,1
4167,5834,1
4167,5949,1
4167,28337,1
4168,5623,1
4169,5412,1
4169,29158,1
4170,227,1
4170,5201,1
4170,14463,1
4171,4990,1
4172,3065,1
4172,4779,1
4172,10547,1
4172,31842,1
4173,4264,1
4173,4568,1
4173,25089,1
4174,4357,1
4174,11545,1
4175,1466,1
4175,4146,1
4176,3935,1
4176,29336,1
4177,3724,1
4178,158,1
4178,3513,1
4179,3302,1
4179,12363,1
4180,3091,1
4180,3287,1
4181,2880,1
4182,1785,1
4182,2669,1
4182,15291,1
4183,2458,1
4183,11226,1
4184,2247,1
4185,2036,1
4185,23699,1
4185,26286,1
4186,1825,1
4186,8449,1
4187,1614,1
4188,1403,1
4188,24465,1
4189,1192,1
4189,26040,1
4190,981,1
4190,28114,1
4191,770,1
4191,29003,1
4192,559,1
4192,13702,1
4192,29381,1
4193,348,1
4194,137,1
4194,15260,1
4195,32694,1
4196,25203,1
4196,32483,1
4197,32095,1
4197,32272,1
4198,14863,1
4198,21391,1
4198,32061,1
4199,9848,1
4199,31850,1
4200,19979,1
4200,31639,1
4201,9782,1
4201,31428,1
4202,1829,1
4202,31217,1
4203,31006,1
4204,9874,1
4204,29014,1
4204,30795,1
4205,30584,1
4206,2967,1
4206,30373,1
4207,2465,1
4207,4441,1
4207,23817,1
4207,30162,1
4208,29316,1
4208,29951,1
4209,15202,1
4209,29206,1
4209,29740,1
4210,24531,1
4210,29410,1
4210,29529,1
4211,3604,1
4211,17654,1
4211,29318,1
4212,29107,1
4213,8873,1
4213,28896,1
4214,28685,1
4215,915,1
4215,28474,1
4216,5495,1
4216,28263,1
4216,30393,1
4217,2055,1
4217,28052,1
4218,10158,1
4218,10349,1
4218,27841,1
4219,27630,1
4220,27419,1
4221,15972,1
4221,18906,1
4221,20229,1
4221,27208,1
4222,7828,1
4222,26997,1
4223,26786,1
4224,14892,1
4224,18790,1
4224,26575,1
4225,26364,1
4226,557,1
4226,24872,1
4226,26153,1
4227,25942,1
4227,27879,1
4228,16877,1
4228,25731,1
4229,25520,1
4230,846,1
4230,4790,1
4230,25309,1
4230,31579,1
4231,25098,1
4232,13341,1
4232,24555,1
4232,24887,1
4233,7037,1
4233,24676,1
4234,24465,1
4234,29973,1
4235,2197,1
4235,13613,1
4235,19180,1
4235,24254,1
4236,4844,1
4236,24043,1
4237,23832,1
4238,23621,1
4238,29662,1
4239,23410,1
4239,28654,1
4240,5275,1
4240,23199,1
4241,6606,1
4241,19540,1
4241,22988,1
4241,26231,1
4242,22777,1
4243,22566,1
4244,7144,1
4244,22355,1
4244,25208,1
4245,22144,1
4245,25013,1
4246,21933,1
4247,21722,1
4248,15192,1
4248,21511,1
4249,21300,1
4250,12793,1
4250,21089,1
4251,20878,1
4252,20667,1
4253,20456,1
4253,25777,1
4254,8691,1
4254,20245,1
4254,26571,1
4255,5577,1
4255,20034,1
4256,19376,1
4256,19823,1
4257,19612,1
4258,19401,1
4258,21415,1
4259,1587,1
4259,19190,1
4259,25121,1
4260,18979,1
4261,18768,1
4262,18557,1
4263,8989,1
4263,18346,1
4263,29910,1
4264,18135,1
4265,5441,1
4265,13069,1
4265,17924,1
4265,24663,1
4266,17713,1
4267,12257,1
4267,17502,1
4268,17291,1
4269,1136,1
4269,17080,1
4270,16869,1
4270,30115,1
4271,7882,1
4271,16658,1
4272,16447,1
4273,16236,1
4274,14271,1
4274,16025,1
4274,18686,1
4275,15814,1
4276,15603,1
4277,4609,1
4277,15392,1
4278,15181,1
4278,28189,1
4279,14970,1
4280,14759,1
4281,2903,1
4281,14548,1
4281,31955,1
4282,14337,1
4282,19004,1
4282,20727,1
4282,24917,1
4283,10189,1
4283,14126,1
4284,13915,1
4284,24873,1
4285,13704,1
4286,5934,1
4286,13493,1
4286,24898,1
4287,13282,1
4288,13071,1
4288,15539,1
4289,12860,1
4290,12649,1
4290,32302,1
4291,12438,1
4291,13934,1
4291,29294,1
4292,2532,1
4292,10106,1
4292,12227,1
4293,11977,1
4293,12016,1
4294,10913,1
4294,11805,1
4295,3241,1
4295,11594,1
4295,15023,1
4295,26304,1
4296,11383,1
4296,15724,1
4297,11172,1
4298,5178,1
4298,10961,1
4299,6763,1
4299,10750,1
4299,11883,1
4300,6636,1
4300,10539,1
4301,9202,1
4301,10328,1
4302,10117,1
4302,11320,1
4303,9906,1
4303,30438,1
4304,9695,1
4304,26967,1
4305,9484,1
4306,9273,1
4306,27318,1
4307,9062,1
4308,8851,1
4308,20704,1
4309,8640,1
4309,22356,1
4309,31551,1
4310,8429,1
4311,8218,1
4311,17451,1
4312,8007,1
4312,9785,1
4312,15132,1
4313,6293,1
4313,7796,1
4314,7585,1
4314,12587,1
4314,21723,1
4315,7374,1
4315,28588,1
4316,1471,1
4316,7163,1
4316,27080,1
4316,27961,1
4317,6952,1
4317,23642,1
4317,29026,1
4318,6741,1
4318,17300,1
4318,30547,1
4319,2443,1
4319,6530,1
4319,19586,1
4320,138,1
4320,6319,1
4320,8663,1
4321,2978,1
4321,6108,1
4321,24630,1
4322,5897,1
4323,5686,1
4323,19074,1
4324,5475,1
4324,25892,1
4325,5264,1
4326,5053,1
4327,4842,1
4328,4631,1
4329,4420,1
4329,19215,1
4330,4209,1
4331,3998,1
4332,3787,1
4332,7704,1
4332,7934,1
4333,1875,1
4333,3576,1
4333,3976,1
4333,21691,1
4333,30349,1
4334,3365,1
4335,3154,1
4335,7295,1
4336,2943,1
4336,23640,1
4337,2732,1
4337,12062,1
4338,2521,1
4338,16070,1
4339,2310,1
4339,6283,1
4340,2099,1
4340,18239,1
4340,18345,1
4341,1888,1
4341,14850,1
4341,29805,1
4342,1677,1
4342,8015,1
4342,21256,1
4343,1466,1
4343,4994,1
4343,12274,1
4343,13358,1
4343,21110,1
4344,1255,1
4345,1044,1
4346,833,1
4346,6646,1
4347,622,1
4347,3948,1
4347,5179,1
4348,411,1
4348,14462,1
4348,27109,1
4348,28036,1
4349,200,1
4349,11948,1
4350,26308,1
4350,32757,1
4351,18954,1
4351,32546,1
4352,32335,1
4353,11577,1
4353,32124,1
4354,31913,1
4355,31702,1
4356,5037,1
4356,31491,1
4357,11704,1
4357,31280,1
4358,31069,1
4359,17978,1
4359,30858,1
4360,30647,1
4361,30436,1
4362,18967,1
4362,30225,1
4363,16188,1
4363,30014,1
4364,29803,1
4365,24527,1
4365,29592,1
4366,3935,1
4366,29381,1
4367,22802,1
4367,29170,1
4368,20462,1
4368,28959,1
4368,29647,1
4369,10246,1
4369,28748,1
4370,28537,1
4371,28303,1
4371,28326,1
4372,26536,1
4372,28115,1
4373,27904,1
4373,28086,1
4374,27693,1
4375,4351,1
4375,27482,1
4376,6914,1
4376,26343,1
4376,27271,1
4377,27060,1
4378,19467,1
4378,26849,1
4379,16002,1
4379,26638,1
4380,16023,1
4380,26427,1
4381,26216,1
4382,26005,1
4383,4304,1
4383,13273,1
4383,25794,1
4384,866,1
4384,6491,1
4384,9532,1
4384,17528,1
4384,25583,1
4385,25372,1
4386,18757,1
4386,25161,1
4387,24950,1
4388,24739,1
4389,489,1
4389,24528,1
4390,14921,1
4390,24317,1
4391,21708,1
4391,24106,1
4392,16218,1
4392,23895,1
4393,23684,1
4394,23473,1
4395,23262,1
4396,3177,1
4396,23051,1
4397,22840,1
4398,6291,1
4398,8692,1
4398,22629,1
4399,22418,1
4400,20625,1
4400,22207,1
4401,10790,1
4401,21996,1
4401,32621,1
4402,4770,1
4402,21785,1
4403,15468,1
4403,21574,1
4404,7055,1
4404,21363,1
4405,21152,1
4405,21974,1
4406,20941,1
4407,10884,1
4407,20730,1
4408,1920,1
4408,20519,1
4409,15741,1
4409,20308,1
4410,3913,1
4410,7575,1
4410,20097,1
4411,19886,1
4412,12452,1
4412,19675,1
4412,23494,1
4413,303,1
4413,19464,1
4414,19253,1
4414,30229,1
4415,19042,1
4416,18831,1
4416,26850,1
4416,31120,1
4417,18620,1
4417,22014,1
4418,17943,1
4418,18409,1
4418,28971,1
4419,7385,1
4419,18198,1
4420,17987,1
4421,2339,1
4421,3772,1
4421,17776,1
4421,23473,1
4421,32316,1
4422,17565,1
4423,17354,1
4423,26813,1
4424,17143,1
4425,16932,1
4426,6764,1
4426,16721,1
4427,16510,1
4428,16299,1
4429,16088,1
4429,24914,1
4430,15877,1
4430,27163,1
4431,262,1
4431,15666,1
4431,16163,1
4432,15455,1
4433,6220,1
4433,15244,1
4434,1301,1
4434,15033,1
4435,10726,1
4435,14822,1
4436,14611,1
4437,14400,1
4438,11935,1
4438,14189,1
4438,26118,1
4439,13978,1
4439,17288,1
4440,3162,1
4440,7638,1
4440,13767,1
4441,13556,1
4442,8670,1
4442,13345,1
4443,13134,1
4443,31230,1
4444,9037,1
4444,12020,1
4444,12923,1
4445,12712,1
4446,12501,1
4446,16836,1
4447,12290,1
4448,12079,1
4449,11868,1
4450,11657,1
4451,11446,1
4452,2931,1
4452,10549,1
4452,11235,1
4452,24314,1
4453,3304,1
4453,11024,1
4453,24127,1
4454,10813,1
4454,28435,1
4455,10602,1
4456,10391,1
4457,648,1
4457,10180,1
4457,12315,1
4457,31362,1
4458,9969,1
4459,9758,1
4460,9547,1
4461,4829,1
4461,9336,1
4462,957,1
4462,9125,1
4463,8914,1
4463,12120,1
4464,8703,1
4465,8492,1
4465,29708,1
4465,32191,1
4466,8281,1
4467,6459,1
4467,8070,1
4467,16752,1
4468,3954,1
4468,7859,1
4469,7648,1
4470,7437,1
4471,7226,1
4471,26826,1
4472,5677,1
4472,7015,1
4473,6804,1
4474,6593,1
4475,2706,1
4475,6382,1
4475,14995,1
4475,21551,1
4476,6171,1
4476,23829,1
4477,5960,1
4477,15399,1
4477,31049,1
4477,32268,1
4478,5749,1
4479,5538,1
4480,5327,1
4480,19593,1
4481,5116,1
4482,4905,1
4482,6529,1
4482,12514,1
4483,4694,1
4484,4483,1
4484,22686,1
4484,28497,1
4485,4272,1
4485,9627,1
4485,25875,1
4485,28464,1
4486,4061,1
4487,3539,1
4487,3850,1
4487,12038,1
4488,3639,1
4488,24711,1
4488,28436,1
4488,32260,1
4489,3428,1
4489,23818,1
4490,3217,1
4491,3006,1
4491,11149,1
4491,30691,1
4492,2795,1
4492,7252,1
4492,21760,1
4492,32219,1
4493,2584,1
4493,29528,1
4494,2373,1
4495,2162,1
4496,1951,1
4497,1740,1
4497,11269,1
4498,1529,1
4499,1318,1
4499,9506,1
4500,1107,1
4500,1183,1
4500,16426,1
4501,896,1
4502,685,1
4502,1865,1
4503,474,1
4503,23370,1
4504,263,1
4505,52,1
4505,7251,1
4505,14979,1
4506,12948,1
4506,32609,1
4507,5664,1
4507,32398,1
4508,8838,1
4508,14552,1
4508,32187,1
4509,31043,1
4509,31976,1
4510,31765,1
4511,31554,1
4512,5770,1
4512,12429,1
4512,31343,1
4513,29849,1
4513,31132,1
4514,30258,1
4514,30921,1
4515,17385,1
4515,30710,1
4516,11507,1
4516,25309,1
4516,30499,1
4517,4463,1
4517,16870,1
4517,22984,1
4517,30288,1
4518,30077,1
4519,26065,1
4519,29866,1
4520,6260,1
4520,10865,1
4520,29655,1
4521,19646,1
4521,20291,1
4521,27205,1
4521,29444,1
4522,8444,1
4522,29233,1
4523,29022,1
4524,28811,1
4525,24794,1
4525,28600,1
4526,2830,1
4526,28389,1
4527,5875,1
4527,28178,1
4528,12196,1
4528,19677,1
4528,27967,1
4529,27756,1
4530,27545,1
4531,27334,1
4532,27123,1
4533,23159,1
4533,26912,1
4534,10135,1
4534,26701,1
4535,26490,1
4536,16297,1
4536,26279,1
4537,21893,1
4537,26068,1
4537,27688,1
4538,1215,1
4538,25857,1
4538,30576,1
4539,12630,1
4539,25646,1
4540,7759,1
4540,8545,1
4540,14346,1
4540,25435,1
4541,13439,1
4541,25224,1
4542,25013,1
4543,24802,1
4544,24591,1
4545,20101,1
4545,24380,1
4546,17373,1
4546,24169,1
4546,26564,1
4546,31027,1
4547,23958,1
4548,23747,1
4549,23536,1
4549,30616,1
4549,31913,1
4550,23325,1
4551,10006,1
4551,23114,1
4552,14219,1
4552,22903,1
4553,8548,1
4553,22692,1
4554,22481,1
4555,22270,1
4556,22059,1
4556,23268,1
4557,21848,1
4558,20743,1
4558,21637,1
4559,21426,1
4559,31222,1
4560,5265,1
4560,21215,1
4561,21004,1
4561,27663,1
4562,20793,1
4563,20582,1
4563,31959,1
4564,4521,1
4564,12359,1
4564,16810,1
4564,19045,1
4564,20371,1
4565,20160,1
4566,19949,1
4567,12765,1
4567,18725,1
4567,19738,1
4567,24559,1
4568,5927,1
4568,19527,1
4569,4941,1
4569,19316,1
4570,19105,1
4570,20029,1
4570,28701,1
4571,5438,1
4571,18894,1
4572,12860,1
4572,18683,1
4572,21836,1
4572,24215,1
4572,31783,1
4573,18472,1
4574,18261,1
4575,240,1
4575,5713,1
4575,18050,1
4576,17839,1
4577,17628,1
4578,17417,1
4579,17206,1
4579,21661,1
4579,27505,1
4580,2810,1
4580,6866,1
4580,16995,1
4581,9389,1
4581,12837,1
4581,16784,1
4582,3588,1
4582,16573,1
4583,16362,1
4584,14411,1
4584,16151,1
4585,15940,1
4585,16998,1
4586,15729,1
4586,17977,1
4586,32004,1
4587,15518,1
4587,28118,1
4588,15307,1
4589,9742,1
4589,15096,1
4590,14885,1
4590,21493,1
4591,1775,1
4591,14674,1
4592,12314,1
4592,14463,1
4592,22226,1
4593,14252,1
4594,14041,1
4594,25576,1
4595,13830,1
4596,13619,1
4597,13408,1
4598,1923,1
4598,5935,1
4598,13197,1
4598,17191,1
4599,12986,1
4600,620,1
4600,12775,1
4600,30520,1
4601,12564,1
4602,12353,1
4603,10773,1
4603,12142,1
4603,24290,1
4604,11931,1
4604,22907,1
4605,9803,1
4605,11720,1
4605,22591,1
4605,26430,1
4606,11509,1
4606,22777,1
4607,2655,1
4607,11298,1
4608,4577,1
4608,11087,1
4609,10876,1
4610,10665,1
4611,8390,1
4611,10454,1
4611,13865,1
4611,19118,1
4612,10243,1
4612,19840,1
4613,10032,1
4613,21612,1
4614,9821,1
4615,9610,1
4615,28526,1
4616,9399,1
4616,12451,1
4617,9188,1
4618,8977,1
4618,20036,1
4618,21921,1
4619,8766,1
4619,19934,1
4620,8555,1
4621,3830,1
4621,5140,1
4621,8344,1
4621,20890,1
4622,4270,1
4622,8133,1
4622,10390,1
4622,14857,1
4622,20672,1
4622,26765,1
4622,32171,1
4623,7922,1
4624,7711,1
4624,10285,1
4624,18146,1
4625,7500,1
4625,15331,1
4626,6881,1
4626,7289,1
4626,16326,1
4627,7078,1
4628,6118,1
4628,6867,1
4628,20872,1
4629,6656,1
4630,6445,1
4630,11111,1
4631,6234,1
4632,6023,1
4632,14321,1
4632,25513,1
4632,30257,1
4632,31201,1
4633,5812,1
4633,21518,1
4633,21588,1
4634,2015,1
4634,2858,1
4634,5601,1
4635,5390,1
4635,20281,1
4636,5179,1
4637,4968,1
4638,4757,1
4638,7032,1
4639,4546,1
4639,18200,1
4639,29114,1
4640,4335,1
4641,1151,1
4641,4124,1
4641,16743,1
4642,3913,1
4642,24409,1
4643,3702,1
4644,3491,1
4644,28389,1
4645,1386,1
4645,3280,1
4646,3069,1
4646,14908,1
4646,15406,1
4646,21057,1
4646,21358,1
4647,2858,1
4647,18026,1
4648,2647,1
4649,2436,1
4649,6069,1
4649,11933,1
4649,19091,1
4650,2225,1
4650,7429,1
4650,20535,1
4651,2014,1
4651,16845,1
4652,1803,1
4652,2159,1
4652,5470,1
4652,11672,1
4652,14845,1
4652,20689,1
4652,25145,1
4653,1592,1
4653,3875,1
4653,26733,1
4653,30010,1
4654,1381,1
4654,18198,1
4654,29640,1
4655,1170,1
4656,959,1
4657,748,1
4657,24156,1
4657,30636,1
4657,31182,1
4658,537,1
4659,326,1
4659,1861,1
4660,115,1
4660,4012,1
4661,31142,1
4661,32672,1
4662,9580,1
4662,32461,1
4663,1318,1
4663,7411,1
4663,11668,1
4663,32250,1
4664,1097,1
4664,23343,1
4664,32039,1
4665,23685,1
4665,29476,1
4665,31828,1
4666,31617,1
4667,31406,1
4668,18807,1
4668,28220,1
4668,31195,1
4669,631,1
4669,30984,1
4670,22629,1
4670,30773,1
4671,13622,1
4671,30562,1
4671,30699,1
4672,30351,1
4673,18431,1
4673,30140,1
4674,29929,1
4675,29718,1
4676,1728,1
4676,14960,1
4676,29507,1
4677,10383,1
4677,29296,1
4677,32572,1
4678,13169,1
4678,29085,1
4679,28874,1
4680,24253,1
4680,28663,1
4681,20628,1
4681,28452,1
4682,5317,1
4682,7206,1
4682,9482,1
4682,28241,1
4683,28030,1
4684,3673,1
4684,27819,1
4685,5944,1
4685,7222,1
4685,9394,1
4685,27608,1
4685,29063,1
4686,16694,1
4686,27397,1
4687,27186,1
4687,31019,1
4688,10320,1
4688,26975,1
4689,26764,1
4690,20892,1
4690,21509,1
4690,26553,1
4691,11131,1
4691,26342,1
4691,31628,1
4692,9097,1
4692,24860,1
4692,26131,1
4692,32531,1
4693,25920,1
4694,25709,1
4695,25498,1
4696,2184,1
4696,25287,1
4697,25076,1
4697,29225,1
4698,24865,1
4699,6257,1
4699,10226,1
4699,18551,1
4699,24654,1
4700,2494,1
4700,4337,1
4700,18540,1
4700,21470,1
4700,24443,1
4701,24232,1
4702,21162,1
4702,24021,1
4702,30350,1
4703,19801,1
4703,19821,1
4703,20174,1
4703,23810,1
4704,23599,1
4705,3692,1
4705,19472,1
4705,23388,1
4706,4873,1
4706,23177,1
4707,22966,1
4708,22755,1
4709,22544,1
4710,22333,1
4711,22122,1
4711,28019,1
4712,21850,1
4712,21911,1
4713,11250,1
4713,21700,1
4713,26489,1
4714,11155,1
4714,14171,1
4714,21489,1
4715,10369,1
4715,19013,1
4715,21278,1
4715,22388,1
4716,17784,1
4716,21067,1
4717,16755,1
4717,20856,1
4717,22072,1
4718,16690,1
4718,20645,1
4718,32187,1
4719,14983,1
4719,20434,1
4720,20223,1
4721,15029,1
4721,20012,1
4721,21547,1
4722,19801,1
4722,29629,1
4723,12900,1
4723,19590,1
4724,15639,1
4724,19379,1
4725,2242,1
4725,12833,1
4725,19168,1
4726,18957,1
4726,26810,1
4726,29174,1
4727,9865,1
4727,18746,1
4727,32765,1
4728,3335,1
4728,18535,1
4729,82,1
4729,15898,1
4729,18324,1
4729,19293,1
4729,32669,1
4730,7440,1
4730,18113,1
4731,17902,1
4732,17628,1
4732,17691,1
4732,18296,1
4733,3441,1
4733,7973,1
4733,17480,1
4733,18847,1
4734,2091,1
4734,11942,1
4734,17269,1
4735,17058,1
4735,25968,1
4736,1873,1
4736,8083,1
4736,16847,1
4737,16636,1
4738,16425,1
4738,32180,1
4739,10741,1
4739,16214,1
4739,17775,1
4740,224,1
4740,10336,1
4740,16003,1
4740,22809,1
4741,8677,1
4741,15792,1
4741,31999,1
4742,13465,1
4742,15581,1
4743,6237,1
4743,15370,1
4744,6445,1
4744,15159,1
4745,10071,1
4745,14948,1
4745,19787,1
4745,29146,1
4746,14737,1
4747,14526,1
4748,14315,1
4748,17934,1
4749,14104,1
4749,14469,1
4750,6415,1
4750,13893,1
4751,13512,1
4751,13682,1
4751,15973,1
4752,13471,1
4753,1545,1
4753,13260,1
4753,30907,1
4754,13049,1
4755,12838,1
4755,28035,1
4756,12627,1
4756,16548,1
4757,12416,1
4758,9152,1
4758,12205,1
4759,11994,1
4759,32654,1
4760,281,1
4760,7773,1
4760,11783,1
4761,11572,1
4761,17410,1
4762,1089,1
4762,11361,1
4762,12606,1
4763,11150,1
4764,10034,1
4764,10939,1
4764,16431,1
4765,7360,1
4765,10728,1
4766,2982,1
4766,10517,1
4766,31588,1
4767,10306,1
4768,10095,1
4768,14125,1
4768,19731,1
4769,6925,1
4769,9884,1
4769,13620,1
4770,9673,1
4771,9462,1
4772,9251,1
4772,17406,1
4773,3356,1
4773,4939,1
4773,8388,1
4773,9040,1
4774,837,1
4774,8829,1
4774,10607,1
4774,19526,1
4775,878,1
4775,8618,1
4776,8407,1
4777,8196,1
4778,7985,1
4779,7774,1
4779,9224,1
4780,7563,1
4780,21967,1
4781,7352,1
4781,32246,1
4782,7141,1
4782,18087,1
4782,19101,1
4783,6930,1
4783,26840,1
4784,6243,1
4784,6719,1
4785,6508,1
4785,15773,1
4786,6297,1
4787,6086,1
4787,27130,1
4788,5875,1
4788,31938,1
4789,4954,1
4789,5664,1
4790,5453,1
4791,1,1
4791,5242,1
4792,5031,1
4793,4820,1
4793,27256,1
4794,4609,1
4794,26091,1
4795,4398,1
4795,7930,1
4796,4187,1
4797,3976,1
4798,3765,1
4799,3554,1
4799,16843,1
4800,3343,1
4800,13691,1
4801,3132,1
4801,18148,1
4801,22824,1
4801,30810,1
4802,2921,1
4802,3138,1
4803,2710,1
4803,29624,1
4804,1107,1
4804,1688,1
4804,2499,1
4805,2288,1
4806,2077,1
4807,1866,1
4807,13743,1
4807,18579,1
4807,28128,1
4808,1655,1
4809,1444,1
4809,25038,1
4810,1233,1
4811,1022,1
4811,9998,1
4811,20510,1
4811,20915,1
4812,811,1
4812,2149,1
4812,23548,1
4813,600,1
4814,389,1
4814,9124,1
4815,178,1
4816,11046,1
4816,32735,1
4817,28670,1
4817,32524,1
4818,18487,1
4818,32313,1
4819,13697,1
4819,26469,1
4819,30509,1
4819,32102,1
4820,31891,1
4821,8511,1
4821,31680,1
4822,9168,1
4822,11579,1
4822,31469,1
4823,5343,1
4823,21033,1
4823,31258,1
4824,31047,1
4825,12058,1
4825,17308,1
4825,30836,1
4826,30625,1
4827,30414,1
4828,24305,1
4828,30203,1
4829,18499,1
4829,29992,1
4830,1964,1
4830,4634,1
4830,19659,1
4830,29781,1
4831,14962,1
4831,29570,1
4832,7244,1
4832,13844,1
4832,15831,1
4832,29359,1
4833,29148,1
4833,31344,1
4834,28937,1
4835,28726,1
4836,4167,1
4836,28515,1
4837,10918,1
4837,28304,1
4838,28093,1
4839,27882,1
4839,30190,1
4840,22764,1
4840,27671,1
4840,29735,1
4841,27460,1
4842,13365,1
4842,27249,1
4842,32713,1
4843,27038,1
4844,26827,1
4845,26616,1
4846,26405,1
4846,30614,1
4847,26194,1
4848,25983,1
4848,32716,1
4849,25772,1
4850,66,1
4850,25561,1
4851,2164,1
4851,25350,1
4852,25139,1
4853,24928,1
4854,24717,1
4855,24506,1
4856,19275,1
4856,24295,1
4857,19823,1
4857,24084,1
4858,23873,1
4859,4203,1
4859,23662,1
4860,23451,1
4860,27635,1
4861,23240,1
4861,31545,1
4862,23029,1
4862,29300,1
4863,22818,1
4864,14550,1
4864,22607,1
4865,22396,1
4866,22185,1
4867,9640,1
4867,21974,1
4868,21763,1
4869,21552,1
4870,21341,1
4871,19512,1
4871,21130,1
4872,20919,1
4873,18669,1
4873,20708,1
4874,20497,1
4875,20286,1
4876,17168,1
4876,20075,1
4877,19864,1
4878,8644,1
4878,19653,1
4878,28573,1
4879,19442,1
4880,19231,1
4880,23341,1
4881,19020,1
4882,18809,1
4883,18598,1
4884,3303,1
4884,18387,1
4885,3598,1
4885,18176,1
4886,17965,1
4886,25694,1
4887,17754,1
4887,29080,1
4888,17543,1
4888,17829,1
4889,742,1
4889,2481,1
4889,17332,1
4890,17121,1
4891,16910,1
4892,16699,1
4893,16488,1
4894,16277,1
4894,23627,1
4895,16066,1
4895,17689,1
4895,25667,1
4896,15855,1
4896,32393,1
4897,15644,1
4897,21021,1
4898,15433,1
4899,616,1
4899,2735,1
4899,15222,1
4900,13833,1
4900,15011,1
4901,14800,1
4902,8999,1
4902,14589,1
4903,14378,1
4904,14167,1
4904,15670,1
4904,18915,1
4905,1278,1
4905,5496,1
4905,13956,1
4906,11950,1
4906,13745,1
4907,2236,1
4907,13534,1
4908,13323,1
4909,7636,1
4909,13112,1
4910,12901,1
4910,25799,1
4911,8280,1
4911,12690,1
4912,12479,1
4912,16041,1
4912,27794,1
4913,12268,1
4914,12057,1
4915,11846,1
4915,28329,1
4916,11635,1
4916,27192,1
4916,29568,1
4917,11424,1
4917,23090,1
4918,11213,1
4919,11002,1
4919,18895,1
4920,10791,1
4920,20434,1
4921,10580,1
4921,26443,1
4921,29354,1
4922,10369,1
4922,13704,1
4923,5326,1
4923,10158,1
4924,9947,1
4925,7522,1
4925,9736,1
4926,9525,1
4926,32150,1
4927,1974,1
4927,9314,1
4928,9103,1
4929,8892,1
4930,7800,1
4930,8681,1
4931,8470,1
4932,8259,1
4933,8048,1
4933,30730,1
4934,7837,1
4934,8974,1
4934,24599,1
4935,7626,1
4936,7415,1
4937,7204,1
4938,6993,1
4938,27096,1
4938,28454,1
4939,6782,1
4940,6571,1
4940,28091,1
4941,6360,1
4942,6149,1
4942,12521,1
4942,23235,1
4943,5938,1
4944,5727,1
4944,20843,1
4945,5516,1
4945,7085,1
4945,7248,1
4945,16770,1
4946,5305,1
4946,21458,1
4946,30624,1
4947,5094,1
4947,7792,1
4947,8079,1
4947,16096,1
4948,4883,1
4949,4672,1
4949,5419,1
4949,10797,1
4950,4461,1
4951,4250,1
4951,7016,1
4951,9572,1
4952,4039,1
4952,6337,1
4952,18926,1
4953,3828,1
4954,2820,1
4954,3617,1
4954,11399,1
4954,24672,1
4955,3406,1
4956,3195,1
4956,12537,1
4957,2984,1
4957,5857,1
4958,2773,1
4958,7980,1
4958,19890,1
4958,27241,1
4959,2562,1
4960,2351,1
4961,2140,1
4962,1929,1
4962,17999,1
4962,20167,1
4962,28911,1
4963,1718,1
4964,1507,1
4965,1296,1
4966,1085,1
4966,2333,1
4967,874,1
4967,2921,1
4967,3431,1
4967,25470,1
4968,663,1
4968,8749,1
4969,452,1
4970,241,1
4970,1924,1
4971,30,1
4971,26260,1
4971,29697,1
4972,32587,1
4973,32376,1
4974,5462,1
4974,28102,1
4974,32165,1
4975,13250,1
4975,24166,1
4975,26629,1
4975,31954,1
4976,31743,1
4977,31532,1
4978,31321,1
4979,20187,1
4979,22509,1
4979,31110,1
4980,22579,1
4980,30899,1
4981,29712,1
4981,30688,1
4982,2570,1
4982,6734,1
4982,18327,1
4982,30477,1
4983,30266,1
4984,16820,1
4984,30055,1
4985,302,1
4985,8588,1
4985,10112,1
4985,29844,1
4986,29633,1
4987,2791,1
4987,29422,1
4988,29211,1
4989,18698,1
4989,29000,1
4990,28789,1
4991,228,1
4991,28578,1
4992,28367,1
4993,9073,1
4993,28156,1
4994,5336,1
4994,18603,1
4994,27945,1
4995,27734,1
4995,29047,1
4996,27523,1
4997,27312,1
4997,27712,1
4998,850,1
4998,27101,1
4999,587,1
4999,26890,1
5000,10788,1
5000,26679,1
5001,21346,1
5001,26468,1
5002,24602,1
5002,26257,1
5003,12078,1
5003,26046,1
5003,28810,1
5003,29664,1
5004,25835,1
5005,25624,1
5006,25413,1
5007,7548,1
5007,12508,1
5007,24224,1
5007,25202,1
5008,21460,1
5008,24423,1
5008,24991,1
5009,20286,1
5009,24780,1
5010,24569,1
5010,29418,1
5011,2202,1
5011,17440,1
5011,24358,1
5011,32485,1
5012,24147,1
5013,10093,1
5013,19939,1
5013,23936,1
5014,4173,1
5014,4701,1
5014,23725,1
5015,22541,1
5015,23514,1
5015,24992,1
5016,23303,1
5017,23092,1
5018,22881,1
5018,30508,1
5019,22670,1
5020,5180,1
5020,22459,1
5021,20492,1
5021,22248,1
5022,22037,1
5023,20686,1
5023,21826,1
5024,11996,1
5024,12762,1
5024,15620,1
5024,21615,1
5024,22188,1
5025,5281,1
5025,21404,1
5026,21193,1
5026,25314,1
5027,4532,1
5027,15884,1
5027,20982,1
5027,32456,1
5028,2773,1
5028,19095,1
5028,20771,1
5028,25818,1
5029,1181,1
5029,20560,1
5030,20349,1
5030,23415,1
5031,12884,1
5031,17426,1
5031,20138,1
5031,25859,1
5032,14436,1
5032,19927,1
5033,19716,1
5034,3591,1
5034,14258,1
5034,16401,1
5034,19505,1
5034,29149,1
5035,19294,1
5036,457,1
5036,1280,1
5036,1638,1
5036,10519,1
5036,19083,1
5036,24981,1
5037,18872,1
5038,12811,1
5038,14468,1
5038,18661,1
5039,11032,1
5039,11214,1
5039,18450,1
5040,4349,1
5040,18239,1
5041,18028,1
5041,24267,1
5042,673,1
5042,4955,1
5042,17817,1
5042,26314,1
5043,17606,1
5044,17395,1
5045,17184,1
5045,19269,1
5046,10716,1
5046,16973,1
5046,19265,1
5047,16762,1
5048,16551,1
5048,30618,1
5049,16340,1
5049,16972,1
5049,28923,1
5050,16129,1
5051,4003,1
5051,15918,1
5052,15707,1
5053,15496,1
5054,10054,1
5054,15285,1
5055,15074,1
5056,13460,1
5056,14863,1
5056,21087,1
5057,6910,1
5057,14652,1
5057,19596,1
5057,23528,1
5058,5412,1
5058,14441,1
5059,14230,1
5060,1166,1
5060,14019,1
5061,13808,1
5062,13597,1
5063,9041,1
5063,11094,1
5063,13386,1
5064,13175,1
5065,3706,1
5065,8875,1
5065,12964,1
5066,9402,1
5066,12753,1
5067,12542,1
5068,5884,1
5068,12331,1
5069,12120,1
5070,11909,1
5071,3631,1
5071,11698,1
5071,28908,1
5071,30144,1
5072,10217,1
5072,11487,1
5073,11276,1
5074,11065,1
5074,18530,1
5074,27921,1
5074,28356,1
5075,8596,1
5075,10854,1
5075,12453,1
5076,10643,1
5077,10432,1
5077,26801,1
5078,10221,1
5078,14602,1
5078,26748,1
5079,10010,1
5079,10707,1
5079,10784,1
5080,9799,1
5081,9588,1
5081,28704,1
5082,9377,1
5083,9166,1
5083,18513,1
5084,8955,1
5084,15543,1
5085,8744,1
5085,27789,1
5085,29916,1
5086,8533,1
5087,8322,1
5087,28119,1
5088,1948,1
5088,8111,1
5089,4473,1
5089,7900,1
5089,28172,1
5090,7689,1
5090,26487,1
5090,30433,1
5091,7478,1
5092,1953,1
5092,7267,1
5093,7056,1
5094,6845,1
5095,6634,1
5096,6423,1
5096,23406,1
5096,31003,1
5097,6212,1
5098,6001,1
5099,5790,1
5100,5579,1
5101,5368,1
5102,5157,1
5103,989,1
5103,1996,1
5103,4946,1
5103,31399,1
5104,4735,1
5104,17710,1
5105,3858,1
5105,4524,1
5106,4313,1
5106,9258,1
5107,4102,1
5107,28762,1
5108,3891,1
5108,16933,1
5108,26535,1
5109,3680,1
5109,29193,1
5110,3301,1
5110,3469,1
5110,6856,1
5110,13003,1
5110,30172,1
5111,3258,1
5112,3047,1
5112,17369,1
5113,2836,1
5113,15191,1
5114,2625,1
5114,21152,1
5114,25373,1
5115,2414,1
5115,18909,1
5116,2203,1
5116,4404,1
5116,30300,1
5117,1992,1
5118,1781,1
5119,1570,1
5119,20626,1
5119,21103,1
5120,1359,1
5120,25168,1
5121,1148,1
5122,937,1
5123,726,1
5123,4888,1
5123,27069,1
5124,515,1
5124,30575,1
5125,304,1
5126,93,1
5126,15424,1
5127,32650,1
5128,13205,1
5128,13272,1
5128,32439,1
5129,32228,1
5130,22886,1
5130,32017,1
5131,31806,1
5132,31595,1
5133,5284,1
5133,31384,1
5134,5532,1
5134,6190,1
5134,27406,1
5134,31173,1
5135,18928,1
5135,20681,1
5135,30962,1
5136,25016,1
5136,30751,1
5137,30540,1
5138,20887,1
5138,30329,1
5139,30118,1
5140,14086,1
5140,19441,1
5140,29907,1
5141,11025,1
5141,18475,1
5141,20453,1
5141,29696,1
5141,30597,1
5141,31669,1
5142,29485,1
5143,235,1
5143,2353,1
5143,10085,1
5143,29274,1
5144,29063,1
5145,28852,1
5146,21840,1
5146,28641,1
5147,15640,1
5147,28430,1
5148,28219,1
5148,31497,1
5149,14822,1
5149,24404,1
5149,28008,1
5150,4519,1
5150,6592,1
5150,11229,1
5150,27797,1
5151,1320,1
5151,17968,1
5151,21515,1
5151,27586,1
5152,21461,1
5152,27375,1
5153,7320,1
5153,27164,1
5154,26953,1
5154,28537,1
5155,26742,1
5156,4366,1
5156,17471,1
5156,26531,1
5157,9244,1
5157,26320,1
5158,4502,1
5158,5291,1
5158,26109,1
5159,19297,1
5159,25898,1
5160,9977,1
5160,25687,1
5161,16471,1
5161,25476,1
5162,3483,1
5162,7496,1
5162,25265,1
5163,25054,1
5164,3440,1
5164,10985,1
5164,24843,1
5165,11105,1
5165,12419,1
5165,18662,1
5165,24632,1
5166,24421,1
5167,8332,1
5167,24210,1
5168,23999,1
5168,30609,1
5169,18753,1
5169,23788,1
5170,11641,1
5170,23577,1
5171,14859,1
5171,23366,1
5172,23034,1
5172,23155,1
5172,23269,1
5173,4009,1
5173,22944,1
5173,30672,1
5174,22733,1
5175,22522,1
5176,1966,1
5176,2649,1
5176,22311,1
5177,5682,1
5177,9799,1
5177,22100,1
5178,15748,1
5178,21889,1
5178,29848,1
5179,10275,1
5179,21678,1
5180,21467,1
5181,21256,1
5181,23248,1
5181,29439,1
5182,12545,1
5182,21045,1
5183,20834,1
5184,1658,1
5184,20623,1
5185,2061,1
5185,20412,1
5186,10409,1
5186,13921,1
5186,20201,1
5187,19990,1
5187,31646,1
5188,4748,1
5188,15188,1
5188,19779,1
5189,17556,1
5189,19568,1
5189,20714,1
5190,19357,1
5190,31117,1
5191,19146,1
5192,18935,1
5192,29861,1
5193,7233,1
5193,18724,1
5194,3889,1
5194,18513,1
5195,5167,1
5195,17762,1
5195,18302,1
5196,8987,1
5196,13695,1
5196,18091,1
5197,1854,1
5197,8401,1
5197,11103,1
5197,17880,1
5198,17669,1
5198,21309,1
5198,25623,1
5199,2939,1
5199,12870,1
5199,17458,1
5199,31835,1
5200,16576,1
5200,17247,1
5201,6742,1
5201,16896,1
5201,17036,1
5202,16825,1
5202,21642,1
5202,32726,1
5203,16614,1
5204,2324,1
5204,16403,1
5205,12753,1
5205,16192,1
5206,15981,1
5207,15770,1
5208,9903,1
5208,15559,1
5209,15348,1
5210,15137,1
5210,19181,1
5211,14926,1
5212,10009,1
5212,14715,1
5213,3132,1
5213,6258,1
5213,9089,1
5213,14504,1
5213,30366,1
5214,14293,1
5214,26742,1
5215,14082,1
5216,13871,1
5216,13968,1
5216,21628,1
5217,10376,1
5217,13660,1
5217,18371,1
5217,24105,1
5218,13449,1
5218,22739,1
5219,4729,1
5219,13238,1
5219,19372,1
5220,11008,1
5220,13027,1
5220,16028,1
5220,25636,1
5221,2117,1
5221,12816,1
5221,14646,1
5222,12605,1
5223,12394,1
5224,810,1
5224,12183,1
5224,23843,1
5224,24089,1
5225,11972,1
5225,28235,1
5226,4732,1
5226,11761,1
5227,11550,1
5228,2412,1
5228,8088,1
5228,11339,1
5229,11128,1
5230,10917,1
5230,14652,1
5231,10706,1
5231,12447,1
5231,30745,1
5232,1831,1
5232,10495,1
5233,10284,1
5233,13362,1
5234,10073,1
5235,9862,1
5236,7136,1
5236,9651,1
5236,25113,1
5237,9440,1
5238,9229,1
5238,12859,1
5239,9018,1
5239,17243,1
5240,8807,1
5241,8596,1
5242,8385,1
5243,8174,1
5243,14693,1
5244,7963,1
5245,7752,1
5245,27470,1
5245,29339,1
5246,7541,1
5247,561,1
5247,7330,1
5248,2491,1
5248,7119,1
5249,6908,1
5250,6697,1
5251,6486,1
5251,12616,1
5252,6275,1
5253,6064,1
5253,21565,1
5254,5853,1
5254,30241,1
5255,2414,1
5255,5642,1
5255,14057,1
5256,1897,1
5256,5431,1
5257,5220,1
5257,18142,1
5258,5009,1
5258,25832,1
5259,4798,1
5259,19583,1
5260,3664,1
5260,4587,1
5260,9019,1
5260,9102,1
5260,14557,1
5260,20575,1
5260,27588,1
5261,4376,1
5261,19878,1
5262,4165,1
5262,14596,1
5262,30479,1
5263,3954,1
5264,3743,1
5264,5164,1
5265,3532,1
5265,4452,1
5266,3321,1
5266,12510,1
5267,3110,1
5268,2899,1
5269,2688,1
5270,2477,1
5270,21559,1
5271,2266,1
5272,2055,1
5273,1061,1
5273,1844,1
5274,1633,1
5275,1422,1
5275,14761,1
5275,19175,1
5275,23609,1
5276,1211,1
5276,24583,1
5277,1000,1
5277,8084,1
5278,789,1
5279,578,1
5279,28188,1
5280,367,1
5280,15151,1
5280,26359,1
5281,156,1
5281,8211,1
5281,30555,1
5282,2010,1
5282,15950,1
5282,18411,1
5282,32713,1
5283,24128,1
5283,32502,1
5284,32291,1
5285,32080,1
5286,7733,1
5286,31869,1
5287,7198,1
5287,23996,1
5287,31658,1
5288,31447,1
5288,31601,1
5289,2187,1
5289,16202,1
5289,31236,1
5290,21548,1
5290,31025,1
5291,30814,1
5292,30603,1
5293,7427,1
5293,16201,1
5293,30392,1
5294,13305,1
5294,22257,1
5294,30181,1
5295,29970,1
5296,1377,1
5296,29759,1
5297,29548,1
5298,18531,1
5298,28668,1
5298,29337,1
5299,29126,1
5300,15821,1
5300,28915,1
5301,28704,1
5302,28493,1
5303,24388,1
5303,28282,1
5304,3362,1
5304,28071,1
5305,27860,1
5306,27649,1
5307,9647,1
5307,27438,1
5308,9154,1
5308,27227,1
5309,2974,1
5309,4768,1
5309,27016,1
5310,3659,1
5310,10787,1
5310,26805,1
5311,26594,1
5311,29558,1
5312,26383,1
5313,26172,1
5314,25961,1
5315,25750,1
5316,25539,1
5317,1730,1
5317,19173,1
5317,25328,1
5318,12528,1
5318,25117,1
5319,24906,1
5320,1618,1
5320,4018,1
5320,10080,1
5320,24695,1
5321,24484,1
5322,10836,1
5322,24273,1
5323,20430,1
5323,24062,1
5324,3754,1
5324,23851,1
5324,32069,1
5325,18825,1
5325,23640,1
5326,21900,1
5326,23429,1
5327,12502,1
5327,18786,1
5327,23218,1
5328,1046,1
5328,9986,1
5328,12693,1
5328,23007,1
5328,28222,1
5329,22796,1
5329,27269,1
5330,3607,1
5330,6352,1
5330,22585,1
5331,22374,1
5332,15812,1
5332,22163,1
5333,14494,1
5333,21952,1
5334,16321,1
5334,21741,1
5335,21530,1
5336,14974,1
5336,21319,1
5337,21108,1
5338,20897,1
5339,20686,1
5340,6674,1
5340,20475,1
5341,20264,1
5341,27154,1
5342,20053,1
5343,19842,1
5343,27553,1
5344,13004,1
5344,13569,1
5344,19631,1
5345,3782,1
5345,19420,1
5345,26938,1
5345,31634,1
5346,19209,1
5347,14736,1
5347,18998,1
5347,26680,1
5348,1588,1
5348,18787,1
5349,16237,1
5349,18576,1
5350,8320,1
5350,18365,1
5351,3951,1
5351,18154,1
5351,25654,1
5352,17943,1
5353,17732,1
5353,19053,1
5354,12665,1
5354,17521,1
5355,17310,1
5356,4051,1
5356,17099,1
5357,5954,1
5357,16888,1
5358,16677,1
5359,16466,1
5359,23857,1
5360,7438,1
5360,10340,1
5360,16255,1
5360,22258,1
5361,16044,1
5361,20212,1
5362,4468,1
5362,13253,1
5362,15833,1
5363,15622,1
5364,15411,1
5365,6214,1
5365,11701,1
5365,15200,1
5366,14989,1
5367,14778,1
5367,18792,1
5368,14567,1
5368,21009,1
5368,23695,1
5369,14356,1
5370,14145,1
5371,13934,1
5371,28747,1
5372,8251,1
5372,13723,1
5373,13512,1
5373,15507,1
5373,27172,1
5373,29586,1
5373,30619,1
5374,13301,1
5374,17546,1
5375,13090,1
5376,12879,1
5377,8350,1
5377,12668,1
5377,28520,1
5378,12457,1
5378,14762,1
5378,28651,1
5379,12246,1
5380,12035,1
5380,16120,1
5380,22144,1
5381,3908,1
5381,9426,1
5381,11540,1
5381,11824,1
5381,30538,1
5382,11613,1
5383,11402,1
5384,11191,1
5385,2441,1
5385,6799,1
5385,10980,1
5385,14989,1
5386,10769,1
5386,21432,1
5386,27362,1
5387,10558,1
5387,22143,1
5388,10347,1
5389,5154,1
5389,10136,1
5389,11439,1
5390,9925,1
5391,9714,1
5392,9503,1
5392,12883,1
5392,21321,1
5393,4331,1
5393,9292,1
5393,10749,1
5393,15100,1
5394,9081,1
5395,8870,1
5395,11115,1
5395,14294,1
5395,19282,1
5396,8659,1
5396,8763,1
5396,23255,1
5397,8448,1
5397,28903,1
5398,8237,1
5399,2422,1
5399,7049,1
5399,8026,1
5399,8772,1
5399,12053,1
5399,17108,1
5400,5764,1
5400,7815,1
5400,16085,1
5401,7604,1
5401,11794,1
5402,7393,1
5403,2682,1
5403,7182,1
5404,4259,1
5404,6971,1
5405,6760,1
5405,13233,1
5406,1482,1
5406,6549,1
5406,32699,1
5407,6338,1
5408,6127,1
5408,6356,1
5409,5916,1
5410,5705,1
5411,5494,1
5412,5283,1
5413,2366,1
5413,5072,1
5414,4861,1
5415,4650,1
5415,8684,1
5416,4439,1
5416,11282,1
5416,13819,1
5416,16154,1
5416,18126,1
5417,4228,1
5417,7007,1
5418,4017,1
5418,26264,1
5419,3806,1
5419,6329,1
5419,32642,1
5420,3595,1
5420,5783,1
5420,13228,1
5421,3384,1
5421,7526,1
5421,18524,1
5422,3173,1
5423,2962,1
5423,6018,1
5424,2751,1
5425,2540,1
5425,8563,1
5426,2329,1
5427,2118,1
5427,9442,1
5427,16543,1
5427,21258,1
5428,1907,1
5428,2332,1
5428,21180,1
5428,25783,1
5428,27708,1
5429,1696,1
5430,1485,1
5431,1274,1
5431,8069,1
5431,11494,1
5432,1063,1
5433,852,1
5433,16818,1
5433,23380,1
5434,641,1
5434,5902,1
5434,12328,1
5434,30064,1
5435,430,1
5435,20984,1
5436,219,1
5437,8,1
5437,28110,1
5438,25495,1
5438,32565,1
5439,32354,1
5440,32143,1
5441,12887,1
5441,30542,1
5441,31932,1
5442,31721,1
5443,15589,1
5443,31510,1
5444,31299,1
5445,31088,1
5446,29966,1
5446,30877,1
5447,30666,1
5448,11743,1
5448,17810,1
5448,20684,1
5448,30455,1
5449,1511,1
5449,8059,1
5449,13733,1
5449,23898,1
5449,30244,1
5450,30033,1
5451,26601,1
5451,29822,1
5452,29611,1
5453,11711,1
5453,17696,1
5453,29400,1
5454,9718,1
5454,29189,1
5455,14642,1
5455,28978,1
5456,16343,1
5456,28767,1
5456,32244,1
5457,28556,1
5458,280,1
5458,9697,1
5458,13223,1
5458,28345,1
5459,28134,1
5460,10733,1
5460,27923,1
5461,26914,1
5461,27712,1
5462,11233,1
5462,27501,1
5463,13077,1
5463,27290,1
5464,3400,1
5464,5468,1
5464,27079,1
5464,28771,1
5465,3172,1
5465,26868,1
5466,3900,1
5466,25929,1
5466,26657,1
5467,26446,1
5468,11992,1
5468,26235,1
5469,26024,1
5470,25813,1
5471,24554,1
5471,25602,1
5472,16702,1
5472,19169,1
5472,25391,1
5473,25180,1
5474,24545,1
5474,24969,1
5475,24758,1
5476,24547,1
5477,24336,1
5477,26790,1
5478,1820,1
5478,18410,1
5478,24125,1
5479,23914,1
5480,3379,1
5480,23703,1
5481,6448,1
5481,23492,1
5482,7451,1
5482,13530,1
5482,19395,1
5482,23281,1
5483,20136,1
5483,23070,1
5484,22859,1
5485,18041,1
5485,21291,1
5485,22648,1
5486,5758,1
5486,22437,1
5486,29658,1
5487,18497,1
5487,22226,1
5488,22015,1
5489,12756,1
5489,21804,1
5489,24456,1
5490,17682,1
5490,21593,1
5491,21382,1
5491,29971,1
5492,1751,1
5492,15951,1
5492,21171,1
5493,20960,1
5494,20749,1
5495,8053,1
5495,9486,1
5495,16827,1
5495,20538,1
5495,27836,1
5496,4108,1
5496,9570,1
5496,9916,1
5496,20327,1
5497,20116,1
5497,24813,1
5498,19905,1
5498,20080,1
5498,23326,1
5499,11557,1
5499,13694,1
5499,19694,1
5500,3494,1
5500,7375,1
5500,19483,1
5501,19272,1
5501,22916,1
5502,19061,1
5502,31048,1
5503,18850,1
5504,18639,1
5505,14792,1
5505,18428,1
5506,18217,1
5507,18006,1
5507,19382,1
5508,13189,1
5508,17795,1
5509,17584,1
5510,13283,1
5510,17373,1
5511,17162,1
5512,16951,1
5513,16740,1
5514,7001,1
5514,16529,1
5515,4301,1
5515,16318,1
5516,16107,1
5516,24024,1
5517,15896,1
5518,10317,1
5518,15685,1
5519,15474,1
5520,15263,1
5520,20355,1
5521,15052,1
5522,13118,1
5522,14841,1
5522,25370,1
5523,7645,1
5523,14630,1
5523,31506,1
5524,3351,1
5524,14419,1
5525,14208,1
5525,17643,1
5526,7535,1
5526,10231,1
5526,13997,1
5526,28686,1
5526,29382,1
5526,29815,1
5527,4154,1
5527,13786,1
5527,19672,1
5528,8540,1
5528,13575,1
5529,4373,1
5529,13364,1
5530,13153,1
5531,12942,1
5532,12731,1
5533,12520,1
5533,20949,1
5534,12309,1
5535,12098,1
5535,19438,1
5536,11887,1
5537,11676,1
5538,11465,1
5539,11254,1
5539,23626,1
5540,11043,1
5540,19071,1
5540,22982,1
5541,10832,1
5542,10621,1
5543,7401,1
5543,10410,1
5543,15936,1
5544,10199,1
5545,9988,1
5546,9777,1
5547,9566,1
5548,9355,1
5548,25797,1
5549,9144,1
5550,8933,1
5551,8722,1
5552,8511,1
5553,8300,1
5554,8089,1
5554,29811,1
5555,7878,1
5555,15676,1
5556,7667,1
5557,7456,1
5558,7245,1
5558,27131,1
5559,7034,1
5559,19255,1
5560,3584,1
5560,6823,1
5561,1689,1
5561,6612,1
5562,6401,1
5562,24479,1
5562,27783,1
5563,405,1
5563,6190,1
5563,11285,1
5563,21570,1
5564,5979,1
5564,7579,1
5565,5768,1
5565,6978,1
5565,9629,1
5565,13472,1
5566,5557,1
5566,24572,1
5566,25499,1
5567,5346,1
5568,5135,1
5568,11674,1
5568,20538,1
5569,4924,1
5569,22135,1
5570,4713,1
5570,28624,1
5571,4502,1
5571,30112,1
5572,4291,1
5573,3165,1
5573,4080,1
5573,16509,1
5573,25328,1
5574,3670,1
5574,3869,1
5574,5998,1
5574,11650,1
5574,12385,1
5574,22493,1
5575,3658,1
5575,6550,1
5576,3447,1
5576,8827,1
5576,20959,1
5577,3236,1
5577,8487,1
5578,3025,1
5579,2814,1
5580,2603,1
5580,15905,1
5580,25206,1
5581,2392,1
5582,2181,1
5582,25922,1
5583,1442,1
5583,1970,1
5583,4835,1
5583,31171,1
5584,1759,1
5584,12481,1
5585,1548,1
5585,28957,1
5586,1337,1
5586,12178,1
5587,1126,1
5587,11793,1
5588,915,1
5589,704,1
5589,9139,1
5590,493,1
5591,282,1
5591,30898,1
5592,71,1
5592,22056,1
5592,28823,1
5593,3995,1
5593,32628,1
5594,2831,1
5594,32417,1
5595,21697,1
5595,32206,1
5596,31995,1
5597,31784,1
5598,16739,1
5598,17228,1
5598,19746,1
5598,31573,1
5599,10000,1
5599,31362,1
5600,18143,1
5600,27614,1
5600,31151,1
5601,12085,1
5601,15981,1
5601,24664,1
5601,30940,1
5602,10538,1
5602,12044,1
5602,15496,1
5602,30729,1
5603,25291,1
5603,30518,1
5604,5579,1
5604,5948,1
5604,30307,1
5605,30096,1
5606,12311,1
5606,17463,1
5606,29885,1
5607,28709,1
5607,29674,1
5607,32732,1
5608,29463,1
5609,11381,1
5609,19183,1
5609,29252,1
5610,291,1
5610,5475,1
5610,29041,1
5611,28830,1
5612,3294,1
5612,28619,1
5613,28408,1
5614,26429,1
5614,28197,1
5615,27986,1
5616,27775,1
5617,27564,1
5618,25728,1
5618,27353,1
5618,31416,1
5619,27142,1
5619,30704,1
5620,1283,1
5620,9866,1
5620,23976,1
5620,26931,1
5621,26720,1
5622,24451,1
5622,26509,1
5623,26298,1
5624,12135,1
5624,14715,1
5624,26087,1
5624,27608,1
5625,2076,1
5625,2907,1
5625,20611,1
5625,25876,1
5626,25665,1
5626,28551,1
5627,16783,1
5627,25454,1
5627,29830,1
5628,8986,1
5628,25243,1
5629,7312,1
5629,25032,1
5630,9810,1
5630,24821,1
5630,28472,1
5631,15719,1
5631,24610,1
5632,24399,1
5633,7112,1
5633,24188,1
5634,23977,1
5634,30505,1
5635,19161,1
5635,21314,1
5635,23766,1
5636,5204,1
5636,23555,1
5637,23344,1
5637,24520,1
5638,7885,1
5638,18810,1
5638,23133,1
5639,2873,1
5639,22922,1
5640,20302,1
5640,20840,1
5640,22711,1
5641,22500,1
5642,12844,1
5642,22289,1
5643,22078,1
5643,29758,1
5644,21867,1
5645,8040,1
5645,15698,1
5645,15750,1
5645,21656,1
5645,23392,1
5646,21445,1
5647,14786,1
5647,21234,1
5647,24761,1
5648,21023,1
5648,29614,1
5649,3649,1
5649,17399,1
5649,20812,1
5649,23885,1
5649,27949,1
5650,2102,1
5650,2838,1
5650,20601,1
5651,16761,1
5651,20390,1
5652,20179,1
5653,8866,1
5653,19968,1
5654,19757,1
5654,29899,1
5655,19546,1
5655,25571,1
5656,9668,1
5656,16965,1
5656,19335,1
5656,19855,1
5656,32468,1
5656,32590,1
5657,19124,1
5657,30331,1
5658,18913,1
5659,18702,1
5660,18491,1
5661,2672,1
5661,12954,1
5661,18280,1
5662,18069,1
5663,12681,1
5663,17858,1
5664,17647,1
5665,17436,1
5666,17225,1
5667,3898,1
5667,17014,1
5668,16803,1
5669,11173,1
5669,16592,1
5669,29567,1
5670,13456,1
5670,16381,1
5670,31370,1
5671,16170,1
5672,15959,1
5672,23247,1
5673,3565,1
5673,15748,1
5673,18832,1
5674,8064,1
5674,15537,1
5675,15326,1
5676,15115,1
5676,22750,1
5677,5347,1
5677,14904,1
5678,14693,1
5679,14482,1
5680,14271,1
5681,14060,1
5682,13849,1
5682,26740,1
5683,5393,1
5683,13638,1
5684,13427,1
5684,13880,1
5685,13216,1
5686,13005,1
5686,19905,1
5686,21734,1
5687,12794,1
5687,22141,1
5688,12583,1
5688,25104,1
5688,31929,1
5689,12372,1
5689,28418,1
5690,4702,1
5690,12161,1
5690,13672,1
5691,11950,1
5692,2277,1
5692,11739,1
5692,15864,1
5692,30769,1
5693,11528,1
5693,15087,1
5694,11317,1
5694,15462,1
5694,19201,1
5694,24201,1
5694,24324,1
5695,1311,1
5695,11106,1
5695,31337,1
5696,10895,1
5697,1917,1
5697,10684,1
5698,10473,1
5699,10262,1
5699,23856,1
5700,10051,1
5701,3265,1
5701,7188,1
5701,9840,1
5701,14173,1
5702,9177,1
5702,9629,1
5703,9418,1
5703,12924,1
5704,9207,1
5704,19139,1
5705,3872,1
5705,8756,1
5705,8996,1
5705,17794,1
5706,8785,1
5706,23329,1
5707,8574,1
5708,8363,1
5709,8152,1
5710,7941,1
5710,14389,1
5710,14421,1
5711,7730,1
5711,29084,1
5712,7519,1
5713,7308,1
5713,26053,1
5714,5142,1
5714,7097,1
5715,6886,1
5716,6675,1
5716,30198,1
5717,6464,1
5717,20110,1
5717,29105,1
5718,6253,1
5718,26991,1
5719,6042,1
5719,30959,1
5720,5831,1
5720,7142,1
5721,5620,1
5722,5409,1
5722,14011,1
5722,27371,1
5723,5198,1
5723,8522,1
5723,22596,1
5724,4987,1
5725,4776,1
5726,4565,1
5726,29173,1
5727,2554,1
5727,4354,1
5727,5800,1
5727,15327,1
5727,17642,1
5728,4143,1
5729,3932,1
5729,11338,1
5730,3721,1
5730,6774,1
5730,18695,1
5731,3510,1
5731,16574,1
5732,3299,1
5732,28333,1
5733,3088,1
5734,2877,1
5734,30913,1
5734,32266,1
5735,2666,1
5735,21204,1
5736,2455,1
5737,2244,1
5737,16114,1
5738,2033,1
5738,18471,1
5739,1822,1
5739,16172,1
5739,27311,1
5740,1611,1
5741,1400,1
5742,1189,1
5742,24173,1
5743,978,1
5744,767,1
5744,6667,1
5744,8710,1
5744,23360,1
5745,556,1
5745,18322,1
5745,31552,1
5746,345,1
5747,134,1
5747,3712,1
5748,32691,1
5749,939,1
5749,23620,1
5749,32480,1
5750,6365,1
5750,32269,1
5751,690,1
5751,12817,1
5751,32058,1
5752,31847,1
5753,2098,1
5753,16539,1
5753,31636,1
5754,10291,1
5754,31425,1
5754,32483,1
5755,2340,1
5755,28421,1
5755,30357,1
5755,31214,1
5756,3237,1
5756,28317,1
5756,31003,1
5757,12664,1
5757,30792,1
5758,28820,1
5758,30581,1
5759,6582,1
5759,25917,1
5759,30370,1
5760,18443,1
5760,29678,1
5760,30159,1
5761,29948,1
5762,2792,1
5762,29737,1
5763,29526,1
5764,29315,1
5765,17846,1
5765,29104,1
5766,18367,1
5766,28893,1
5767,28682,1
5768,6228,1
5768,28471,1
5769,962,1
5769,16966,1
5769,28260,1
5769,30992,1
5770,242,1
5770,28049,1
5771,27838,1
5772,21239,1
5772,27627,1
5773,10316,1
5773,27416,1
5773,30494,1
5774,27205,1
5775,24481,1
5775,26994,1
5776,26783,1
5777,26572,1
5778,7886,1
5778,26361,1
5779,26150,1
5779,30214,1
5780,25939,1
5781,25728,1
5782,15625,1
5782,19754,1
5782,25517,1
5782,31770,1
5783,25306,1
5784,12014,1
5784,15107,1
5784,23902,1
5784,25095,1
5785,24884,1
5785,30866,1
5786,24673,1
5786,24760,1
5787,24462,1
5787,28889,1
5788,24251,1
5789,24040,1
5789,29734,1
5790,4150,1
5790,14633,1
5790,23829,1
5791,23618,1
5792,20650,1
5792,23407,1
5793,23196,1
5794,3194,1
5794,21583,1
5794,22985,1
5795,22774,1
5795,28821,1
5795,30553,1
5796,22563,1
5797,22352,1
5798,18076,1
5798,22141,1
5799,9417,1
5799,19696,1
5799,21930,1
5800,21719,1
5800,22067,1
5801,5460,1
5801,21508,1
5802,5270,1
5802,21297,1
5802,22198,1
5803,11754,1
5803,12412,1
5803,21086,1
5804,20875,1
5804,27462,1
5805,18865,1
5805,20664,1
5806,13371,1
5806,20453,1
5807,20242,1
5807,22736,1
5808,20031,1
5808,27354,1
5809,19820,1
5810,19609,1
5810,25858,1
5811,19398,1
5811,32761,1
5812,2381,1
5812,19187,1
5813,8592,1
5813,18976,1
5814,18765,1
5815,18554,1
5816,11222,1
5816,18343,1
5817,135,1
5817,6229,1
5817,18132,1
5817,21243,1
5818,14364,1
5818,17921,1
5819,17710,1
5820,17499,1
5821,17288,1
5822,793,1
5822,17077,1
5822,18892,1
5823,16866,1
5824,6913,1
5824,16655,1
5825,4695,1
5825,7541,1
5825,16444,1
5826,16233,1
5827,16022,1
5828,10683,1
5828,15811,1
5829,2955,1
5829,15600,1
5829,23066,1
5829,25884,1
5829,28511,1
5830,5184,1
5830,15389,1
5830,22131,1
5831,15178,1
5832,9720,1
5832,14967,1
5832,27777,1
5833,14756,1
5834,14545,1
5835,14334,1
5836,14123,1
5837,13912,1
5838,13701,1
5839,13490,1
5840,13279,1
5841,13068,1
5842,12857,1
5843,12646,1
5843,13675,1
5844,12435,1
5844,18835,1
5844,23140,1
5845,12224,1
5846,12013,1
5847,10887,1
5847,11802,1
5848,11591,1
5848,21704,1
5848,21805,1
5848,28283,1
5848,29909,1
5849,11380,1
5850,11169,1
5851,10958,1
5851,22840,1
5852,10747,1
5853,10536,1
5854,5015,1
5854,10325,1
5855,3377,1
5855,10114,1
5855,16447,1
5856,9903,1
5857,9692,1
5857,9859,1
5858,7402,1
5858,9189,1
5858,9481,1
5858,22562,1
5858,26295,1
5859,2484,1
5859,9270,1
5859,17838,1
5859,32710,1
5860,5383,1
5860,9059,1
5861,6009,1
5861,8848,1
5861,11529,1
5862,8637,1
5863,8426,1
5864,8215,1
5864,31594,1
5865,6164,1
5865,8004,1
5865,8224,1
5865,20690,1
5865,25609,1
5866,7793,1
5867,7582,1
5868,7371,1
5868,15473,1
5869,6055,1
5869,7160,1
5869,14157,1
5869,25923,1
5870,6949,1
5871,6147,1
5871,6738,1
5871,14304,1
5871,23991,1
5872,6527,1
5872,19818,1
5872,28796,1
5873,6316,1
5873,30773,1
5874,6105,1
5875,1268,1
5875,5894,1
5876,5683,1
5877,5472,1
5877,21259,1
5877,24060,1
5878,5261,1
5878,24880,1
5879,5050,1
5880,3463,1
5880,4839,1
5880,13927,1
5881,4628,1
5881,21749,1
5882,4417,1
5882,16451,1
5883,4206,1
5884,3230,1
5884,3995,1
5884,8572,1
5884,26627,1
5885,3784,1
5885,5592,1
5886,3573,1
5886,29474,1
5887,3362,1
5887,19364,1
5888,3151,1
5889,2940,1
5889,9212,1
5890,2729,1
5891,2518,1
5891,10104,1
5892,2307,1
5892,6213,1
5892,10951,1
5893,2096,1
5893,5739,1
5893,18843,1
5894,1885,1
5894,29831,1
5895,1674,1
5895,5836,1
5895,32156,1
5896,1463,1
5897,1252,1
5897,4399,1
5897,10864,1
5898,1041,1
5898,17312,1
5899,830,1
5900,619,1
5900,11244,1
5900,25386,1
5901,408,1
5901,1695,1
5902,197,1
5902,3866,1
5903,684,1
5903,9412,1
5903,32754,1
5904,16768,1
5904,32543,1
5905,32332,1
5906,32121,1
5907,31910,1
5908,12586,1
5908,31699,1
5909,1034,1
5909,5262,1
5909,31488,1
5910,31277,1
5910,32739,1
5911,7888,1
5911,31066,1
5912,6328,1
5912,30855,1
5913,30644,1
5914,30433,1
5915,16390,1
5915,30222,1
5916,30011,1
5917,23115,1
5917,29421,1
5917,29800,1
5918,22205,1
5918,23409,1
5918,29346,1
5918,29589,1
5919,14510,1
5919,29378,1
5920,17711,1
5920,22751,1
5920,29167,1
5921,28956,1
5922,5106,1
5922,28745,1
5923,18383,1
5923,28534,1
5924,23750,1
5924,25969,1
5924,28323,1
5925,28112,1
5926,27901,1
5927,27042,1
5927,27690,1
5928,27479,1
5929,19413,1
5929,27268,1
5930,27057,1
5931,6886,1
5931,26789,1
5931,26846,1
5932,5748,1
5932,12112,1
5932,26635,1
5933,1678,1
5933,3559,1
5933,12460,1
5933,13765,1
5933,18360,1
5933,26424,1
5934,26213,1
5935,3641,1
5935,26002,1
5936,2705,1
5936,25200,1
5936,25791,1
5936,27027,1
5936,30054,1
5937,13669,1
5937,18678,1
5937,25580,1
5938,25369,1
5939,4115,1
5939,25158,1
5939,30740,1
5940,10429,1
5940,21720,1
5940,24947,1
5940,29176,1
5941,24736,1
5941,26421,1
5942,24525,1
5943,14201,1
5943,24314,1
5943,31077,1
5944,13513,1
5944,24103,1
5945,22949,1
5945,23892,1
5945,26817,1
5946,23681,1
5946,31893,1
5947,23470,1
5948,23259,1
5949,8860,1
5949,23048,1
5949,32193,1
5950,22837,1
5951,22626,1
5952,1359,1
5952,1711,1
5952,3511,1
5952,22415,1
5953,22204,1
5954,21993,1
5955,5289,1
5955,21782,1
5955,22340,1
5956,21571,1
5957,21360,1
5958,8949,1
5958,21149,1
5958,28904,1
5959,18941,1
5959,20938,1
5960,20727,1
5961,20516,1
5962,20305,1
5963,20094,1
5964,19883,1
5965,19672,1
5966,11885,1
5966,19461,1
5967,19250,1
5968,19039,1
5969,11405,1
5969,12157,1
5969,18828,1
5969,29150,1
5970,18617,1
5971,14122,1
5971,18406,1
5972,18195,1
5972,27927,1
5973,17984,1
5973,26024,1
5974,629,1
5974,17773,1
5975,17562,1
5975,23499,1
5976,17351,1
5976,18329,1
5977,17140,1
5977,18057,1
5978,16929,1
5979,16718,1
5979,21897,1
5979,29651,1
5980,3985,1
5980,16507,1
5980,25006,1
5980,25423,1
5981,9745,1
5981,16296,1
5982,10948,1
5982,11287,1
5982,16085,1
5982,28792,1
5983,15874,1
5984,15663,1
5985,15452,1
5985,18947,1
5985,28523,1
5986,15241,1
5986,22045,1
5987,11601,1
5987,15030,1
5987,32516,1
5988,14819,1
5989,14608,1
5990,1752,1
5990,14397,1
5990,30320,1
5991,14186,1
5991,15295,1
5992,13975,1
5992,29284,1
5993,13764,1
5994,2121,1
5994,12413,1
5994,13553,1
5994,24539,1
5994,32030,1
5995,13342,1
5995,13689,1
5996,1039,1
5996,10867,1
5996,13131,1
5996,21878,1
5997,12920,1
5997,27428,1
5998,12709,1
5999,11838,1
5999,12498,1
5999,22641,1
5999,25408,1
6000,12287,1
6001,12076,1
6001,29265,1
6002,11865,1
6002,29504,1
6003,11654,1
6004,11443,1
6005,11232,1
6006,11021,1
6007,10810,1
6007,15614,1
6008,10599,1
6008,28983,1
6009,10388,1
6009,17250,1
6009,30347,1
6010,10177,1
6010,29962,1
6011,3271,1
6011,9966,1
6012,9755,1
6012,16964,1
6013,6264,1
6013,9544,1
6013,21600,1
6014,7230,1
6014,9333,1
6015,9122,1
6015,17926,1
6016,8911,1
6016,10099,1
6016,29577,1
6017,8700,1
6018,8489,1
6019,3428,1
6019,8278,1
6019,23430,1
6020,8067,1
6020,8856,1
6020,20998,1
6021,7856,1
6021,18201,1
6021,23281,1
6022,7645,1
6023,7434,1
6024,7223,1
6024,24108,1
6024,30168,1
6025,7012,1
6026,2523,1
6026,6223,1
6026,6801,1
6027,6590,1
6027,25015,1
6028,6379,1
6029,6168,1
6029,18868,1
6030,5957,1
6030,23935,1
6031,5746,1
6031,9680,1
6031,13266,1
6032,5535,1
6032,7718,1
6032,9175,1
6032,15373,1
6032,15505,1
6033,5324,1
6034,5113,1
6034,16371,1
6034,23973,1
6035,4902,1
6036,4691,1
6037,3260,1
6037,4480,1
6038,4269,1
6039,4058,1
6039,12856,1
6040,3847,1
6041,3636,1
6042,3425,1
6042,14170,1
6043,1173,1
6043,3214,1
6043,31663,1
6043,32176,1
6044,3003,1
6044,10290,1
6045,2792,1
6045,14090,1
6046,2581,1
6046,13820,1
6046,24182,1
6047,2370,1
6047,3787,1
6047,23126,1
6048,2159,1
6049,1948,1
6049,11109,1
6049,29483,1
6050,1737,1
6050,24701,1
6050,26978,1
6051,1526,1
6051,23909,1
6051,28650,1
6052,1315,1
6053,1104,1
6053,5224,1
6054,893,1
6055,682,1
6056,471,1
6056,2869,1
6056,5157,1
6056,26371,1
6057,260,1
6058,49,1
6058,4277,1
6059,11224,1
6059,32606,1
6060,32395,1
6061,607,1
6061,32184,1
6062,24116,1
6062,31348,1
6062,31973,1
6063,31762,1
6064,10002,1
6064,17394,1
6064,17715,1
6064,31551,1
6065,31340,1
6066,31129,1
6067,30918,1
6068,8734,1
6068,12275,1
6068,23369,1
6068,30707,1
6069,14614,1
6069,25790,1
6069,30496,1
6070,8861,1
6070,16737,1
6070,30285,1
6071,30074,1
6072,2924,1
6072,18782,1
6072,29863,1
6073,29652,1
6074,13540,1
6074,23884,1
6074,26895,1
6074,29441,1
6075,22190,1
6075,29230,1
6076,29019,1
6077,10120,1
6077,21748,1
6077,28808,1
6078,3200,1
6078,8025,1
6078,10988,1
6078,28597,1
6079,20181,1
6079,28386,1
6080,17364,1
6080,25515,1
6080,28175,1
6081,27964,1
6082,27753,1
6083,25877,1
6083,27542,1
6084,16530,1
6084,27331,1
6085,2754,1
6085,15527,1
6085,27120,1
6086,26909,1
6087,26698,1
6087,28531,1
6088,7337,1
6088,26487,1
6089,10095,1
6089,16324,1
6089,26276,1
6090,26065,1
6091,24152,1
6091,25854,1
6092,15190,1
6092,25643,1
6092,29039,1
6093,25432,1
6093,28566,1
6094,10411,1
6094,25221,1
6095,25010,1
6096,24799,1
6096,30969,1
6097,5879,1
6097,24588,1
6098,19559,1
6098,24377,1
6099,24166,1
6100,13424,1
6100,23955,1
6101,23744,1
6102,8741,1
6102,23533,1
6103,729,1
6103,23322,1
6103,27076,1
6104,9679,1
6104,23111,1
6104,29929,1
6105,22900,1
6106,22689,1
6107,348,1
6107,19089,1
6107,22478,1
6108,22267,1
6109,22056,1
6109,26316,1
6110,21044,1
6110,21845,1
6111,20459,1
6111,21634,1
6112,21423,1
6113,21212,1
6113,31009,1
6114,5111,1
6114,21001,1
6115,20790,1
6115,25458,1
6116,20579,1
6117,20368,1
6117,22828,1
6117,23076,1
6118,20157,1
6119,3734,1
6119,19946,1
6120,9020,1
6120,17420,1
6120,19735,1
6121,19524,1
6121,22748,1
6121,32051,1
6122,19313,1
6122,30413,1
6123,19102,1
6124,18891,1
6125,8760,1
6125,18680,1
6126,18469,1
6127,18258,1
6128,18047,1
6129,17836,1
6130,17625,1
6130,27324,1
6131,6183,1
6131,17414,1
6132,9065,1
6132,17203,1
6132,26363,1
6132,27449,1
6133,16992,1
6134,16781,1
6135,16570,1
6135,25419,1
6136,16359,1
6137,16148,1
6137,24724,1
6138,15937,1
6139,15726,1
6140,8314,1
6140,15515,1
6140,18079,1
6141,4652,1
6141,5690,1
6141,15304,1
6142,7254,1
6142,15093,1
6142,23298,1
6143,14882,1
6143,27737,1
6144,5965,1
6144,14671,1
6145,14460,1
6145,22115,1
6146,14249,1
6146,14256,1
6146,28318,1
6147,14038,1
6148,13827,1
6148,22983,1
6149,13616,1
6150,12142,1
6150,13405,1
6151,4419,1
6151,9115,1
6151,13194,1
6152,12983,1
6153,9888,1
6153,12772,1
6154,11467,1
6154,12561,1
6155,12350,1
6155,14527,1
6156,12139,1
6156,25746,1
6157,11928,1
6157,15234,1
6158,11717,1
6159,11506,1
6160,7637,1
6160,11295,1
6161,11084,1
6162,10873,1
6162,11890,1
6162,20587,1
6163,2725,1
6163,10662,1
6164,10451,1
6165,847,1
6165,10240,1
6165,10755,1
6166,10029,1
6167,9818,1
6168,9607,1
6168,15679,1
6169,3703,1
6169,9396,1
6169,21431,1
6170,9185,1
6171,1362,1
6171,8974,1
6171,23618,1
6172,8642,1
6172,8763,1
6173,4317,1
6173,8552,1
6174,8341,1
6174,15552,1
6175,1927,1
6175,8130,1
6176,7919,1
6177,7708,1
6177,23835,1
6177,24923,1
6178,7497,1
6178,11815,1
6178,13947,1
6179,7286,1
6180,7075,1
6181,6864,1
6181,31489,1
6182,5574,1
6182,6653,1
6183,2906,1
6183,6442,1
6184,6231,1
6184,28407,1
6185,3330,1
6185,6020,1
6185,7742,1
6186,5809,1
6187,5598,1
6188,5387,1
6188,27909,1
6189,5176,1
6190,4965,1
6191,4754,1
6191,8245,1
6191,14821,1
6192,4543,1
6192,11017,1
6193,4332,1
6193,31671,1
6194,4121,1
6195,3910,1
6195,21496,1
6195,27779,1
6196,3699,1
6197,3308,1
6197,3488,1
6197,27596,1
6197,29779,1
6198,3277,1
6199,3066,1
6200,2855,1
6201,2644,1
6201,15903,1
6202,680,1
6202,2433,1
6202,5662,1
6202,12154,1
6203,2222,1
6204,2011,1
6204,31508,1
6205,1800,1
6205,8185,1
6206,1589,1
6207,1378,1
6208,1167,1
6209,956,1
6209,15918,1
6210,745,1
6211,534,1
6211,11909,1
6212,323,1
6212,21687,1
6212,27343,1
6212,30888,1
6213,112,1
6213,24205,1
6214,32669,1
6215,18522,1
6215,32458,1
6216,19652,1
6216,32247,1
6217,32036,1
6218,8190,1
6218,28665,1
6218,31825,1
6219,25823,1
6219,31614,1
6220,31403,1
6221,18705,1
6221,31192,1
6222,30981,1
6223,30770,1
6224,30559,1
6225,26862,1
6225,30348,1
6225,32166,1
6226,12695,1
6226,16521,1
6226,30137,1
6226,32252,1
6227,18234,1
6227,29926,1
6227,31299,1
6228,25436,1
6228,29715,1
6229,29504,1
6230,6362,1
6230,29293,1
6231,8971,1
6231,29082,1
6232,4617,1
6232,18337,1
6232,28871,1
6233,1880,1
6233,10239,1
6233,28660,1
6234,19614,1
6234,26832,1
6234,28449,1
6235,26746,1
6235,28238,1
6236,23316,1
6236,28027,1
6237,27816,1
6238,9596,1
6238,24147,1
6238,27605,1
6239,3611,1
6239,26781,1
6239,27394,1
6240,13783,1
6240,27183,1
6241,26921,1
6241,26972,1
6242,26761,1
6243,23836,1
6243,26550,1
6244,26339,1
6245,26128,1
6246,25917,1
6247,15764,1
6247,25706,1
6248,25495,1
6249,5053,1
6249,25284,1
6249,25860,1
6250,14562,1
6250,25073,1
6250,27111,1
6251,16137,1
6251,24862,1
6252,24651,1
6253,24440,1
6254,15650,1
6254,24229,1
6255,1716,1
6255,2099,1
6255,5573,1
6255,23160,1
6255,24018,1
6256,174,1
6256,23807,1
6257,3014,1
6257,23596,1
6257,26855,1
6258,23261,1
6258,23385,1
6259,23174,1
6260,22963,1
6260,31200,1
6261,22752,1
6261,25331,1
6262,11504,1
6262,22541,1
6263,8196,1
6263,22330,1
6263,29213,1
6264,22119,1
6265,773,1
6265,5956,1
6265,21908,1
6266,688,1
6266,21697,1
6267,21486,1
6268,21275,1
6269,21064,1
6269,23145,1
6270,20853,1
6271,20642,1
6272,20431,1
6272,23498,1
6273,19298,1
6273,20220,1
6274,20009,1
6275,19798,1
6276,2766,1
6276,6571,1
6276,19587,1
6276,20361,1
6276,29904,1
6277,14659,1
6277,18520,1
6277,19376,1
6278,19165,1
6279,12317,1
6279,18954,1
6280,18743,1
6281,17452,1
6281,18532,1
6282,3423,1
6282,18321,1
6283,18110,1
6284,17899,1
6285,8770,1
6285,12480,1
6285,17688,1
6285,22316,1
6285,25087,1
6286,17477,1
6286,26726,1
6286,30332,1
6287,7929,1
6287,12304,1
6287,17266,1
6288,6890,1
6288,17055,1
6289,6386,1
6289,16844,1
6290,13870,1
6290,16633,1
6290,32499,1
6291,16422,1
6291,26604,1
6292,9430,1
6292,16211,1
6293,16000,1
6293,19836,1
6293,32480,1
6294,15789,1
6295,15578,1
6295,27652,1
6296,15367,1
6297,15156,1
6298,14945,1
6298,17318,1
6298,30652,1
6299,352,1
6299,8849,1
6299,14300,1
6299,14734,1
6300,7944,1
6300,14523,1
6300,27884,1
6301,14312,1
6302,14101,1
6303,6877,1
6303,13890,1
6303,32269,1
6304,13679,1
6305,1692,1
6305,2813,1
6305,13468,1
6305,26824,1
6306,646,1
6306,3656,1
6306,13257,1
6307,13046,1
6308,3808,1
6308,7567,1
6308,7870,1
6308,12835,1
6308,22622,1
6308,25742,1
6309,7269,1
6309,12624,1
6310,12413,1
6311,12202,1
6312,327,1
6312,11991,1
6312,17987,1
6312,30461,1
6313,11780,1
6313,25888,1
6314,11569,1
6314,16074,1
6315,11358,1
6315,14002,1
6316,11147,1
6317,10936,1
6317,26723,1
6318,10725,1
6318,17601,1
6319,10514,1
6319,27556,1
6320,10303,1
6320,18614,1
6321,9260,1
6321,10092,1
6322,776,1
6322,9881,1
6323,987,1
6323,9670,1
6323,14655,1
6324,1528,1
6324,9459,1
6325,9248,1
6325,21678,1
6325,23427,1
6325,24293,1
6326,9037,1
6326,29793,1
6327,8826,1
6328,8615,1
6329,8404,1
6329,19097,1
6330,7218,1
6330,8193,1
6331,868,1
6331,7982,1
6332,7771,1
6333,7560,1
6333,20304,1
6334,7349,1
6334,23795,1
6335,7138,1
6335,24306,1
6336,6927,1
6336,30879,1
6337,6716,1
6338,6505,1
6339,6294,1
6339,29304,1
6340,6083,1
6341,5872,1
6342,5661,1
6342,31963,1
6343,5450,1
6344,5239,1
6345,5028,1
6345,5975,1
6346,3153,1
6346,4817,1
6346,20330,1
6347,4606,1
6348,4395,1
6348,11442,1
6349,4184,1
6349,14372,1
6350,3973,1
6351,3762,1
6352,3551,1
6353,3027,1
6353,3340,1
6353,5205,1
6353,18154,1
6354,3129,1
6354,14363,1
6354,21852,1
6355,2918,1
6355,16099,1
6356,2707,1
6356,24413,1
6357,2496,1
6357,16807,1
6358,2285,1
6358,29632,1
6359,2074,1
6360,1863,1
6360,5023,1
6361,1652,1
6361,8922,1
6361,17649,1
6361,28005,1
6362,1441,1
6362,2398,1
6362,7089,1
6363,1230,1
6363,23433,1
6364,1019,1
6365,808,1
6365,7033,1
6365,7446,1
6366,597,1
6367,386,1
6367,13133,1
6367,23614,1
6368,175,1
6368,3328,1
6369,32732,1
6370,32521,1
6371,8504,1
6371,32310,1
6372,12993,1
6372,22813,1
6372,32099,1
6373,8214,1
6373,23983,1
6373,29092,1
6373,31888,1
6374,31677,1
6375,21925,1
6375,31466,1
6376,31255,1
6377,29132,1
6377,31044,1
6378,30833,1
6379,5323,1
6379,30622,1
6380,30411,1
6381,15050,1
6381,30200,1
6382,29989,1
6383,21818,1
6383,29778,1
6384,17179,1
6384,17197,1
6384,29567,1
6385,8345,1
6385,29356,1
6385,31856,1
6386,29145,1
6387,9759,1
6387,28934,1
6387,29502,1
6388,9958,1
6388,28723,1
6389,17719,1
6389,20096,1
6389,25506,1
6389,28512,1
6390,28301,1
6391,16989,1
6391,28090,1
6392,5144,1
6392,27879,1
6393,5925,1
6393,27668,1
6394,15767,1
6394,21473,1
6394,27457,1
6395,4914,1
6395,11231,1
6395,27246,1
6396,8929,1
6396,9666,1
6396,14247,1
6396,27035,1
6397,26824,1
6398,26613,1
6399,8240,1
6399,8918,1
6399,9722,1
6399,26402,1
6400,3827,1
6400,7210,1
6400,26191,1
6401,16396,1
6401,25980,1
6402,7027,1
6402,25769,1
6403,25558,1
6404,25347,1
6405,25136,1
6406,24925,1
6407,24714,1
6408,24503,1
6409,24292,1
6409,32509,1
6410,24081,1
6410,25961,1
6411,5821,1
6411,17265,1
6411,22585,1
6411,23870,1
6412,18188,1
6412,23659,1
6413,23448,1
6414,23237,1
6415,5376,1
6415,11995,1
6415,13823,1
6415,23026,1
6416,22815,1
6417,22604,1
6418,3387,1
6418,18401,1
6418,22393,1
6419,22182,1
6420,1629,1
6420,21971,1
6420,30919,1
6421,21760,1
6421,30684,1
6422,3602,1
6422,4740,1
6422,21549,1
6423,717,1
6423,8634,1
6423,16722,1
6423,21338,1
6424,6781,1
6424,21127,1
6424,23734,1
6424,23786,1
6425,2045,1
6425,20916,1
6426,20705,1
6426,29578,1
6427,20494,1
6428,5789,1
6428,20283,1
6429,20072,1
6430,19861,1
6430,28540,1
6431,19650,1
6432,2902,1
6432,19439,1
6433,19228,1
6433,28012,1
6434,19017,1
6435,18806,1
6435,22598,1
6436,18595,1
6437,3026,1
6437,18384,1
6438,13519,1
6438,18173,1
6439,17962,1
6439,31251,1
6440,17751,1
6441,5611,1
6441,17540,1
6442,6355,1
6442,17329,1
6443,13385,1
6443,17118,1
6443,31888,1
6444,16907,1
6444,32527,1
6445,7798,1
6445,16696,1
6446,16485,1
6446,21811,1
6447,3249,1
6447,16274,1
6448,2675,1
6448,16063,1
6448,18192,1
6449,15811,1
6449,15852,1
6450,5149,1
6450,14446,1
6450,15641,1
6451,15430,1
6451,15660,1
6451,30714,1
6452,15219,1
6452,28782,1
6453,4184,1
6453,15008,1
6453,18709,1
6454,13985,1
6454,14797,1
6455,6477,1
6455,14586,1
6456,14375,1
6456,20884,1
6457,14164,1
6458,13953,1
6459,10881,1
6459,13742,1
6460,13531,1
6461,13320,1
6461,17692,1
6462,13109,1
6463,12898,1
6464,12687,1
6465,12476,1
6466,12265,1
6466,20831,1
6466,21634,1
6466,25490,1
6466,29872,1
6467,7925,1
6467,9156,1
6467,12054,1
6467,25508,1
6468,11843,1
6468,18320,1
6468,29460,1
6469,11632,1
6470,11421,1
6471,11210,1
6472,10999,1
6472,15523,1
6473,10788,1
6473,18380,1
6473,28426,1
6474,10577,1
6474,16058,1
6474,26916,1
6475,10366,1
6475,16045,1
6476,6519,1
6476,10155,1
6477,7179,1
6477,9944,1
6477,16894,1
6477,19354,1
6477,24069,1
6478,9733,1
6479,672,1
6479,9522,1
6479,29857,1
6480,4055,1
6480,9311,1
6480,10478,1
6481,6340,1
6481,9100,1
6481,24443,1
6481,24911,1
6482,8889,1
6482,16610,1
6483,8678,1
6484,184,1
6484,8467,1
6484,24716,1
6485,6903,1
6485,8256,1
6485,28985,1
6486,8045,1
6486,17032,1
6487,746,1
6487,6307,1
6487,7834,1
6488,7062,1
6488,7623,1
6489,7412,1
6489,10805,1
6489,25727,1
6490,7201,1
6490,7913,1
6490,9806,1
6491,6990,1
6492,6779,1
6493,6568,1
6494,6357,1
6495,1276,1
6495,6146,1
6496,5935,1
6496,28906,1
6496,31292,1
6496,32300,1
6497,5724,1
6498,5513,1
6499,5302,1
6499,5939,1
6500,650,1
6500,3922,1
6500,5091,1
6501,4880,1
6502,4669,1
6503,4458,1
6503,14839,1
6504,4247,1
6504,21230,1
6504,24980,1
6505,4036,1
6505,21684,1
6506,3825,1
6507,3614,1
6507,22876,1
6508,3403,1
6509,3192,1
6510,2981,1
6510,7423,1
6511,2770,1
6512,2559,1
6512,14071,1
6512,21964,1
6513,2348,1
6513,6378,1
6514,2137,1
6514,27818,1
6515,1926,1
6515,11937,1
6516,1715,1
6517,1504,1
6518,1293,1
6518,12272,1
6519,1082,1
6520,470,1
6520,871,1
6520,29541,1
6521,660,1
6522,449,1
6523,238,1
6524,27,1
6524,6770,1
6525,32584,1
6526,15792,1
6526,16133,1
6526,32373,1
6527,1898,1
6527,22047,1
6527,28847,1
6527,32162,1
6528,10611,1
6528,31951,1
6529,14114,1
6529,26075,1
6529,31740,1
6530,6631,1
6530,31529,1
6531,8399,1
6531,31318,1
6532,22179,1
6532,31107,1
6533,18429,1
6533,30896,1
6534,30685,1
6535,30474,1
6536,6896,1
6536,30263,1
6537,25022,1
6537,29733,1
6537,30052,1
6537,30853,1
6538,8381,1
6538,19407,1
6538,29841,1
6539,29630,1
6540,29419,1
6541,29208,1
6542,28997,1
6543,28786,1
6544,28575,1
6545,8627,1
6545,28364,1
6546,28153,1
6547,27942,1
6548,1999,1
6548,2516,1
6548,27731,1
6549,20933,1
6549,27520,1
6550,13667,1
6550,16592,1
6550,27309,1
6551,27098,1
6552,2461,1
6552,26887,1
6553,4005,1
6553,21308,1
6553,26676,1
6554,26465,1
6554,29619,1
6555,6971,1
6555,26254,1
6556,21789,1
6556,26043,1
6557,25832,1
6558,25621,1
6559,3523,1
6559,19740,1
6559,25410,1
6560,621,1
6560,12240,1
6560,24897,1
6560,25199,1
6561,16442,1
6561,24988,1
6562,23371,1
6562,24777,1
6563,24566,1
6564,24355,1
6565,8258,1
6565,14705,1
6565,24144,1
6566,597,1
6566,23933,1
6567,17902,1
6567,23722,1
6567,24948,1
6568,23511,1
6569,12826,1
6569,23300,1
6570,23089,1
6571,12994,1
6571,22878,1
6572,22011,1
6572,22667,1
6572,30937,1
6573,1259,1
6573,22456,1
6573,23929,1
6574,9735,1
6574,22245,1
6575,10013,1
6575,22034,1
6576,21823,1
6577,21612,1
6578,21401,1
6579,21190,1
6580,20979,1
6581,7299,1
6581,18539,1
6581,20768,1
6582,8250,1
6582,20557,1
6582,24236,1
6582,24370,1
6583,11611,1
6583,20289,1
6583,20346,1
6583,26806,1
6584,20135,1
6585,19924,1
6586,13249,1
6586,19713,1
6587,19502,1
6588,19291,1
6589,19080,1
6590,12878,1
6590,18869,1
6590,25597,1
6591,6060,1
6591,18658,1
6592,18447,1
6593,18236,1
6594,18025,1
6595,17814,1
6596,11421,1
6596,17603,1
6596,18592,1
6596,23315,1
6596,29035,1
6597,17392,1
6597,30789,1
6598,12625,1
6598,17181,1
6599,12457,1
6599,16970,1
6599,28313,1
6600,16759,1
6600,18733,1
6600,27878,1
6600,31682,1
6601,5097,1
6601,16548,1
6602,16337,1
6602,31330,1
6603,16126,1
6604,15915,1
6604,16487,1
6605,15704,1
6606,15493,1
6607,15282,1
6608,9976,1
6608,15071,1
6609,9114,1
6609,14860,1
6610,14649,1
6611,11481,1
6611,14438,1
6612,14227,1
6613,8189,1
6613,14016,1
6614,13805,1
6615,13594,1
6616,13383,1
6616,15937,1
6617,177,1
6617,1277,1
6617,7627,1
6617,13172,1
6618,12961,1
6618,19741,1
6618,31501,1
6619,8754,1
6619,8832,1
6619,12750,1
6620,12539,1
6620,24546,1
6621,12328,1
6621,27979,1
6622,12117,1
6623,11906,1
6623,32249,1
6624,11695,1
6624,13522,1
6624,27323,1
6625,11484,1
6625,13625,1
6626,11273,1
6626,32738,1
6627,418,1
6627,11062,1
6628,10851,1
6629,3997,1
6629,10640,1
6630,2628,1
6630,10429,1
6630,16780,1
6631,10218,1
6632,10007,1
6633,3541,1
6633,9796,1
6634,9585,1
6635,9374,1
6636,9163,1
6636,13940,1
6637,8181,1
6637,8952,1
6638,8741,1
6638,24736,1
6639,8530,1
6639,16204,1
6640,8319,1
6640,30093,1
6641,8108,1
6642,7897,1
6642,28741,1
6643,7686,1
6643,24751,1
6644,7475,1
6644,23443,1
6645,7264,1
6645,17833,1
6645,30548,1
6646,7053,1
6647,6842,1
6647,25116,1
6648,6631,1
6649,202,1
6649,6420,1
6649,8618,1
6649,12846,1
6650,6209,1
6650,15380,1
6651,5998,1
6652,5787,1
6653,5576,1
6653,11312,1
6653,25120,1
6654,5365,1
6655,5154,1
6656,4943,1
6656,5102,1
6656,20878,1
6657,4732,1
6658,4521,1
6658,11230,1
6659,4310,1
6660,4099,1
6661,3888,1
6662,3677,1
6662,18243,1
6663,3466,1
6664,3255,1
6664,12643,1
6664,22973,1
6665,3044,1
6665,25270,1
6665,30506,1
6666,2833,1
6667,2622,1
6667,20035,1
6668,2411,1
6669,2200,1
6669,17616,1
6670,1989,1
6671,1778,1
6671,6937,1
6671,21427,1
6671,25525,1
6672,1567,1
6673,1356,1
6674,1145,1
6675,934,1
6676,723,1
6676,13896,1
6676,15866,1
6677,512,1
6678,301,1
6678,14059,1
6678,21274,1
6679,90,1
6679,4320,1
6680,32647,1
6681,5397,1
6681,32436,1
6682,22000,1
6682,32225,1
6683,32014,1
6684,24624,1
6684,31803,1
6685,9021,1
6685,29559,1
6685,31592,1
6686,31381,1
6687,31170,1
6688,11246,1
6688,30959,1
6689,2245,1
6689,30748,1
6690,2860,1
6690,30537,1
6691,16829,1
6691,27624,1
6691,30326,1
6692,2711,1
6692,30115,1
6693,27099,1
6693,27867,1
6693,29904,1
6694,29693,1
6695,29482,1
6696,19506,1
6696,26775,1
6696,29271,1
6696,29957,1
6697,11752,1
6697,29060,1
6698,28849,1
6699,16996,1
6699,28638,1
6700,28427,1
6701,28216,1
6702,19312,1
6702,28005,1
6703,21694,1
6703,27794,1
6704,27583,1
6705,27372,1
6705,30482,1
6706,8923,1
6706,19459,1
6706,27161,1
6707,26950,1
6708,3799,1
6708,6027,1
6708,10516,1
6708,26739,1
6709,26528,1
6709,26767,1
6710,26317,1
6710,29862,1
6710,32006,1
6711,1016,1
6711,12964,1
6711,26106,1
6712,13126,1
6712,25895,1
6713,25684,1
6714,25473,1
6715,5211,1
6715,25262,1
6716,11892,1
6716,25051,1
6717,24840,1
6717,28702,1
6718,24629,1
6719,2976,1
6719,24418,1
6720,18943,1
6720,23125,1
6720,24207,1
6720,28876,1
6721,23996,1
6722,23785,1
6723,23574,1
6723,29246,1
6724,7347,1
6724,19102,1
6724,23363,1
6724,26747,1
6725,23152,1
6725,32719,1
6726,22941,1
6726,27657,1
6727,22730,1
6727,25719,1
6728,22519,1
6729,3831,1
6729,19306,1
6729,22308,1
6730,22097,1
6730,28786,1
6730,31602,1
6731,21886,1
6732,21675,1
6732,31092,1
6733,21464,1
6733,22958,1
6734,21253,1
6735,10476,1
6735,21042,1
6735,21350,1
6736,20831,1
6736,22501,1
6737,20620,1
6738,2595,1
6738,13046,1
6738,20409,1
6739,20198,1
6740,19690,1
6740,19987,1
6740,23313,1
6741,19776,1
6742,845,1
6742,19565,1
6743,19354,1
6744,19143,1
6745,18932,1
6746,4813,1
6746,16942,1
6746,18721,1
6747,18510,1
6748,18299,1
6749,18088,1
6750,11203,1
6750,17877,1
6751,17666,1
6751,20475,1
6752,17455,1
6753,13708,1
6753,17244,1
6754,17033,1
6755,6607,1
6755,16822,1
6756,16611,1
6756,17580,1
6756,31455,1
6757,7723,1
6757,15320,1
6757,16400,1
6757,28338,1
6758,15607,1
6758,16189,1
6759,15978,1
6760,15767,1
6761,12119,1
6761,15556,1
6761,24494,1
6762,15345,1
6762,25406,1
6763,15134,1
6764,14923,1
6764,18964,1
6764,30457,1
6764,31186,1
6765,14712,1
6765,19403,1
6766,8282,1
6766,14501,1
6767,9490,1
6767,13822,1
6767,14290,1
6768,14079,1
6768,24888,1
6769,11989,1
6769,13868,1
6770,13657,1
6771,5219,1
6771,13446,1
6771,28278,1
6771,30042,1
6772,13235,1
6773,540,1
6773,13024,1
6773,30754,1
6774,12813,1
6775,12602,1
6776,12391,1
6777,11776,1
6777,12180,1
6778,11969,1
6778,30519,1
6779,2276,1
6779,11758,1
6780,11547,1
6780,12567,1
6780,29732,1
6781,6059,1
6781,11336,1
6782,11125,1
6782,30922,1
6783,10914,1
6783,17525,1
6784,10703,1
6785,5010,1
6785,10492,1
6786,10281,1
6786,12242,1
6787,10070,1
6788,9859,1
6789,9648,1
6790,9437,1
6790,18563,1
6791,4495,1
6791,5009,1
6791,9226,1
6792,9015,1
6793,8804,1
6794,8593,1
6794,26955,1
6795,8382,1
6796,8171,1
6796,12554,1
6797,7960,1
6797,23841,1
6798,7749,1
6799,1092,1
6799,7538,1
6800,2272,1
6800,7327,1
6800,22496,1
6801,7116,1
6802,6905,1
6802,32546,1
6803,6694,1
6803,17776,1
6803,18778,1
6804,6483,1
6805,6272,1
6805,9527,1
6806,4380,1
6806,6061,1
6806,7680,1
6807,5850,1
6807,22325,1
6808,5639,1
6808,28439,1
6808,31214,1
6809,5428,1
6810,5217,1
6810,5873,1
6811,2292,1
6811,5006,1
6812,4795,1
6812,9677,1
6812,18512,1
6813,4584,1
6813,18073,1
6814,4373,1
6814,9820,1
6815,4162,1
6816,3951,1
6816,14146,1
6816,30903,1
6817,3740,1
6817,29244,1
6818,3529,1
6818,16779,1
6819,2816,1
6819,3318,1
6819,8385,1
6820,3107,1
6820,18567,1
6821,2896,1
6822,2685,1
6822,16329,1
6823,2474,1
6823,17906,1
6824,2263,1
6824,6209,1
6825,2052,1
6826,1841,1
6826,9353,1
6826,17673,1
6827,1630,1
6827,15578,1
6827,17090,1
6828,1419,1
6828,30345,1
6829,1208,1
6829,11277,1
6830,997,1
6831,786,1
6831,4211,1
6831,18245,1
6832,575,1
6833,364,1
6833,9268,1
6834,153,1
6835,32710,1
6836,10087,1
6836,32499,1
6837,8485,1
6837,32288,1
6838,32077,1
6839,31866,1
6840,31655,1
6841,15324,1
6841,31444,1
6842,8144,1
6842,9941,1
6842,11034,1
6842,19362,1
6842,31233,1
6843,4831,1
6843,31022,1
6844,5499,1
6844,30811,1
6845,13168,1
6845,15874,1
6845,30600,1
6846,30389,1
6847,8460,1
6847,13327,1
6847,19296,1
6847,30178,1
6847,31641,1
6848,21696,1
6848,28627,1
6848,29967,1
6849,11695,1
6849,29756,1
6850,871,1
6850,15757,1
6850,29545,1
6851,1719,1
6851,7595,1
6851,17767,1
6851,29334,1
6852,6772,1
6852,21692,1
6852,27817,1
6852,29123,1
6853,7455,1
6853,28912,1
6854,28701,1
6854,30073,1
6854,30574,1
6854,32210,1
6855,8378,1
6855,11582,1
6855,20746,1
6855,28490,1
6856,28279,1
6857,10326,1
6857,28068,1
6858,27857,1
6858,28444,1
6859,15774,1
6859,27646,1
6860,27435,1
6861,27224,1
6861,32037,1
6862,11198,1
6862,23447,1
6862,26762,1
6862,27013,1
6862,32731,1
6863,15953,1
6863,16733,1
6863,26802,1
6864,18283,1
6864,23074,1
6864,26591,1
6865,20580,1
6865,26380,1
6866,26169,1
6867,14733,1
6867,25958,1
6868,17573,1
6868,25747,1
6869,12747,1
6869,18846,1
6869,25536,1
6870,25325,1
6871,25114,1
6872,24903,1
6873,10492,1
6873,24692,1
6873,25567,1
6874,24481,1
6875,5943,1
6875,11189,1
6875,23365,1
6875,24270,1
6876,24059,1
6877,6957,1
6877,23848,1
6878,23637,1
6879,1132,1
6879,13445,1
6879,23426,1
6880,23215,1
6881,11279,1
6881,23004,1
6882,22793,1
6883,22582,1
6884,22371,1
6885,22160,1
6886,21949,1
6887,21738,1
6888,21527,1
6889,21316,1
6890,910,1
6890,21105,1
6891,247,1
6891,16905,1
6891,20894,1
6892,12301,1
6892,15200,1
6892,20683,1
6893,20472,1
6893,22182,1
6894,8423,1
6894,20261,1
6895,20050,1
6895,23933,1
6895,25764,1
6896,19839,1
6897,19628,1
6898,19417,1
6898,21318,1
6899,19206,1
6900,18995,1
6900,31364,1
6901,18784,1
6901,26983,1
6902,10052,1
6902,12929,1
6902,18573,1
6902,19857,1
6902,21202,1
6903,18362,1
6904,18151,1
6905,17940,1
6906,17729,1
6906,23339,1
6907,7271,1
6907,17518,1
6907,28136,1
6908,11397,1
6908,17307,1
6909,17096,1
6910,10963,1
6910,16885,1
6910,25684,1
6911,16674,1
6912,6056,1
6912,7848,1
6912,15623,1
6912,15827,1
6912,16463,1
6912,19185,1
6913,16252,1
6914,4621,1
6914,10045,1
6914,11313,1
6914,16041,1
6915,15830,1
6915,23141,1
6915,25721,1
6915,31861,1
6916,15619,1
6917,14912,1
6917,15408,1
6917,21877,1
6918,15197,1
6919,662,1
6919,14986,1
6920,3037,1
6920,14775,1
6921,14564,1
6922,14353,1
6923,2884,1
6923,14142,1
6924,3727,1
6924,11763,1
6924,13931,1
6925,13720,1
6925,20507,1
6925,22964,1
6925,25555,1
6926,13509,1
6927,13298,1
6928,3755,1
6928,13087,1
6928,17856,1
6929,12876,1
6929,16386,1
6929,27101,1
6930,12665,1
6931,4534,1
6931,12454,1
6932,12243,1
6933,2298,1
6933,12032,1
6934,11821,1
6934,14431,1
6935,4263,1
6935,11610,1
6936,2697,1
6936,11399,1
6937,11188,1
6937,28592,1
6938,9744,1
6938,10977,1
6938,31855,1
6939,10766,1
6940,10555,1
6941,10344,1
6942,10133,1
6942,26157,1
6942,27939,1
6943,9922,1
6944,9711,1
6945,9500,1
6946,9289,1
6947,2351,1
6947,9078,1
6948,8867,1
6949,124,1
6949,524,1
6949,8656,1
6950,8445,1
6950,24852,1
6951,2256,1
6951,8234,1
6952,8023,1
6952,28768,1
6953,5250,1
6953,7812,1
6954,7601,1
6955,7390,1
6956,7179,1
6956,16337,1
6957,6968,1
6958,6757,1
6958,21527,1
6959,510,1
6959,6546,1
6959,25951,1
6960,6335,1
6960,28202,1
6961,6124,1
6961,13785,1
6961,25412,1
6962,755,1
6962,886,1
6962,5913,1
6963,5702,1
6963,10502,1
6964,2086,1
6964,5491,1
6965,5280,1
6965,5702,1
6966,5069,1
6967,4858,1
6967,21943,1
6968,4647,1
6968,20979,1
6969,4436,1
6970,4225,1
6970,32766,1
6971,3702,1
6971,4014,1
6971,14262,1
6971,17031,1
6972,3803,1
6973,3592,1
6973,13637,1
6973,17625,1
6973,27190,1
6974,3381,1
6974,15082,1
6974,18384,1
6974,27685,1
6975,3170,1
6975,10814,1
6976,2959,1
6977,2748,1
6977,3279,1
6978,2537,1
6978,28270,1
6979,2326,1
6980,889,1
6980,2115,1
6980,14958,1
6980,23549,1
6981,1904,1
6981,5449,1
6981,11238,1
6981,15534,1
6981,22684,1
6981,22697,1
6982,1693,1
6982,8455,1
6983,1482,1
6983,10102,1
6984,1271,1
6984,5813,1
6985,1060,1
6985,15867,1
6986,849,1
6987,638,1
6988,427,1
6988,13324,1
6988,13894,1
6988,13900,1
6988,22339,1
6989,216,1
6989,10426,1
6989,32044,1
6990,5,1
6991,32562,1
6992,26540,1
6992,32351,1
6993,10157,1
6993,30950,1
6993,32140,1
6994,31929,1
6995,13834,1
6995,23710,1
6995,31718,1
6996,31507,1
6997,13923,1
6997,31296,1
6998,31085,1
6999,3689,1
6999,18534,1
6999,30874,1
7000,10520,1
7000,25535,1
7000,30663,1
7001,30452,1
7002,14649,1
7002,22256,1
7002,30241,1
7003,13962,1
7003,19437,1
7003,22406,1
7003,30030,1
7004,6082,1
7004,19345,1
7004,29819,1
7005,10580,1
7005,29608,1
7006,24601,1
7006,29397,1
7006,29677,1
7007,29186,1
7007,30237,1
7007,31748,1
7008,28975,1
7008,32072,1
7009,4391,1
7009,28764,1
7009,30678,1
7010,10096,1
7010,20750,1
7010,20773,1
7010,22039,1
7010,28553,1
7011,20116,1
7011,28342,1
7012,9174,1
7012,28131,1
7013,1951,1
7013,4756,1
7013,27920,1
7014,9006,1
7014,27709,1
7015,27498,1
7016,24704,1
7016,27287,1
7017,22204,1
7017,27076,1
7018,18376,1
7018,26865,1
7019,26654,1
7020,7774,1
7020,15146,1
7020,24891,1
7020,26443,1
7021,11862,1
7021,26232,1
7022,8119,1
7022,9604,1
7022,19507,1
7022,26021,1
7022,28040,1
7023,25810,1
7024,25599,1
7024,27244,1
7025,18872,1
7025,25388,1
7025,30381,1
7026,25177,1
7027,24966,1
7028,2868,1
7028,24755,1
7028,32486,1
7029,7335,1
7029,24544,1
7030,24333,1
7030,24773,1
7031,24122,1
7031,25533,1
7032,1375,1
7032,23911,1
7033,9272,1
7033,13739,1
7033,15413,1
7033,23700,1
7034,11990,1
7034,23489,1
7035,23278,1
7036,23067,1
7037,22856,1
7038,22645,1
7039,22434,1
7040,22223,1
7040,22370,1
7040,30484,1
7041,1404,1
7041,22012,1
7041,25526,1
7041,27360,1
7042,2457,1
7042,8787,1
7042,21801,1
7042,25060,1
7043,6252,1
7043,21590,1
7044,21379,1
7045,21168,1
7046,20957,1
7047,19502,1
7047,20746,1
7048,20535,1
7049,2545,1
7049,15407,1
7049,20324,1
7050,574,1
7050,14882,1
7050,15574,1
7050,20113,1
7051,19902,1
7052,19691,1
7053,19480,1
7054,19269,1
7055,16496,1
7055,19058,1
7056,8704,1
7056,18847,1
7057,18636,1
7058,18425,1
7059,18214,1
7060,10780,1
7060,18003,1
7061,17792,1
7061,31998,1
7062,17581,1
7062,27697,1
7063,9044,1
7063,17370,1
7064,7005,1
7064,10915,1
7064,17159,1
7065,69,1
7065,9298,1
7065,16948,1
7066,16737,1
7066,27924,1
7067,16526,1
7068,16315,1
7069,16104,1
7070,15893,1
7070,29242,1
7071,5276,1
7071,15682,1
7072,3386,1
7072,11168,1
7072,15471,1
7073,15260,1
7074,15049,1
7075,14838,1
7075,24477,1
7076,14627,1
7076,18160,1
7077,11804,1
7077,14416,1
7077,21601,1
7078,11599,1
7078,13220,1
7078,13906,1
7078,14205,1
7079,13970,1
7079,13994,1
7080,13783,1
7080,19466,1
7081,13499,1
7081,13572,1
7082,6132,1
7082,13361,1
7083,13150,1
7083,16067,1
7084,12939,1
7084,31805,1
7085,12728,1
7086,12517,1
7086,24516,1
7087,4100,1
7087,12306,1
7087,23845,1
7088,12095,1
7089,11884,1
7089,23441,1
7090,11673,1
7090,26791,1
7091,11462,1
7092,4427,1
7092,11251,1
7093,11040,1
7093,25992,1
7094,10829,1
7095,10618,1
7096,10407,1
7097,4394,1
7097,10196,1
7098,9985,1
7098,19683,1
7098,31851,1
7099,9774,1
7100,9563,1
7100,32690,1
7101,9352,1
7101,9826,1
7102,9141,1
7103,8930,1
7103,32614,1
7104,8719,1
7105,1603,1
7105,8103,1
7105,8508,1
7105,8569,1
7105,12324,1
7105,27575,1
7106,8297,1
7107,8086,1
7107,17006,1
7107,20617,1
7107,25359,1
7107,26222,1
7108,7875,1
7108,17507,1
7108,25261,1
7109,7664,1
7109,27347,1
7110,7453,1
7110,28558,1
7111,7242,1
7112,7031,1
7113,6820,1
7113,12475,1
7114,6609,1
7114,32619,1
7115,6398,1
7115,15632,1
7115,31687,1
7116,6187,1
7116,9474,1
7117,5297,1
7117,5976,1
7118,5765,1
7118,25574,1
7119,5554,1
7119,32208,1
7120,5343,1
7120,18719,1
7120,20345,1
7120,30035,1
7121,5132,1
7121,12908,1
7122,4921,1
7122,11858,1
7123,4710,1
7124,4499,1
7125,4288,1
7125,7523,1
7126,4077,1
7127,3866,1
7128,3655,1
7128,31958,1
7129,3444,1
7129,27935,1
7130,3233,1
7130,13483,1
7131,3022,1
7131,6416,1
7131,18702,1
7132,2811,1
7132,11917,1
7132,23465,1
7133,2600,1
7133,8823,1
7134,2389,1
7135,2178,1
7136,1967,1
7137,1756,1
7138,1545,1
7138,4804,1
7139,1334,1
7140,1123,1
7141,912,1
7141,13011,1
7142,701,1
7142,3040,1
7142,18069,1
7142,30434,1
7143,490,1
7144,279,1
7145,68,1
7145,18042,1
7145,18272,1
7146,27523,1
7146,32625,1
7147,14671,1
7147,20883,1
7147,25871,1
7147,32414,1
7148,16391,1
7148,32203,1
7149,31992,1
7150,31781,1
7150,32192,1
7151,25110,1
7151,31570,1
7152,20799,1
7152,31359,1
7153,3747,1
7153,10569,1
7153,18491,1
7153,31148,1
7154,1615,1
7154,30937,1
7155,30726,1
7156,1372,1
7156,30515,1
7157,24444,1
7157,30304,1
7158,30093,1
7159,29882,1
7160,5676,1
7160,12493,1
7160,29671,1
7161,5378,1
7161,29460,1
7162,2536,1
7162,10617,1
7162,23730,1
7162,29249,1
7163,3417,1
7163,29038,1
7164,28827,1
7165,28616,1
7166,28405,1
7167,28194,1
7168,27983,1
7169,1834,1
7169,27772,1
7170,9322,1
7170,27561,1
7170,31902,1
7171,13237,1
7171,27350,1
7172,27139,1
7173,1906,1
7173,10895,1
7173,26928,1
7173,31593,1
7174,16102,1
7174,26717,1
7175,3367,1
7175,26506,1
7176,8003,1
7176,21454,1
7176,26089,1
7176,26295,1
7176,32740,1
7177,16802,1
7177,26084,1
7178,25873,1
7178,27377,1
7179,1565,1
7179,12428,1
7179,25662,1
7180,6423,1
7180,25451,1
7180,31109,1
7181,25240,1
7182,2756,1
7182,18083,1
7182,25029,1
7182,25311,1
7183,17820,1
7183,24818,1
7184,24607,1
7185,24396,1
7186,1273,1
7186,24185,1
7186,27826,1
7187,23974,1
7188,23763,1
7188,27435,1
7189,2141,1
7189,23552,1
7190,23341,1
7190,30186,1
7191,23130,1
7192,5899,1
7192,12230,1
7192,22919,1
7193,19263,1
7193,22607,1
7193,22708,1
7194,22497,1
7195,2387,1
7195,5244,1
7195,7727,1
7195,17214,1
7195,22286,1
7195,29393,1
7196,22075,1
7197,21864,1
7198,21653,1
7199,20090,1
7199,21442,1
7200,20605,1
7200,21231,1
7201,10184,1
7201,21020,1
7201,27156,1
7202,20809,1
7202,28506,1
7203,20598,1
7204,20387,1
7204,23308,1
7204,27637,1
7205,17132,1
7205,20176,1
7206,7533,1
7206,19965,1
7206,23570,1
7207,7699,1
7207,19754,1
7207,30242,1
7207,32463,1
7208,16080,1
7208,19543,1
7209,300,1
7209,19332,1
7210,19121,1
7211,18910,1
7212,18699,1
7213,18488,1
7213,21931,1
7214,18277,1
7215,10530,1
7215,17515,1
7215,18066,1
7215,19141,1
7216,17855,1
7216,31053,1
7217,17644,1
7217,20423,1
7218,17365,1
7218,17433,1
7219,17222,1
7220,17011,1
7221,11200,1
7221,16800,1
7222,16589,1
7223,16378,1
7224,16167,1
7225,1674,1
7225,7462,1
7225,15956,1
7226,15745,1
7227,15534,1
7228,11086,1
7228,15323,1
7228,19877,1
7229,15112,1
7230,14901,1
7231,14690,1
7232,3595,1
7232,11718,1
7232,14479,1
7233,14268,1
7234,14057,1
7235,13846,1
7236,4491,1
7236,13635,1
7237,3674,1
7237,13424,1
7238,2031,1
7238,13213,1
7238,31845,1
7238,32630,1
7239,13002,1
7239,13261,1
7240,12791,1
7241,12580,1
7242,12369,1
7243,6026,1
7243,12158,1
7243,23059,1
7243,28514,1
7244,11947,1
7244,30692,1
7245,11736,1
7245,26119,1
7246,11525,1
7247,11314,1
7248,11103,1
7248,21525,1
7248,28958,1
7249,10892,1
7249,19061,1
7250,10681,1
7251,10470,1
7252,10259,1
7252,32384,1
7253,2785,1
7253,10048,1
7254,9837,1
7255,7918,1
7255,9626,1
7256,9415,1
7257,9204,1
7257,9709,1
7257,17741,1
7257,25268,1
7258,8993,1
7259,8782,1
7259,29140,1
7260,8571,1
7261,8360,1
7261,23174,1
7261,32323,1
7262,7923,1
7262,8149,1
7262,9895,1
7263,7938,1
7264,7727,1
7264,16801,1
7264,20751,1
7265,7516,1
7265,27617,1
7266,7305,1
7266,23490,1
7266,31189,1
7267,7094,1
7267,14207,1
7268,6883,1
7268,11353,1
7269,6672,1
7269,9038,1
7269,19848,1
7270,6461,1
7270,7693,1
7271,4010,1
7271,6250,1
7272,6039,1
7273,5828,1
7274,5617,1
7274,7624,1
7274,25151,1
7275,5406,1
7276,5195,1
7276,31873,1
7277,4984,1
7277,13278,1
7278,4773,1
7278,25885,1
7279,4562,1
7280,4351,1
7281,4140,1
7282,3929,1
7283,3718,1
7283,10449,1
7283,19469,1
7284,3507,1
7285,3296,1
7286,3085,1
7286,5640,1
7287,2874,1
7288,2663,1
7288,13514,1
7288,29172,1
7288,31041,1
7289,2452,1
7289,11112,1
7289,32245,1
7290,2241,1
7290,6596,1
7290,10368,1
7291,2030,1
7291,3590,1
7291,12009,1
7291,32084,1
7292,1819,1
7292,24619,1
7293,1608,1
7293,5129,1
7294,1397,1
7294,15383,1
7295,1186,1
7295,3326,1
7295,21278,1
7296,975,1
7297,764,1
7297,27020,1
7298,553,1
7299,342,1
7299,19008,1
7300,131,1
7300,5917,1
7301,30392,1
7301,32688,1
7302,32477,1
7303,15451,1
7303,32266,1
7304,32055,1
7305,8921,1
7305,15156,1
7305,31844,1
7306,528,1
7306,31633,1
7307,20339,1
7307,31422,1
7308,10489,1
7308,31211,1
7309,3582,1
7309,31000,1
7310,9434,1
7310,30789,1
7311,30578,1
7312,16815,1
7312,30367,1
7313,4136,1
7313,14574,1
7313,30156,1
7314,27119,1
7314,29945,1
7314,31898,1
7315,29734,1
7316,13575,1
7316,29523,1
7317,20724,1
7317,25083,1
7317,29312,1
7318,2841,1
7318,28063,1
7318,29101,1
7319,13450,1
7319,16609,1
7319,17072,1
7319,28890,1
7320,12610,1
7320,28679,1
7321,16505,1
7321,28468,1
7322,12535,1
7322,28257,1
7323,28046,1
7324,7812,1
7324,12170,1
7324,27835,1
7325,279,1
7325,3147,1
7325,19723,1
7325,24731,1
7325,27624,1
7325,28143,1
7326,27413,1
7327,27202,1
7328,26991,1
7328,28649,1
7329,6377,1
7329,23214,1
7329,26780,1
7330,26569,1
7330,29108,1
7331,23412,1
7331,26358,1
7332,26147,1
7333,3444,1
7333,3837,1
7333,25936,1
7334,18751,1
7334,25725,1
7335,25514,1
7336,25007,1
7336,25303,1
7337,2548,1
7337,25092,1
7337,29530,1
7338,24881,1
7338,25397,1
7339,16239,1
7339,24670,1
7340,24459,1
7341,19602,1
7341,24248,1
7341,29007,1
7341,29025,1
7342,24037,1
7343,23826,1
7344,23615,1
7345,23404,1
7345,25438,1
7346,10503,1
7346,23193,1
7347,7714,1
7347,15624,1
7347,22982,1
7348,8859,1
7348,12875,1
7348,22771,1
7349,22560,1
7350,22349,1
7351,22138,1
7352,21927,1
7353,19497,1
7353,21716,1
7353,25738,1
7354,21505,1
7355,21294,1
7356,4977,1
7356,21083,1
7356,21846,1
7357,17905,1
7357,20872,1
7357,31825,1
7358,20661,1
7358,29876,1
7359,20450,1
7359,22328,1
7359,23357,1
7360,20239,1
7361,195,1
7361,20028,1
7362,15452,1
7362,19817,1
7362,22651,1
7363,19606,1
7363,22979,1
7364,19395,1
7365,19184,1
7365,28191,1
7366,3468,1
7366,18244,1
7366,18973,1
7367,18762,1
7367,22121,1
7368,18551,1
7369,1154,1
7369,18340,1
7369,31314,1
7370,18129,1
7371,17918,1
7371,26002,1
7372,17707,1
7372,21246,1
7373,17496,1
7374,17285,1
7375,17074,1
7375,32118,1
7376,16863,1
7377,16652,1
7377,17256,1
7378,16441,1
7379,16230,1
7380,5233,1
7380,16019,1
7381,5045,1
7381,15808,1
7382,15597,1
7382,26889,1
7383,15386,1
7384,9877,1
7384,15175,1
7384,19375,1
7385,14964,1
7386,14753,1
7386,25848,1
7387,14542,1
7387,22904,1
7388,3585,1
7388,14331,1
7389,14120,1
7389,16057,1
7390,1594,1
7390,13909,1
7391,136,1
7391,13698,1
7392,13487,1
7392,30327,1
7393,8104,1
7393,12425,1
7393,13276,1
7393,17151,1
7393,22223,1
7394,13065,1
7395,12854,1
7395,19266,1
7396,12643,1
7397,12432,1
7398,12221,1
7398,30243,1
7399,1538,1
7399,8935,1
7399,12010,1
7400,10400,1
7400,11799,1
7400,14500,1
7400,18438,1
7401,11588,1
7401,18361,1
7402,11377,1
7402,13319,1
7402,14871,1
7403,11166,1
7404,10955,1
7405,10744,1
7406,10533,1
7407,8125,1
7407,10322,1
7408,10111,1
7409,7921,1
7409,9900,1
7410,9689,1
7411,9478,1
7411,21553,1
7412,9267,1
7413,9056,1
7414,8845,1
7415,8634,1
7415,12613,1
7415,23670,1
7416,8423,1
7417,8212,1
7417,10220,1
7417,28167,1
7418,8001,1
7418,15035,1
7418,31627,1
7419,7790,1
7420,7579,1
7420,19599,1
7421,7368,1
7421,19985,1
7422,7157,1
7423,6946,1
7423,27226,1
7424,6735,1
7424,18305,1
7424,30550,1
7425,6524,1
7425,8492,1
7425,15232,1
7425,32482,1
7426,6313,1
7426,18587,1
7426,21234,1
7427,3813,1
7427,6102,1
7427,31218,1
7428,5891,1
7428,21377,1
7429,5680,1
7429,6507,1
7429,28080,1
7430,5469,1
7431,5258,1
7432,5047,1
7433,4836,1
7434,4625,1
7434,9005,1
7434,15911,1
7434,21014,1
7435,4414,1
7435,6403,1
7436,3720,1
7436,4203,1
7436,12580,1
7437,3992,1
7437,25451,1
7438,3781,1
7438,5633,1
7438,11812,1
7439,3570,1
7440,3359,1
7440,21466,1
7440,22766,1
7441,3148,1
7441,10975,1
7442,2937,1
7443,2726,1
7443,6099,1
7443,17135,1
7444,2515,1
7444,28602,1
7445,2304,1
7446,2093,1
7447,1882,1
7447,20206,1
7447,31937,1
7448,1671,1
7448,1726,1
7449,1460,1
7449,19023,1
7450,1249,1
7450,3063,1
7450,27336,1
7451,1038,1
7451,23652,1
7452,827,1
7452,18378,1
7453,616,1
7453,4089,1
7453,11856,1
7453,28548,1
7454,405,1
7454,12952,1
7455,194,1
7455,4409,1
7456,32751,1
7457,32540,1
7458,14686,1
7458,32329,1
7459,32118,1
7460,13682,1
7460,22546,1
7460,31907,1
7461,25075,1
7461,31696,1
7462,17932,1
7462,31485,1
7463,31274,1
7464,604,1
7464,31063,1
7465,452,1
7465,30852,1
7466,13684,1
7466,25069,1
7466,30641,1
7467,15042,1
7467,30430,1
7468,30219,1
7469,30008,1
7470,29797,1
7471,13031,1
7471,29586,1
7472,29375,1
7473,475,1
7473,29164,1
7474,18939,1
7474,20590,1
7474,28953,1
7475,17026,1
7475,28742,1
7476,22638,1
7476,28078,1
7476,28531,1
7477,13051,1
7477,28320,1
7478,22643,1
7478,28109,1
7479,27898,1
7480,1266,1
7480,27687,1
7481,27476,1
7482,1978,1
7482,27265,1
7483,2515,1
7483,27054,1
7484,26843,1
7485,18180,1
7485,26300,1
7485,26632,1
7486,26421,1
7487,26210,1
7488,25999,1
7489,25788,1
7490,25244,1
7490,25577,1
7490,28031,1
7491,8892,1
7491,25366,1
7491,26587,1
7492,25155,1
7493,6597,1
7493,24944,1
7494,20792,1
7494,24733,1
7495,7629,1
7495,24522,1
7495,30889,1
7496,15682,1
7496,24311,1
7496,31301,1
7497,6842,1
7497,24100,1
7498,13608,1
7498,23889,1
7499,15917,1
7499,23678,1
7499,28274,1
7500,1206,1
7500,23467,1
7501,20270,1
7501,23256,1
7501,24242,1
7502,23045,1
7503,9035,1
7503,19174,1
7503,22834,1
7504,22623,1
7504,27023,1
7505,22412,1
7506,22201,1
7507,21990,1
7508,6900,1
7508,9461,1
7508,21779,1
7509,21568,1
7510,15077,1
7510,21357,1
7511,21146,1
7512,19195,1
7512,20247,1
7512,20935,1
7512,27191,1
7513,20724,1
7514,20513,1
7514,25170,1
7514,27053,1
7515,5182,1
7515,20302,1
7515,23495,1
7516,9814,1
7516,10026,1
7516,20091,1
7517,19880,1
7518,19138,1
7518,19669,1
7519,2348,1
7519,19458,1
7520,10389,1
7520,16467,1
7520,19247,1
7521,19036,1
7522,18326,1
7522,18825,1
7522,18995,1
7523,8123,1
7523,18614,1
7524,13019,1
7524,18403,1
7525,7815,1
7525,18192,1
7526,16973,1
7526,17981,1
7527,7843,1
7527,17770,1
7528,17559,1
7529,17348,1
7529,18734,1
7530,17137,1
7530,31255,1
7531,16345,1
7531,16926,1
7531,23239,1
7531,31890,1
7532,16715,1
7533,4985,1
7533,16504,1
7534,16293,1
7534,32436,1
7535,1901,1
7535,16082,1
7535,18960,1
7536,15871,1
7537,5349,1
7537,15660,1
7537,22461,1
7537,26588,1
7537,31570,1
7538,15449,1
7538,28122,1
7538,30491,1
7539,12780,1
7539,15238,1
7540,11184,1
7540,15027,1
7541,14816,1
7542,14605,1
7543,14394,1
7543,28402,1
7544,14183,1
7545,13972,1
7546,13761,1
7546,32438,1
7547,4569,1
7547,13550,1
7548,13339,1
7549,4820,1
7549,12876,1
7549,13128,1
7550,12917,1
7550,17557,1
7551,12706,1
7551,23644,1
7552,12495,1
7553,12284,1
7553,12976,1
7554,11273,1
7554,12073,1
7555,93,1
7555,8297,1
7555,11862,1
7556,11651,1
7556,16664,1
7556,32651,1
7557,11440,1
7558,11229,1
7559,3183,1
7559,11018,1
7560,9777,1
7560,10807,1
7561,3500,1
7561,5429,1
7561,10596,1
7561,14345,1
7562,4666,1
7562,8021,1
7562,10385,1
7563,10174,1
7563,19963,1
7564,9963,1
7565,8676,1
7565,9752,1
7566,9541,1
7567,9330,1
7568,9119,1
7568,13271,1
7569,3736,1
7569,8908,1
7570,8697,1
7571,8486,1
7571,29492,1
7572,8275,1
7573,2349,1
7573,8064,1
7574,7853,1
7574,28429,1
7575,1066,1
7575,7642,1
7576,7431,1
7577,7220,1
7577,9579,1
7578,7009,1
7579,6798,1
7579,7953,1
7579,28364,1
7580,5033,1
7580,6587,1
7581,3103,1
7581,6376,1
7582,6165,1
7583,5954,1
7583,26785,1
7584,5535,1
7584,5743,1
7584,27223,1
7585,5532,1
7585,24102,1
7586,5321,1
7587,5110,1
7587,25707,1
7588,4899,1
7588,18459,1
7588,24442,1
7589,4688,1
7589,9856,1
7590,4477,1
7590,13224,1
7591,760,1
7591,4266,1
7592,4055,1
7592,25479,1
7593,3844,1
7593,13013,1
7593,26386,1
7594,3633,1
7594,12232,1
7594,13565,1
7595,3422,1
7596,52,1
7596,3211,1
7596,30262,1
7597,3000,1
7598,2789,1
7599,2578,1
7600,2367,1
7601,2156,1
7601,9682,1
7602,1945,1
7603,1734,1
7603,23299,1
7604,1523,1
7604,23021,1
7604,23931,1
7605,1312,1
7606,1101,1
7607,890,1
7607,12241,1
7608,679,1
7608,1408,1
7608,8433,1
7608,12563,1
7608,16535,1
7608,18406,1
7608,32123,1
7609,468,1
7609,5505,1
7609,19557,1
7609,30968,1
7610,257,1
7610,3372,1
7610,4661,1
7610,25546,1
7611,46,1
7611,8664,1
7612,32603,1
7613,32392,1
7614,32181,1
7615,4723,1
7615,31970,1
7616,31759,1
7617,8489,1
7617,10303,1
7617,18684,1
7617,31548,1
7618,31337,1
7619,31126,1
7620,14728,1
7620,30915,1
7621,29182,1
7621,30704,1
7622,6074,1
7622,17487,1
7622,30493,1
7623,30282,1
7624,23407,1
7624,30071,1
7624,31717,1
7625,4885,1
7625,9205,1
7625,29860,1
7626,9550,1
7626,26127,1
7626,29649,1
7627,6444,1
7627,7553,1
7627,17217,1
7627,29438,1
7628,2897,1
7628,8035,1
7628,18887,1
7628,29227,1
7629,1321,1
7629,29016,1
7630,28805,1
7631,21810,1
7631,28594,1
7632,28383,1
7633,1139,1
7633,5221,1
7633,25288,1
7633,28172,1
7634,13846,1
7634,27961,1
7635,27750,1
7635,27954,1
7636,2354,1
7636,27539,1
7637,12336,1
7637,27328,1
7637,32310,1
7638,27117,1
7639,2383,1
7639,26906,1
7640,26695,1
7640,32524,1
7641,26484,1
7641,28377,1
7642,26273,1
7643,26062,1
7644,25851,1
7645,12378,1
7645,25640,1
7646,25429,1
7647,19414,1
7647,24963,1
7647,25218,1
7648,6723,1
7648,19927,1
7648,25007,1
7649,24796,1
7650,24585,1
7651,187,1
7651,24374,1
7651,28538,1
7651,32284,1
7652,4326,1
7652,9136,1
7652,15701,1
7652,20079,1
7652,24163,1
7653,6080,1
7653,23952,1
7654,11722,1
7654,18689,1
7654,23741,1
7655,10466,1
7655,23530,1
7655,27010,1
7656,13882,1
7656,23319,1
7657,21339,1
7657,23108,1
7658,22897,1
7659,22686,1
7660,4828,1
7660,22475,1
7661,22264,1
7662,17366,1
7662,22053,1
7663,21842,1
7664,5420,1
7664,21631,1
7664,24459,1
7665,21420,1
7666,19270,1
7666,21209,1
7667,8284,1
7667,18934,1
7667,20998,1
7668,20787,1
7669,12372,1
7669,20576,1
7669,21169,1
7670,20365,1
7671,10574,1
7671,20154,1
7672,9922,1
7672,19943,1
7672,28586,1
7673,1771,1
7673,14719,1
7673,19732,1
7674,1935,1
7674,4006,1
7674,14178,1
7674,19521,1
7674,25702,1
7675,11087,1
7675,19310,1
7676,19099,1
7677,10535,1
7677,18888,1
7677,24955,1
7677,28232,1
7678,3513,1
7678,18677,1
7679,8481,1
7679,18466,1
7680,18255,1
7680,28643,1
7681,18044,1
7681,23516,1
7682,17833,1
7682,20930,1
7683,17622,1
7684,17411,1
7685,17200,1
7685,32389,1
7686,8431,1
7686,16989,1
7687,16778,1
7687,20369,1
7688,16567,1
7688,20446,1
7689,16356,1
7690,16145,1
7691,15656,1
7691,15934,1
7691,18633,1
7692,15723,1
7693,15512,1
7693,19635,1
7694,7110,1
7694,15301,1
7695,15090,1
7695,19260,1
7695,27793,1
7696,14879,1
7697,14668,1
7697,26687,1
7698,4754,1
7698,13293,1
7698,14457,1
7699,14246,1
7699,26009,1
7700,14035,1
7701,13824,1
7702,5321,1
7702,7587,1
7702,13613,1
7703,13402,1
7703,24229,1
7704,13191,1
7705,12980,1
7705,18116,1
7706,12769,1
7707,12558,1
7707,28363,1
7707,28739,1
7708,12347,1
7708,20794,1
7708,30364,1
7709,12136,1
7710,11925,1
7711,514,1
7711,5708,1
7711,11714,1
7712,11503,1
7713,11292,1
7713,15807,1
7714,11081,1
7714,15602,1
7715,10870,1
7715,19893,1
7716,10659,1
7717,10448,1
7717,22013,1
7718,10237,1
7718,14563,1
7718,29100,1
7719,10026,1
7720,9815,1
7720,12199,1
7720,27919,1
7721,9604,1
7722,9393,1
7722,10942,1
7723,6983,1
7723,7653,1
7723,9182,1
7723,22647,1
7724,8971,1
7724,17532,1
7725,8760,1
7726,8549,1
7726,12250,1
7727,8338,1
7728,972,1
7728,8127,1
7729,7916,1
7730,913,1
7730,7046,1
7730,7705,1
7731,7494,1
7732,5602,1
7732,7283,1
7732,15985,1
7732,24497,1
7733,7072,1
7734,6861,1
7734,25295,1
7734,31130,1
7735,6650,1
7735,11733,1
7735,27824,1
7735,28564,1
7735,32757,1
7736,6439,1
7737,3817,1
7737,6228,1
7737,14665,1
7738,6017,1
7739,5806,1
7739,9034,1
7739,17513,1
7740,5595,1
7741,5384,1
7742,5173,1
7742,29177,1
7743,2070,1
7743,4962,1
7743,25024,1
7744,4751,1
7744,29412,1
7745,4415,1
7745,4540,1
7745,5628,1
7745,32092,1
7746,4329,1
7746,27310,1
7746,30061,1
7747,4118,1
7747,27063,1
7748,3907,1
7749,2807,1
7749,3696,1
7750,3485,1
7751,1450,1
7751,3274,1
7751,19721,1
7752,3063,1
7752,17353,1
7753,2852,1
7753,20448,1
7754,2641,1
7755,2430,1
7755,31932,1
7756,2219,1
7757,2008,1
7758,1797,1
7758,20952,1
7759,1586,1
7759,8398,1
7760,1375,1
7761,1164,1
7761,28417,1
7761,28628,1
7762,4,1
7762,953,1
7763,742,1
7763,8594,1
7763,8607,1
7764,531,1
7765,320,1
7765,14926,1
7766,109,1
7766,27208,1
7767,32666,1
7768,22400,1
7768,32455,1
7769,32244,1
7770,18144,1
7770,32033,1
7771,31822,1
7772,30255,1
7772,31611,1
7773,31400,1
7774,31189,1
7775,22515,1
7775,30978,1
7776,20332,1
7776,30767,1
7777,30556,1
7778,22304,1
7778,30345,1
7779,19551,1
7779,30134,1
7780,5709,1
7780,29923,1
7781,11489,1
7781,29712,1
7782,29501,1
7783,464,1
7783,1203,1
7783,29290,1
7784,29079,1
7785,10011,1
7785,13197,1
7785,28868,1
7786,25660,1
7786,28657,1
7786,29522,1
7787,6841,1
7787,7105,1
7787,28446,1
7788,20898,1
7788,28235,1
7789,28024,1
7790,27813,1
7791,23713,1
7791,27602,1
7792,11076,1
7792,23049,1
7792,27391,1
7793,101,1
7793,27180,1
7794,12129,1
7794,26969,1
7795,26758,1
7796,15582,1
7796,26547,1
7797,26336,1
7798,26125,1
7799,25914,1
7800,10182,1
7800,19426,1
7800,20139,1
7800,25703,1
7801,4299,1
7801,25492,1
7802,25281,1
7802,25349,1
7803,21649,1
7803,25070,1
7803,30109,1
7804,24859,1
7805,16569,1
7805,24648,1
7805,29791,1
7806,24437,1
7806,29147,1
7806,32656,1
7807,23054,1
7807,24226,1
7808,7938,1
7808,24015,1
7809,4038,1
7809,14140,1
7809,23804,1
7810,23593,1
7810,26866,1
7811,23382,1
7812,23171,1
7812,25358,1
7813,22960,1
7813,29954,1
7814,22749,1
7815,22538,1
7816,22327,1
7816,28369,1
7817,16848,1
7817,22116,1
7818,21905,1
7819,17614,1
7819,17992,1
7819,21694,1
7820,21483,1
7821,21272,1
7822,384,1
7822,11518,1
7822,13989,1
7822,15358,1
7822,21061,1
7822,32540,1
7823,20850,1
7824,20639,1
7824,23573,1
7824,29440,1
7824,29998,1
7825,338,1
7825,20428,1
7826,8395,1
7826,20217,1
7827,20006,1
7827,27351,1
7828,3398,1
7828,19795,1
7829,19584,1
7830,19373,1
7831,19162,1
7832,18951,1
7832,21557,1
7833,18740,1
7834,18529,1
7835,18318,1
7835,19956,1
7835,32718,1
7836,18107,1
7836,21022,1
7837,17896,1
7838,17685,1
7839,11703,1
7839,17474,1
7839,22918,1
7840,4387,1
7840,17263,1
7841,5683,1
7841,8660,1
7841,17052,1
7841,19627,1
7842,16841,1
7843,1755,1
7843,16630,1
7844,16419,1
7845,12739,1
7845,14477,1
7845,16208,1
7846,15997,1
7846,24839,1
7846,25271,1
7847,15786,1
7847,17527,1
7848,15575,1
7848,22112,1
7849,15364,1
7850,3439,1
7850,15153,1
7851,3214,1
7851,14942,1
7852,14731,1
7853,707,1
7853,13279,1
7853,14520,1
7853,18051,1
7854,14309,1
7855,14098,1
7856,13887,1
7857,13676,1
7858,13465,1
7859,13254,1
7859,15322,1
7859,18795,1
7860,13043,1
7861,1218,1
7861,12832,1
7862,12621,1
7862,20990,1
7862,29994,1
7863,12410,1
7864,12199,1
7865,11988,1
7866,11777,1
7866,30911,1
7867,11566,1
7867,29375,1
7868,11355,1
7868,23901,1
7869,3076,1
7869,11144,1
7869,22754,1
7870,10933,1
7870,24622,1
7871,10722,1
7871,28559,1
7872,10511,1
7872,17148,1
7872,20337,1
7873,7118,1
7873,10300,1
7874,10089,1
7875,9878,1
7875,22974,1
7876,9667,1
7876,26074,1
7877,2003,1
7877,9192,1
7877,9456,1
7878,9245,1
7878,11464,1
7878,17079,1
7878,20117,1
7878,31918,1
7879,9034,1
7880,8823,1
7881,4680,1
7881,8612,1
7882,8401,1
7883,8190,1
7884,4981,1
7884,7979,1
7884,11509,1
7884,14917,1
7884,29889,1
7885,7768,1
7886,7557,1
7887,585,1
7887,7346,1
7887,10980,1
7888,7135,1
7888,10358,1
7888,19663,1
7889,6924,1
7889,21465,1
7890,6713,1
7891,6502,1
7891,23256,1
7892,6291,1
7893,6080,1
7894,5869,1
7894,13318,1
7895,5658,1
7896,5447,1
7896,20782,1
7896,23555,1
7896,31345,1
7897,5236,1
7897,26290,1
7897,27590,1
7898,5025,1
7898,14109,1
7899,4814,1
7899,30620,1
7900,4603,1
7900,9105,1
7901,4392,1
7901,10879,1
7901,14667,1
7901,19232,1
7902,4181,1
7902,8005,1
7903,3970,1
7904,3759,1
7904,7557,1
7905,3548,1
7906,3337,1
7907,3126,1
7907,23566,1
7908,1844,1
7908,2915,1
7908,12758,1
7909,1843,1
7909,2704,1
7909,29763,1
7910,1269,1
7910,2493,1
7910,16398,1
7911,2282,1
7911,6131,1
7912,798,1
7912,2071,1
7913,1860,1
7913,17644,1
7914,1649,1
7914,12280,1
7915,1438,1
7915,6263,1
7915,11463,1
7916,1227,1
7917,1016,1
7917,5858,1
7917,7398,1
7917,26670,1
7918,805,1
7918,1586,1
7918,15418,1
7918,23607,1
7919,167,1
7919,594,1
7919,23045,1
7919,25856,1
7920,383,1
7920,3766,1
7921,172,1
7921,16727,1
7922,32729,1
7923,27,1
7923,4333,1
7923,18500,1
7923,28414,1
7923,32518,1
7924,4938,1
7924,19146,1
7924,32307,1
7925,5679,1
7925,30683,1
7925,32096,1
7926,3567,1
7926,31885,1
7927,28463,1
7927,28664,1
7927,30024,1
7927,31674,1
7928,573,1
7928,23838,1
7928,31463,1
7929,3202,1
7929,14476,1
7929,16327,1
7929,31252,1
7930,31041,1
7931,6015,1
7931,30510,1
7931,30830,1
7932,30619,1
7933,26905,1
7933,30408,1
7934,30197,1
7935,15616,1
7935,21742,1
7935,29986,1
7935,32046,1
7936,20776,1
7936,29775,1
7937,29564,1
7937,31581,1
7938,2717,1
7938,29353,1
7939,29142,1
7940,28931,1
7941,10925,1
7941,28720,1
7942,22894,1
7942,25778,1
7942,28509,1
7942,30406,1
7943,8044,1
7943,13746,1
7943,17805,1
7943,24639,1
7943,28298,1
7944,28087,1
7945,27876,1
7946,1113,1
7946,3503,1
7946,27665,1
7947,27410,1
7947,27454,1
7948,22235,1
7948,27243,1
7949,5790,1
7949,27032,1
7949,28046,1
7950,20511,1
7950,22031,1
7950,26821,1
7951,1512,1
7951,5567,1
7951,26610,1
7952,508,1
7952,26399,1
7952,27004,1
7952,29824,1
7953,15218,1
7953,23514,1
7953,26188,1
7954,1690,1
7954,22977,1
7954,25977,1
7955,25766,1
7956,25555,1
7956,29669,1
7957,25344,1
7957,25448,1
7958,16937,1
7958,25133,1
7959,9338,1
7959,24922,1
7959,27157,1
7960,24711,1
7961,5434,1
7961,7868,1
7961,24500,1
7962,5524,1
7962,24289,1
7963,24078,1
7964,13879,1
7964,23867,1
7965,23656,1
7966,23445,1
7967,23234,1
7968,23023,1
7969,6376,1
7969,22812,1
7970,18851,1
7970,22601,1
7971,22390,1
7972,8017,1
7972,22179,1
7973,21968,1
7974,21757,1
7974,32500,1
7975,21546,1
7975,22742,1
7976,491,1
7976,10176,1
7976,21335,1
7977,16854,1
7977,21124,1
7978,20913,1
7978,25439,1
7978,27064,1
7979,20702,1
7980,20491,1
7981,638,1
7981,20280,1
7982,14354,1
7982,16189,1
7982,20069,1
7982,26020,1
7983,8034,1
7983,19858,1
7984,18897,1
7984,19647,1
7985,19436,1
7986,12162,1
7986,19225,1
7987,6034,1
7987,19014,1
7988,7433,1
7988,18803,1
7989,18592,1
7990,16161,1
7990,18381,1
7991,18170,1
7991,28474,1
7992,17959,1
7993,17748,1
7994,17537,1
7995,17326,1
7996,17115,1
7996,20857,1
7996,23816,1
7996,27459,1
7996,29964,1
7997,16904,1
7998,2809,1
7998,16666,1
7998,16693,1
7999,16482,1
8000,9793,1
8000,16271,1
8000,30403,1
8001,16060,1
8002,15849,1
8003,5506,1
8003,15638,1
8003,30496,1
8004,11606,1
8004,15427,1
8004,15638,1
8005,15216,1
8006,15005,1
8007,14794,1
8008,6457,1
8008,13996,1
8008,14583,1
8008,18739,1
8009,3788,1
8009,14372,1
8009,20264,1
8010,14161,1
8011,7394,1
8011,13950,1
8012,6294,1
8012,12388,1
8012,13739,1
8013,642,1
8013,13528,1
8014,13317,1
8014,13858,1
8015,12824,1
8015,13106,1
8015,32073,1
8016,11842,1
8016,12895,1
8016,16669,1
8016,23890,1
8017,8422,1
8017,12566,1
8017,12684,1
8017,15566,1
8017,29320,1
8018,6007,1
8018,12473,1
8019,10366,1
8019,11259,1
8019,12262,1
8019,27199,1
8020,12022,1
8020,12051,1
8020,18683,1
8021,5247,1
8021,11840,1
8022,2526,1
8022,11629,1
8022,23368,1
8023,534,1
8023,11418,1
8023,27388,1
8023,28697,1
8024,11207,1
8025,10996,1
8026,10785,1
8026,23675,1
8027,10574,1
8028,10363,1
8028,29135,1
8029,10152,1
8030,9941,1
8031,9730,1
8031,12188,1
8031,29349,1
8032,9519,1
8033,7290,1
8033,9308,1
8033,13377,1
8033,25318,1
8034,9097,1
8035,90,1
8035,8886,1
8036,8675,1
8037,8464,1
8037,9997,1
8037,20505,1
8038,8253,1
8039,8042,1
8039,25279,1
8040,7831,1
8040,11118,1
8040,18583,1
8041,7620,1
8042,7409,1
8043,7198,1
8043,10668,1
8044,6987,1
8044,15430,1
8045,6776,1
8046,945,1
8046,2929,1
8046,6565,1
8047,1307,1
8047,6354,1
8048,6143,1
8049,5932,1
8049,26252,1
8050,5721,1
8050,21563,1
8051,5510,1
8052,5299,1
8053,5088,1
8053,11576,1
8054,1226,1
8054,4877,1
8054,8690,1
8054,27862,1
8055,1533,1
8055,4666,1
8055,28952,1
8056,4455,1
8057,4244,1
8057,9966,1
8058,1400,1
8058,4033,1
8058,9637,1
8059,3822,1
8059,23133,1
8060,3611,1
8060,17143,1
8060,19314,1
8060,21390,1
8060,26773,1
8061,3400,1
8062,3189,1
8063,2978,1
8063,29090,1
8064,2767,1
8065,2556,1
8065,4591,1
8066,2345,1
8066,10608,1
8067,2134,1
8067,22725,1
8068,1923,1
8069,1712,1
8069,2530,1
8070,1501,1
8070,12444,1
8070,20350,1
8070,27298,1
8071,1290,1
8072,1079,1
8072,11033,1
8072,14624,1
8072,24422,1
8073,868,1
8074,657,1
8075,446,1
8075,6463,1
8075,20465,1
8075,22860,1
8076,235,1
8077,24,1
8077,18802,1
8077,29446,1
8078,32581,1
8079,28326,1
8079,32370,1
8080,3170,1
8080,7127,1
8080,21480,1
8080,32159,1
8081,27568,1
8081,31948,1
8082,31737,1
8083,31526,1
8084,15370,1
8084,31315,1
8085,31104,1
8085,32577,1
8086,30893,1
8087,19516,1
8087,22605,1
8087,30682,1
8088,3581,1
8088,6898,1
8088,30471,1
8089,30260,1
8090,11485,1
8090,30049,1
8091,6289,1
8091,7075,1
8091,29838,1
8092,29627,1
8093,29416,1
8094,2784,1
8094,29205,1
8095,13397,1
8095,28994,1
8095,32007,1
8096,5945,1
8096,20784,1
8096,28783,1
8097,28572,1
8098,28361,1
8098,31668,1
8099,28150,1
8100,5012,1
8100,6902,1
8100,27939,1
8100,32320,1
8101,7951,1
8101,27728,1
8102,27517,1
8102,27647,1
8102,29296,1
8103,27306,1
8104,27095,1
8105,26884,1
8106,6806,1
8106,26673,1
8107,26462,1
8108,26251,1
8108,27232,1
8109,26040,1
8110,12786,1
8110,25829,1
8111,1933,1
8111,2480,1
8111,6831,1
8111,20827,1
8111,25618,1
8112,13904,1
8112,18240,1
8112,18952,1
8112,19762,1
8112,25407,1
8113,11615,1
8113,25196,1
8113,26064,1
8114,3904,1
8114,24985,1
8114,31820,1
8114,32279,1
8115,4182,1
8115,24774,1
8116,12925,1
8116,14270,1
8116,24563,1
8117,24352,1
8117,25026,1
8118,24141,1
8119,23930,1
8120,23719,1
8121,7747,1
8121,19198,1
8121,23508,1
8121,30021,1
8122,23297,1
8122,23887,1
8123,3199,1
8123,15975,1
8123,23086,1
8124,21914,1
8124,22875,1
8124,23270,1
8125,8671,1
8125,22664,1
8126,22453,1
8127,2128,1
8127,18981,1
8127,22242,1
8128,22031,1
8129,9613,1
8129,12956,1
8129,21820,1
8130,19901,1
8130,21609,1
8130,22466,1
8131,201,1
8131,18759,1
8131,19365,1
8131,21398,1
8131,26820,1
8132,21187,1
8133,2638,1
8133,4265,1
8133,20976,1
8134,20765,1
8135,20554,1
8136,5396,1
8136,20343,1
8136,29840,1
8137,17609,1
8137,20132,1
8137,24986,1
8138,19921,1
8139,19710,1
8139,31590,1
8140,17220,1
8140,19499,1
8141,4209,1
8141,13379,1
8141,19288,1
8141,22632,1
8142,19077,1
8143,18866,1
8143,19484,1
8144,10491,1
8144,18065,1
8144,18655,1
8145,18444,1
8145,26556,1
8146,18233,1
8147,18022,1
8147,29389,1
8148,17811,1
8149,13681,1
8149,17600,1
8150,12557,1
8150,17389,1
8151,17178,1
8152,14875,1
8152,16967,1
8153,7304,1
8153,16756,1
8153,25106,1
8154,16545,1
8154,21153,1
8155,16334,1
8156,5000,1
8156,10713,1
8156,16123,1
8157,15912,1
8158,15701,1
8159,2092,1
8159,10523,1
8159,15490,1
8159,30700,1
8160,3492,1
8160,8722,1
8160,15279,1
8160,19078,1
8161,15068,1
8161,17656,1
8161,31121,1
8162,14857,1
8163,3036,1
8163,14646,1
8164,4872,1
8164,8507,1
8164,14435,1
8164,28541,1
8165,14224,1
8166,14013,1
8166,29769,1
8167,9144,1
8167,13802,1
8167,18339,1
8168,6713,1
8168,13591,1
8169,13380,1
8170,13169,1
8170,25779,1
8171,10501,1
8171,12958,1
8172,3382,1
8172,12747,1
8173,12536,1
8174,275,1
8174,1490,1
8174,12325,1
8175,11635,1
8175,12114,1
8176,11903,1
8177,5863,1
8177,11692,1
8177,15600,1
8178,11481,1
8178,29188,1
8179,11270,1
8180,11059,1
8180,11879,1
8180,14039,1
8180,19531,1
8180,20560,1
8181,10848,1
8181,23421,1
8182,6653,1
8182,10637,1
8182,31110,1
8183,10426,1
8183,31997,1
8184,6850,1
8184,10215,1
8185,10004,1
8186,9793,1
8186,18181,1
8187,9582,1
8188,6660,1
8188,9371,1
8188,10323,1
8188,26956,1
8189,5890,1
8189,9160,1
8189,11732,1
8189,24778,1
8190,8949,1
8191,8738,1
8191,32109,1
8192,8527,1
8192,18879,1
8192,27286,1
8193,254,1
8193,8316,1
8194,8105,1
8194,15779,1
8195,7894,1
8195,10322,1
8196,4475,1
8196,7683,1
8196,29866,1
8197,7472,1
8197,12772,1
8198,7261,1
8198,12341,1
8198,20661,1
8198,25027,1
8199,7050,1
8200,6839,1
8201,6628,1
8201,17429,1
8202,6417,1
8202,11045,1
8202,27925,1
8203,6206,1
8204,1591,1
8204,5995,1
8204,16632,1
8204,21615,1
8204,22721,1
8205,5784,1
8206,2963,1
8206,5573,1
8207,5362,1
8208,5151,1
8209,4940,1
8210,553,1
8210,2103,1
8210,4729,1
8210,30994,1
8211,4518,1
8211,30529,1
8212,4307,1
8212,22683,1
8213,4096,1
8214,3885,1
8214,5608,1
8215,3674,1
8215,9179,1
8215,29423,1
8216,3463,1
8217,3252,1
8217,24244,1
8218,3041,1
8218,18577,1
8218,18805,1
8219,712,1
8219,1142,1
8219,2830,1
8219,20919,1
8220,2619,1
8220,15690,1
8221,2408,1
8221,5752,1
8221,17883,1
8221,28666,1
8222,2197,1
8222,29569,1
8222,29591,1
8223,1986,1
8224,1775,1
8224,25031,1
8225,1564,1
8225,22676,1
8225,26530,1
8226,1353,1
8226,29201,1
8227,1142,1
8228,931,1
8228,31468,1
8229,720,1
8229,26337,1
8230,509,1
8230,5112,1
8230,16952,1
8231,298,1
8231,476,1
8232,87,1
8233,11525,1
8233,32644,1
8234,28390,1
8234,32433,1
8235,8365,1
8235,32222,1
8236,2146,1
8236,2971,1
8236,6348,1
8236,11651,1
8236,32011,1
8237,31800,1
8238,8010,1
8238,12401,1
8238,31589,1
8239,19035,1
8239,31378,1
8240,18209,1
8240,31167,1
8241,12631,1
8241,30956,1
8242,30745,1
8243,24341,1
8243,30504,1
8243,30534,1
8243,31212,1
8244,30323,1
8245,21272,1
8245,30112,1
8245,32112,1
8246,4348,1
8246,29901,1
8247,29690,1
8248,59,1
8248,29479,1
8249,11095,1
8249,29268,1
8250,29057,1
8251,27093,1
8251,28846,1
8252,28635,1
8253,28424,1
8254,28213,1
8255,8043,1
8255,14560,1
8255,28002,1
8256,27791,1
8257,18002,1
8257,27580,1
8258,27369,1
8259,27158,1
8260,2183,1
8260,3791,1
8260,10826,1
8260,26947,1
8261,26736,1
8262,26525,1
8262,27051,1
8263,13001,1
8263,26314,1
8264,3868,1
8264,13777,1
8264,26103,1
8265,21316,1
8265,25892,1
8266,24706,1
8266,25681,1
8267,25470,1
8268,14847,1
8268,25259,1
8269,14197,1
8269,25048,1
8270,23746,1
8270,24837,1
8271,13716,1
8271,24626,1
8272,24415,1
8273,1592,1
8273,24204,1
8274,22567,1
8274,23993,1
8275,20987,1
8275,23782,1
8275,26841,1
8276,23571,1
8277,18001,1
8277,23360,1
8278,9839,1
8278,23149,1
8279,13751,1
8279,22770,1
8279,22938,1
8280,14288,1
8280,18632,1
8280,22105,1
8280,22727,1
8281,19124,1
8281,22516,1
8282,2542,1
8282,22305,1
8282,22387,1
8283,22094,1
8283,31243,1
8284,21883,1
8285,21672,1
8286,21461,1
8287,3342,1
8287,8769,1
8287,21250,1
8287,32615,1
8288,21039,1
8289,20828,1
8289,21716,1
8290,1669,1
8290,7464,1
8290,15022,1
8290,20617,1
8291,8956,1
8291,20406,1
8292,20195,1
8292,31858,1
8293,19984,1
8294,19773,1
8295,17930,1
8295,19562,1
8295,24800,1
8295,31180,1
8296,19351,1
8297,19140,1
8297,25780,1
8298,1058,1
8298,18929,1
8299,5985,1
8299,18718,1
8300,3563,1
8300,18507,1
8300,26998,1
8301,16056,1
8301,18296,1
8302,18085,1
8303,17874,1
8304,17663,1
8305,17452,1
8306,17241,1
8306,25193,1
8307,17030,1
8307,20198,1
8308,16819,1
8309,16608,1
8310,16397,1
8311,16186,1
8312,2729,1
8312,15975,1
8313,13998,1
8313,15764,1
8313,16250,1
8314,15553,1
8315,15342,1
8316,15131,1
8317,14920,1
8318,4252,1
8318,14709,1
8319,7209,1
8319,13542,1
8319,14498,1
8320,14287,1
8321,14076,1
8321,29898,1
8322,5054,1
8322,13865,1
8323,6380,1
8323,13654,1
8323,29161,1
8324,13443,1
8324,23192,1
8325,13232,1
8326,13021,1
8327,1205,1
8327,6922,1
8327,12810,1
8328,12599,1
8329,12388,1
8329,16691,1
8329,18589,1
8329,25011,1
8330,2517,1
8330,12177,1
8330,13640,1
8330,16482,1
8331,11966,1
8332,11755,1
8333,11544,1
8334,11333,1
8335,11122,1
8336,10911,1
8336,17073,1
8336,22352,1
8337,10700,1
8337,20666,1
8338,8706,1
8338,10489,1
8338,17731,1
8339,10278,1
8340,10067,1
8341,9856,1
8342,9645,1
8342,15099,1
8343,9434,1
8343,13489,1
8343,25621,1
8343,28007,1
8344,9223,1
8345,1263,1
8345,9012,1
8345,14828,1
8346,2925,1
8346,8801,1
8346,23373,1
8346,27674,1
8347,8590,1
8348,8379,1
8348,17379,1
8349,8168,1
8350,7957,1
8351,7746,1
8351,23221,1
8352,7535,1
8352,18449,1
8353,7324,1
8353,20433,1
8353,31246,1
8354,7113,1
8354,14357,1
8354,24223,1
8355,6902,1
8356,6691,1
8356,8450,1
8357,6480,1
8357,16103,1
8358,6269,1
8359,6058,1
8359,9336,1
8360,5847,1
8360,7201,1
8361,5138,1
8361,5636,1
8362,5425,1
8363,5214,1
8364,5003,1
8364,23891,1
8364,27153,1
8365,1411,1
8365,4792,1
8366,4581,1
8366,20864,1
8366,23397,1
8367,4370,1
8367,28999,1
8368,4159,1
8369,3948,1
8369,19213,1
8370,3737,1
8370,27411,1
8371,3526,1
8371,6798,1
8372,3315,1
8372,6048,1
8373,3104,1
8373,22856,1
8373,23078,1
8374,2893,1
8374,21254,1
8375,2682,1
8375,2947,1
8375,13759,1
8376,2471,1
8377,2260,1
8377,26799,1
8378,2049,1
8379,1838,1
8379,7789,1
8379,26018,1
8380,1627,1
8380,5168,1
8380,28504,1
8381,1416,1
8382,1205,1
8383,994,1
8383,2278,1
8383,2900,1
8383,21334,1
8383,30584,1
8384,783,1
8384,20547,1
8385,572,1
8386,361,1
8386,30954,1
8387,150,1
8387,28099,1
8388,10396,1
8388,26427,1
8388,31064,1
8388,32707,1
8389,32496,1
8390,26340,1
8390,32285,1
8391,32074,1
8392,15931,1
8392,31863,1
8393,31652,1
8394,10228,1
8394,15929,1
8394,31441,1
8395,31230,1
8396,23938,1
8396,31019,1
8397,2576,1
8397,28936,1
8397,30808,1
8398,19861,1
8398,30597,1
8399,26533,1
8399,30386,1
8400,30175,1
8401,7220,1
8401,12456,1
8401,29964,1
8402,268,1
8402,11427,1
8402,29753,1
8402,30288,1
8403,22991,1
8403,29542,1
8404,11543,1
8404,12136,1
8404,15054,1
8404,29331,1
8405,29120,1
8406,28909,1
8407,22446,1
8407,28698,1
8408,28487,1
8409,28276,1
8409,32114,1
8410,28065,1
8411,27854,1
8412,27643,1
8413,27432,1
8413,27996,1
8414,8464,1
8414,10736,1
8414,18914,1
8414,27221,1
8415,27010,1
8416,26799,1
8417,26588,1
8418,10521,1
8418,26377,1
8419,26166,1
8420,25955,1
8420,28460,1
8421,25744,1
8422,25533,1
8423,25322,1
8424,410,1
8424,25111,1
8425,16216,1
8425,24900,1
8426,24689,1
8427,24478,1
8428,16758,1
8428,24267,1
8429,24056,1
8430,21194,1
8430,21372,1
8430,23845,1
8430,24709,1
8430,28960,1
8431,23634,1
8432,6714,1
8432,15293,1
8432,23423,1
8432,30037,1
8433,18353,1
8433,23212,1
8434,23001,1
8435,22790,1
8435,29741,1
8436,22579,1
8437,14780,1
8437,22368,1
8438,19544,1
8438,22157,1
8439,8862,1
8439,21946,1
8440,21735,1
8441,21524,1
8441,21537,1
8442,10534,1
8442,14451,1
8442,20384,1
8442,21313,1
8443,21102,1
8444,20891,1
8445,12101,1
8445,20680,1
8445,26453,1
8446,20469,1
8446,31956,1
8447,20258,1
8448,20047,1
8448,29067,1
8449,18743,1
8449,19836,1
8449,30870,1
8450,7999,1
8450,19625,1
8451,17919,1
8451,19414,1
8452,5846,1
8452,19203,1
8453,18992,1
8453,20259,1
8454,18781,1
8455,18570,1
8456,16614,1
8456,18359,1
8457,18148,1
8458,17937,1
8459,17726,1
8460,3829,1
8460,17515,1
8461,17304,1
8462,17093,1
8463,8317,1
8463,16882,1
8464,6969,1
8464,16671,1
8464,24466,1
8464,26446,1
8465,1677,1
8465,16460,1
8466,16249,1
8467,16038,1
8467,30254,1
8468,15827,1
8469,7048,1
8469,15616,1
8470,15405,1
8470,32666,1
8471,15194,1
8472,3723,1
8472,14879,1
8472,14983,1
8472,28441,1
8473,183,1
8473,14772,1
8473,22888,1
8473,23022,1
8474,14561,1
8474,29561,1
8475,14350,1
8475,23142,1
8476,14139,1
8476,19869,1
8476,22613,1
8477,13928,1
8478,13717,1
8478,26988,1
8479,4742,1
8479,13506,1
8480,5487,1
8480,13295,1
8481,2665,1
8481,13084,1
8481,23131,1
8482,5960,1
8482,12873,1
8483,12662,1
8484,2264,1
8484,7012,1
8484,7403,1
8484,12451,1
8485,12240,1
8486,12029,1
8486,19527,1
8487,11818,1
8487,23819,1
8488,11607,1
8489,9413,1
8489,11396,1
8490,11185,1
8491,10974,1
8491,16985,1
8491,24485,1
8492,9000,1
8492,10763,1
8492,26937,1
8493,10552,1
8493,27844,1
8494,10341,1
8495,10130,1
8495,28678,1
8496,9919,1
8496,10645,1
8496,31650,1
8497,517,1
8497,9708,1
8497,9953,1
8498,9497,1
8498,22271,1
8499,9286,1
8500,9075,1
8500,11991,1
8500,12158,1
8500,19535,1
8501,8864,1
8501,18102,1
8501,31974,1
8502,8653,1
8502,14573,1
8503,8442,1
8504,8231,1
8504,27479,1
8505,8020,1
8505,23440,1
8506,7809,1
8507,7598,1
8507,22873,1
8508,7387,1
8509,1766,1
8509,7176,1
8509,14927,1
8510,2560,1
8510,6965,1
8511,6754,1
8512,6300,1
8512,6543,1
8512,24688,1
8513,6332,1
8513,12716,1
8514,6121,1
8514,23905,1
8515,3083,1
8515,5910,1
8516,5699,1
8516,17668,1
8517,5488,1
8517,29139,1
8518,5277,1
8518,10500,1
8519,5066,1
8519,16533,1
8519,24046,1
8520,4855,1
8521,4644,1
8521,6782,1
8521,18639,1
8522,4433,1
8523,4222,1
8523,13599,1
8524,4011,1
8524,10497,1
8524,20808,1
8524,21905,1
8525,3800,1
8525,18656,1
8526,3589,1
8527,3378,1
8527,14948,1
8528,2355,1
8528,3167,1
8528,24175,1
8529,2956,1
8530,2745,1
8530,9213,1
8530,20710,1
8530,21997,1
8531,2534,1
8532,2323,1
8533,2112,1
8533,14210,1
8534,1901,1
8535,1690,1
8536,1479,1
8537,1268,1
8537,10064,1
8538,1057,1
8539,846,1
8540,635,1
8540,14435,1
8540,24737,1
8541,424,1
8541,14534,1
8541,19712,1
8541,19765,1
8542,213,1
8543,2,1
8543,23814,1
8544,9360,1
8544,32559,1
8545,1613,1
8545,10270,1
8545,14054,1
8545,32348,1
8546,17129,1
8546,18465,1
8546,19616,1
8546,32137,1
8547,5714,1
8547,31926,1
8548,1636,1
8548,30386,1
8548,31715,1
8549,31504,1
8550,31293,1
8551,7597,1
8551,17119,1
8551,31082,1
8552,25983,1
8552,27276,1
8552,30871,1
8553,30660,1
8554,30449,1
8555,30238,1
8556,30027,1
8557,2142,1
8557,29816,1
8558,23677,1
8558,24758,1
8558,29605,1
8559,8668,1
8559,29394,1
8560,24085,1
8560,29183,1
8561,28972,1
8562,11068,1
8562,28761,1
8563,12506,1
8563,28550,1
8564,28339,1
8565,28128,1
8566,27917,1
8567,1930,1
8567,27706,1
8568,14704,1
8568,27495,1
8568,28184,1
8569,21195,1
8569,27284,1
8570,27073,1
8571,26862,1
8572,12787,1
8572,26651,1
8573,1598,1
8573,20903,1
8573,26440,1
8574,9030,1
8574,26229,1
8575,9319,1
8575,26018,1
8576,1798,1
8576,24281,1
8576,25807,1
8577,25596,1
8578,12536,1
8578,25385,1
8579,11328,1
8579,25174,1
8580,24963,1
8580,25657,1
8581,22415,1
8581,24752,1
8582,1564,1
8582,4838,1
8582,24195,1
8582,24541,1
8583,6585,1
8583,24330,1
8583,28570,1
8584,12243,1
8584,24119,1
8585,23908,1
8586,1095,1
8586,1114,1
8586,23697,1
8587,23486,1
8588,14590,1
8588,23275,1
8589,23064,1
8590,15415,1
8590,22853,1
8591,1765,1
8591,22642,1
8592,18462,1
8592,22431,1
8593,6429,1
8593,22220,1
8594,22009,1
8594,28183,1
8595,77,1
8595,21798,1
8596,380,1
8596,2775,1
8596,10783,1
8596,21587,1
8597,21376,1
8598,21165,1
8599,20954,1
8600,10982,1
8600,20743,1
8601,16180,1
8601,18673,1
8601,20532,1
8601,25720,1
8602,15060,1
8602,20321,1
8602,22758,1
8603,12492,1
8603,16244,1
8603,20110,1
8604,12182,1
8604,19899,1
8605,19688,1
8606,19477,1
8607,19266,1
8608,13905,1
8608,19055,1
8609,18844,1
8609,26934,1
8610,7592,1
8610,18633,1
8611,10309,1
8611,18422,1
8611,25830,1
8612,1895,1
8612,4730,1
8612,5832,1
8612,18211,1
8613,1967,1
8613,18000,1
8613,18037,1
8613,26787,1
8614,17789,1
8614,23678,1
8614,30628,1
8615,12048,1
8615,17578,1
8616,17367,1
8617,5584,1
8617,17156,1
8618,16945,1
8619,16734,1
8620,16523,1
8621,16312,1
8621,18815,1
8622,16101,1
8623,15890,1
8623,24763,1
8623,29711,1
8624,15679,1
8625,15468,1
8626,7238,1
8626,15257,1
8626,16108,1
8627,6621,1
8627,14909,1
8627,15046,1
8627,15816,1
8628,14835,1
8629,14624,1
8630,1212,1
8630,14413,1
8631,4958,1
8631,14202,1
8632,3045,1
8632,13991,1
8632,21857,1
8632,29451,1
8633,13780,1
8634,1706,1
8634,13569,1
8635,598,1
8635,13358,1
8635,26334,1
8636,308,1
8636,13147,1
8637,4566,1
8637,12936,1
8637,13956,1
8638,12725,1
8638,19455,1
8639,12514,1
8639,12995,1
8640,12303,1
8641,12092,1
8641,22995,1
8642,11881,1
8642,27673,1
8643,11670,1
8644,11459,1
8644,14237,1
8645,11248,1
8646,11037,1
8647,10826,1
8648,10615,1
8649,10404,1
8649,30029,1
8650,9186,1
8650,10193,1
8651,605,1
8651,9982,1
8651,20296,1
8651,31971,1
8652,9771,1
8652,30999,1
8652,32481,1
8653,9560,1
8653,21933,1
8654,9349,1
8655,9138,1
8655,12738,1
8656,8927,1
8657,8716,1
8658,8505,1
8659,8294,1
8659,25959,1
8659,30330,1
8660,4782,1
8660,8083,1
8661,7872,1
8662,7661,1
8662,13784,1
8662,16786,1
8663,7450,1
8663,31138,1
8664,7239,1
8664,22048,1
8665,7028,1
8665,27621,1
8666,6817,1
8667,6606,1
8667,15466,1
8668,5398,1
8668,6395,1
8668,29986,1
8669,6184,1
8669,8951,1
8670,5973,1
8671,5762,1
8671,23215,1
8671,25064,1
8671,27506,1
8671,32440,1
8672,3543,1
8672,5551,1
8673,5340,1
8673,24569,1
8673,32377,1
8674,5129,1
8674,9970,1
8675,1788,1
8675,4918,1
8676,4707,1
8676,13749,1
8677,634,1
8677,3288,1
8677,4496,1
8677,18251,1
8678,4285,1
8679,4062,1
8679,4074,1
8679,8138,1
8680,3863,1
8680,7362,1
8681,3652,1
8681,5993,1
8681,16766,1
8682,3441,1
8683,3230,1
8683,29691,1
8684,3019,1
8684,5657,1
8684,13524,1
8684,13740,1
8684,14711,1
8685,2808,1
8686,2597,1
8686,25250,1
8687,2386,1
8687,15377,1
8688,2175,1
8688,6384,1
8688,24762,1
8689,1964,1
8689,4999,1
8689,9455,1
8689,10777,1
8690,1753,1
8690,9199,1
8691,1542,1
8691,6980,1
8691,22349,1
8691,30423,1
8692,1331,1
8692,21284,1
8693,1120,1
8693,5852,1
8694,909,1
8694,2301,1
8695,698,1
8695,32502,1
8696,487,1
8696,25070,1
8697,276,1
8697,11616,1
8697,11987,1
8698,65,1
8699,31796,1
8699,32622,1
8700,12491,1
8700,32411,1
8701,32200,1
8702,31989,1
8703,3427,1
8703,26959,1
8703,31778,1
8704,6929,1
8704,31567,1
8705,438,1
8705,27629,1
8705,31356,1
8706,12561,1
8706,31145,1
8707,6617,1
8707,23990,1
8707,30934,1
8708,4852,1
8708,30723,1
8709,30512,1
8710,23104,1
8710,30301,1
8711,30090,1
8712,29879,1
8713,5119,1
8713,29668,1
8714,20144,1
8714,28756,1
8714,29457,1
8714,30363,1
8715,16381,1
8715,29246,1
8716,1567,1
8716,14610,1
8716,29035,1
8717,28824,1
8718,28613,1
8719,1337,1
8719,4403,1
8719,28402,1
8720,28191,1
8721,14073,1
8721,27980,1
8721,28533,1
8722,1343,1
8722,10697,1
8722,15484,1
8722,27769,1
8723,27558,1
8724,10028,1
8724,27347,1
8724,32763,1
8725,21665,1
8725,27136,1
8725,30991,1
8726,26925,1
8727,26714,1
8728,5433,1
8728,5675,1
8728,9403,1
8728,26503,1
8729,3099,1
8729,3498,1
8729,20094,1
8729,26292,1
8730,26081,1
8731,25870,1
8732,25659,1
8733,25448,1
8734,13295,1
8734,25094,1
8734,25237,1
8735,25026,1
8736,24815,1
8737,3401,1
8737,24604,1
8737,31143,1
8738,24393,1
8739,24182,1
8740,23971,1
8741,1886,1
8741,17403,1
8741,23760,1
8742,23549,1
8742,28352,1
8743,11401,1
8743,23338,1
8744,9347,1
8744,23127,1
8745,22916,1
8746,2475,1
8746,5883,1
8746,22705,1
8747,10278,1
8747,22494,1
8747,26713,1
8748,22283,1
8749,22072,1
8749,30380,1
8750,21861,1
8751,21650,1
8752,5271,1
8752,21439,1
8752,25629,1
8753,21228,1
8754,21017,1
8754,32473,1
8755,20806,1
8756,20595,1
8756,30187,1
8757,7802,1
8757,20384,1
8758,20173,1
8759,14741,1
8759,19962,1
8759,26625,1
8760,8696,1
8760,19751,1
8761,19540,1
8762,11172,1
8762,19329,1
8762,24013,1
8762,26120,1
8763,19118,1
8763,23977,1
8764,18907,1
8765,10439,1
8765,18696,1
8766,18485,1
8767,18274,1
8768,18063,1
8769,5245,1
8769,17852,1
8770,17641,1
8770,22842,1
8770,26656,1
8771,1308,1
8771,17430,1
8772,1286,1
8772,7563,1
8772,17219,1
8773,17008,1
8774,4016,1
8774,15155,1
8774,16797,1
8775,16586,1
8776,2798,1
8776,10652,1
8776,16375,1
8777,16164,1
8777,29252,1
8778,15953,1
8779,15742,1
8780,15531,1
8781,15320,1
8781,15604,1
8782,5747,1
8782,15109,1
8783,14898,1
8784,13221,1
8784,14687,1
8785,2177,1
8785,14476,1
8786,14265,1
8786,19342,1
8786,32261,1
8787,12963,1
8787,14054,1
8787,19669,1
8787,24998,1
8788,13843,1
8789,13632,1
8790,13421,1
8790,25633,1
8791,13210,1
8792,12999,1
8793,3347,1
8793,12788,1
8793,29429,1
8794,12577,1
8794,28536,1
8795,8536,1
8795,12366,1
8796,12155,1
8797,11944,1
8797,15416,1
8798,3269,1
8798,8309,1
8798,11733,1
8798,16042,1
8799,11522,1
8799,30217,1
8800,5591,1
8800,6128,1
8800,11311,1
8801,11100,1
8802,10889,1
8802,17322,1
8802,30277,1
8803,3044,1
8803,10678,1
8803,11869,1
8804,5623,1
8804,10467,1
8804,25183,1
8804,30977,1
8805,10256,1
8806,2290,1
8806,10045,1
8806,10958,1
8806,15700,1
8806,24277,1
8806,28695,1
8807,9834,1
8807,28961,1
8808,9623,1
8808,14545,1
8809,9412,1
8810,9201,1
8811,8990,1
8811,23760,1
8812,8779,1
8812,10251,1
8813,4126,1
8813,8568,1
8814,1160,1
8814,8357,1
8814,19884,1
8815,8146,1
8815,20944,1
8816,7935,1
8817,7724,1
8817,11072,1
8817,26617,1
8818,7513,1
8818,18289,1
8818,18992,1
8818,26675,1
8819,7302,1
8820,7091,1
8820,24006,1
8821,6880,1
8822,6669,1
8822,32547,1
8823,6458,1
8823,11623,1
8824,6247,1
8825,6036,1
8826,5825,1
8827,70,1
8827,5614,1
8827,28862,1
8827,32312,1
8828,5403,1
8828,22106,1
8829,5192,1
8830,4981,1
8830,27509,1
8831,4770,1
8831,4900,1
8831,25236,1
8832,4559,1
8832,16231,1
8833,4348,1
8833,31202,1
8834,4137,1
8835,3926,1
8836,3715,1
8837,3504,1
8837,18561,1
8837,32748,1
8838,3293,1
8839,3082,1
8839,16944,1
8839,21263,1
8840,2871,1
8841,2616,1
8841,2660,1
8842,2449,1
8842,19068,1
8842,24550,1
8842,29977,1
8843,2238,1
8844,2027,1
8845,1816,1
8846,1605,1
8847,1394,1
8848,1183,1
8848,31089,1
8848,31961,1
8849,972,1
8850,761,1
8850,1009,1
8850,10738,1
8851,550,1
8851,7231,1
8852,339,1
8852,1462,1
8852,6531,1
8853,128,1
8853,3714,1
8853,29169,1
8854,24094,1
8854,32685,1
8855,19847,1
8855,22178,1
8855,32474,1
8856,12116,1
8856,25805,1
8856,30639,1
8856,32263,1
8857,30118,1
8857,32052,1
8858,31841,1
8859,31630,1
8860,430,1
8860,31419,1
8861,8843,1
8861,9715,1
8861,31208,1
8862,29181,1
8862,30997,1
8863,14350,1
8863,15672,1
8863,24902,1
8863,30786,1
8863,31514,1
8864,9304,1
8864,30575,1
8865,30364,1
8866,2455,1
8866,30153,1
8866,32498,1
8867,29942,1
8868,29731,1
8869,29520,1
8870,29309,1
8871,20464,1
8871,29098,1
8872,1153,1
8872,14282,1
8872,28887,1
8873,3821,1
8873,14246,1
8873,28676,1
8874,28465,1
8875,14418,1
8875,28254,1
8876,6840,1
8876,17067,1
8876,28043,1
8877,7242,1
8877,20769,1
8877,27832,1
8878,27621,1
8878,29495,1
8879,4309,1
8879,27410,1
8879,29068,1
8880,27199,1
8881,18414,1
8881,26988,1
8882,26777,1
8883,8568,1
8883,13887,1
8883,15832,1
8883,26566,1
8884,6677,1
8884,26355,1
8885,26144,1
8885,27353,1
8886,13503,1
8886,25933,1
8886,28072,1
8887,9253,1
8887,25722,1
8888,12377,1
8888,25511,1
8889,20828,1
8889,25300,1
8890,25089,1
8890,26104,1
8891,1939,1
8891,24878,1
8892,24667,1
8893,24456,1
8893,27056,1
8894,24245,1
8895,4050,1
8895,15455,1
8895,24034,1
8896,23823,1
8897,8621,1
8897,23612,1
8898,15788,1
8898,23401,1
8899,15836,1
8899,18860,1
8899,23190,1
8899,28051,1
8900,22979,1
8900,26547,1
8901,21027,1
8901,22768,1
8902,21,1
8902,22557,1
8903,22346,1
8904,22135,1
8905,21924,1
8906,21713,1
8906,26516,1
8907,21502,1
8908,21291,1
8908,30179,1
8909,13561,1
8909,21080,1
8910,20869,1
8911,20658,1
8911,29942,1
8912,11441,1
8912,20447,1
8913,12036,1
8913,20236,1
8913,23768,1
8914,20025,1
8914,23484,1
8915,19814,1
8916,17466,1
8916,19603,1
8916,19953,1
8916,22927,1
8917,19392,1
8917,19503,1
8918,19181,1
8919,18970,1
8920,5838,1
8920,18759,1
8921,18548,1
8922,4757,1
8922,18337,1
8923,18126,1
8924,17915,1
8925,8150,1
8925,17704,1
8925,20188,1
8925,30048,1
8926,4894,1
8926,17493,1
8927,1676,1
8927,13699,1
8927,17282,1
8928,1250,1
8928,13756,1
8928,17071,1
8929,2211,1
8929,16860,1
8930,5655,1
8930,6515,1
8930,16649,1
8931,16438,1
8932,16227,1
8932,32448,1
8933,16016,1
8934,15805,1
8934,28479,1
8935,8256,1
8935,15594,1
8935,18793,1
8936,15383,1
8936,32128,1
8937,15172,1
8937,18708,1
8938,14961,1
8938,21853,1
8939,14750,1
8940,2853,1
8940,14539,1
8940,27727,1
8941,8870,1
8941,14328,1
8941,16812,1
8941,24568,1
8942,5327,1
8942,14117,1
8942,19854,1
8943,13906,1
8944,13695,1
8945,8675,1
8945,13484,1
8946,6932,1
8946,13273,1
8946,18492,1
8947,2793,1
8947,5491,1
8947,13062,1
8947,31830,1
8948,12851,1
8949,12640,1
8949,18642,1
8950,12429,1
8950,13710,1
8951,12218,1
8951,19440,1
8951,19609,1
8952,12007,1
8953,11796,1
8954,8477,1
8954,11585,1
8955,6245,1
8955,11374,1
8955,19000,1
8956,3489,1
8956,11163,1
8956,20688,1
8956,31445,1
8957,693,1
8957,10952,1
8957,21641,1
8958,10741,1
8958,11210,1
8959,10530,1
8960,4936,1
8960,8158,1
8960,10319,1
8960,23602,1
8961,10108,1
8961,21638,1
8962,9897,1
8962,11500,1
8963,9686,1
8964,4604,1
8964,9475,1
8964,25713,1
8965,9264,1
8965,12790,1
8965,13254,1
8965,13929,1
8965,18724,1
8966,5121,1
8966,9053,1
8966,10418,1
8966,14607,1
8966,15112,1
8967,8842,1
8967,15249,1
8967,25267,1
8968,8631,1
8969,8420,1
8969,8503,1
8969,21985,1
8970,8209,1
8971,7998,1
8971,30605,1
8972,7787,1
8973,7576,1
8973,32568,1
8974,7365,1
8974,18452,1
8975,7154,1
8976,6943,1
8976,9558,1
8976,9804,1
8977,6732,1
8977,13636,1
8977,31325,1
8977,31492,1
8978,5705,1
8978,6521,1
8979,6310,1
8979,12392,1
8979,16874,1
8979,29280,1
8980,6099,1
8981,5888,1
8982,5677,1
8983,3561,1
8983,5466,1
8984,2446,1
8984,5255,1
8985,3777,1
8985,5044,1
8985,7457,1
8985,31875,1
8986,4833,1
8987,4622,1
8988,4411,1
8988,8130,1
8988,16034,1
8989,4200,1
8990,3989,1
8991,3778,1
8991,4008,1
8992,3080,1
8992,3567,1
8993,3356,1
8994,3145,1
8994,4811,1
8995,2934,1
8995,11079,1
8996,2723,1
8997,2512,1
8998,2301,1
8998,3622,1
8999,2090,1
8999,3700,1
8999,4350,1
8999,6967,1
8999,14874,1
8999,18920,1
8999,29050,1
9000,1879,1
9000,9467,1
9000,30174,1
9001,1668,1
9001,14064,1
9001,16491,1
9001,18817,1
9002,1457,1
9003,1246,1
9004,1035,1
9005,824,1
9006,613,1
9006,23010,1
9007,402,1
9007,28047,1
9008,191,1
9008,18358,1
9008,23705,1
9009,1506,1
9009,32748,1
9010,7096,1
9010,32537,1
9011,32326,1
9012,6070,1
9012,32115,1
9012,32425,1
9013,31904,1
9014,18098,1
9014,31693,1
9015,22385,1
9015,31482,1
9016,31271,1
9017,151,1
9017,31060,1
9018,27625,1
9018,30849,1
9019,30638,1
9020,17105,1
9020,30427,1
9021,5456,1
9021,12417,1
9021,14731,1
9021,14834,1
9021,30216,1
9022,20004,1
9022,23333,1
9022,30005,1
9023,21876,1
9023,29794,1
9024,29583,1
9025,19546,1
9025,28161,1
9025,29372,1
9026,29161,1
9027,28950,1
9028,20914,1
9028,28739,1
9029,1959,1
9029,28528,1
9030,6160,1
9030,28317,1
9031,26376,1
9031,28106,1
9032,27895,1
9033,27684,1
9033,27987,1
9034,11165,1
9034,26534,1
9034,27473,1
9035,3105,1
9035,14660,1
9035,27262,1
9036,27051,1
9037,13922,1
9037,15219,1
9037,26840,1
9038,26629,1
9039,3284,1
9039,26418,1
9040,1498,1
9040,26207,1
9041,1135,1
9041,25996,1
9041,26142,1
9042,25785,1
9043,5667,1
9043,25574,1
9044,25363,1
9045,8057,1
9045,17929,1
9045,25152,1
9046,22796,1
9046,24941,1
9047,16514,1
9047,24730,1
9048,20354,1
9048,24519,1
9048,25101,1
9049,3238,1
9049,20087,1
9049,24308,1
9049,28572,1
9050,24097,1
9050,25265,1
9051,23886,1
9052,23675,1
9053,877,1
9053,23464,1
9054,6319,1
9054,23253,1
9055,23042,1
9056,22831,1
9056,30439,1
9057,22620,1
9057,26935,1
9058,22409,1
9058,23195,1
9059,5346,1
9059,22198,1
9060,21987,1
9061,21776,1
9062,21565,1
9062,31558,1
9063,9805,1
9063,21354,1
9064,21143,1
9065,20932,1
9066,20721,1
9067,20510,1
9067,22217,1
9068,20299,1
9068,22659,1
9069,5081,1
9069,7241,1
9069,20088,1
9070,7724,1
9070,19877,1
9071,6280,1
9071,19666,1
9072,10421,1
9072,19455,1
9073,14458,1
9073,19244,1
9073,31307,1
9074,9207,1
9074,17681,1
9074,19033,1
9074,27620,1
9075,18822,1
9076,13775,1
9076,18611,1
9077,18400,1
9078,15066,1
9078,18189,1
9079,17978,1
9080,11864,1
9080,17767,1
9080,19588,1
9081,17556,1
9082,17345,1
9083,614,1
9083,17134,1
9084,16923,1
9084,23067,1
9084,26950,1
9084,29030,1
9085,13061,1
9085,16712,1
9086,16501,1
9087,38,1
9087,2743,1
9087,16290,1
9088,16079,1
9089,13505,1
9089,15868,1
9089,24142,1
9090,15657,1
9090,21489,1
9090,24851,1
9091,2470,1
9091,14978,1
9091,15446,1
9091,20749,1
9092,15235,1
9093,15024,1
9094,8997,1
9094,14813,1
9094,28944,1
9094,31973,1
9095,14602,1
9096,14391,1
9096,22024,1
9097,14180,1
9098,13969,1
9099,13758,1
9099,18176,1
9100,5828,1
9100,13547,1
9101,13336,1
9101,19038,1
9101,22383,1
9101,31759,1
9102,13125,1
9103,12914,1
9103,24390,1
9103,29118,1
9104,12703,1
9104,22263,1
9105,9635,1
9105,11171,1
9105,12492,1
9106,12281,1
9107,12070,1
9108,11859,1
9108,19600,1
9108,20210,1
9108,22953,1
9109,11648,1
9109,14336,1
9110,1737,1
9110,8583,1
9110,11437,1
9111,11226,1
9112,1420,1
9112,11015,1
9113,10804,1
9113,12895,1
9114,9950,1
9114,10593,1
9114,16537,1
9114,25056,1
9115,10382,1
9115,15925,1
9116,10171,1
9117,8909,1
9117,9960,1
9117,25214,1
9117,30797,1
9118,9749,1
9119,9538,1
9120,8287,1
9120,9327,1
9121,9116,1
9122,4435,1
9122,8905,1
9122,15940,1
9122,23349,1
9122,30341,1
9123,3486,1
9123,8694,1
9124,8483,1
9124,11772,1
9125,8272,1
9126,8061,1
9126,11505,1
9126,12288,1
9126,21542,1
9126,23444,1
9127,7850,1
9127,11438,1
9128,7639,1
9129,7428,1
9129,23733,1
9130,7217,1
9131,7006,1
9131,29953,1
9132,6795,1
9132,22220,1
9133,6584,1
9133,10914,1
9134,1738,1
9134,6373,1
9134,14684,1
9135,6162,1
9136,5951,1
9136,9332,1
9136,26807,1
9136,27530,1
9137,43,1
9137,5740,1
9137,20591,1
9138,993,1
9138,5529,1
9139,5318,1
9139,24365,1
9140,5107,1
9141,4896,1
9142,4685,1
9143,4474,1
9143,18122,1
9144,4263,1
9144,9841,1
9145,4052,1
9145,11986,1
9146,3841,1
9146,10573,1
9147,3630,1
9147,22855,1
9148,3419,1
9148,32273,1
9149,3208,1
9149,16787,1
9150,2997,1
9150,17408,1
9150,27481,1
9151,2786,1
9152,2575,1
9153,2364,1
9154,2153,1
9154,20515,1
9155,1942,1
9156,1731,1
9156,2886,1
9156,16532,1
9157,1520,1
9157,32229,1
9158,1309,1
9158,27869,1
9159,1098,1
9159,28251,1
9160,887,1
9161,676,1
9162,465,1
9163,254,1
9164,43,1
9165,20996,1
9165,32600,1
9166,1574,1
9166,32389,1
9167,32178,1
9168,31967,1
9169,7613,1
9169,21505,1
9169,31756,1
9170,31545,1
9171,31334,1
9172,13430,1
9172,31123,1
9173,30912,1
9174,19249,1
9174,30701,1
9175,30490,1
9176,30279,1
9177,4630,1
9177,30068,1
9178,23747,1
9178,29857,1
9178,32189,1
9179,29646,1
9179,32560,1
9180,19248,1
9180,29435,1
9181,5999,1
9181,7947,1
9181,29224,1
9182,8685,1
9182,29013,1
9183,18814,1
9183,28802,1
9184,2826,1
9184,20413,1
9184,28591,1
9185,28380,1
9186,4557,1
9186,28169,1
9187,7700,1
9187,11470,1
9187,27958,1
9188,1732,1
9188,27747,1
9189,27536,1
9189,29365,1
9190,27325,1
9191,12939,1
9191,27114,1
9191,29422,1
9192,26903,1
9193,22845,1
9193,26692,1
9194,20343,1
9194,26481,1
9195,14152,1
9195,26270,1
9196,10284,1
9196,14897,1
9196,26059,1
9196,26346,1
9196,29590,1
9197,10143,1
9197,19330,1
9197,25848,1
9197,30981,1
9198,25637,1
9198,26503,1
9198,31408,1
9199,25426,1
9200,21991,1
9200,25215,1
9201,25004,1
9202,24793,1
9203,3175,1
9203,24582,1
9204,17274,1
9204,24371,1
9204,32592,1
9205,23056,1
9205,24160,1
9206,6136,1
9206,9617,1
9206,23363,1
9206,23949,1
9206,30097,1
9207,12472,1
9207,12667,1
9207,14542,1
9207,23738,1
9208,23527,1
9208,25136,1
9209,1616,1
9209,23316,1
9210,23105,1
9210,25651,1
9211,7713,1
9211,11066,1
9211,22894,1
9211,24505,1
9212,22683,1
9212,27769,1
9213,22472,1
9213,31134,1
9214,11466,1
9214,22261,1
9215,15349,1
9215,22050,1
9215,32608,1
9216,21839,1
9216,31857,1
9217,12733,1
9217,21628,1
9218,653,1
9218,21417,1
9219,20034,1
9219,21206,1
9219,30819,1
9220,6042,1
9220,20995,1
9221,8938,1
9221,20784,1
9222,20573,1
9222,27537,1
9223,20362,1
9224,20151,1
9225,19940,1
9226,19729,1
9227,8839,1
9227,10689,1
9227,14353,1
9227,19518,1
9227,30661,1
9227,31624,1
9228,19307,1
9229,19096,1
9230,18885,1
9230,29777,1
9231,18674,1
9232,18463,1
9232,28344,1
9233,18252,1
9233,18972,1
9234,18041,1
9234,32520,1
9235,17830,1
9236,17619,1
9237,16634,1
9237,17408,1
9237,24832,1
9238,17197,1
9239,39,1
9239,16986,1
9240,1570,1
9240,16775,1
9241,3820,1
9241,7323,1
9241,16564,1
9241,23396,1
9242,16353,1
9243,16142,1
9244,10364,1
9244,15931,1
9244,30600,1
9245,1691,1
9245,14429,1
9245,15720,1
9246,15509,1
9247,15298,1
9247,27668,1
9248,15087,1
9249,14852,1
9249,14876,1
9250,5936,1
9250,14665,1
9250,20316,1
9251,14454,1
9252,14243,1
9253,14032,1
9253,21631,1
9253,23926,1
9254,10004,1
9254,12474,1
9254,13821,1
9255,5486,1
9255,13610,1
9255,29854,1
9256,13399,1
9257,2498,1
9257,13188,1
9257,19730,1
9258,12977,1
9259,12766,1
9260,12555,1
9260,14755,1
9260,31573,1
9261,12344,1
9261,13360,1
9262,12133,1
9263,11846,1
9263,11922,1
9263,19628,1
9264,11711,1
9264,30987,1
9265,11500,1
9265,11926,1
9266,11289,1
9267,11078,1
9268,10867,1
9269,10656,1
9269,24056,1
9269,28483,1
9270,10445,1
9270,29512,1
9270,30832,1
9271,10234,1
9271,12205,1
9272,10023,1
9273,9485,1
9273,9812,1
9273,32065,1
9274,9601,1
9274,11734,1
9274,20224,1
9275,9390,1
9275,20910,1
9276,9179,1
9277,8968,1
9277,26857,1
9278,8757,1
9279,8546,1
9280,8335,1
9281,8124,1
9281,13394,1
9281,23985,1
9282,6602,1
9282,7913,1
9283,6837,1
9283,7702,1
9284,995,1
9284,1907,1
9284,7491,1
9284,9435,1
9285,3949,1
9285,7280,1
9285,13243,1
9285,14227,1
9285,23318,1
9286,7069,1
9286,8973,1
9287,6858,1
9288,6647,1
9288,24942,1
9289,2051,1
9289,6436,1
9289,20701,1
9290,6225,1
9290,19761,1
9290,20608,1
9291,6014,1
9292,5803,1
9293,5592,1
9293,9261,1
9293,20916,1
9294,3242,1
9294,5381,1
9294,18997,1
9295,5170,1
9295,7974,1
9296,4959,1
9297,4748,1
9298,4537,1
9298,6029,1
9298,24698,1
9299,4326,1
9299,12871,1
9300,4115,1
9301,3904,1
9302,3693,1
9303,3482,1
9303,3926,1
9303,20209,1
9304,3271,1
9305,3060,1
9305,19313,1
9306,2849,1
9306,14812,1
9307,2638,1
9308,2427,1
9309,2216,1
9309,2426,1
9310,231,1
9310,2005,1
9310,10234,1
9311,1794,1
9311,6285,1
9311,28087,1
9312,1583,1
9312,10277,1
9313,1372,1
9313,3358,1
9313,5651,1
9313,21043,1
9314,1161,1
9314,23037,1
9315,950,1
9315,3804,1
9315,19556,1
9316,739,1
9316,22568,1
9316,25736,1
9317,528,1
9317,31276,1
9318,317,1
9318,22668,1
9318,28714,1
9319,106,1
9319,5316,1
9320,12998,1
9320,30329,1
9320,32663,1
9321,15007,1
9321,32452,1
9322,5842,1
9322,11778,1
9322,32241,1
9323,32030,1
9324,31819,1
9325,8700,1
9325,9092,1
9325,31608,1
9326,31397,1
9327,31186,1
9328,11462,1
9328,30975,1
9329,30764,1
9330,30553,1
9331,10845,1
9331,11979,1
9331,27413,1
9331,30342,1
9332,10384,1
9332,30131,1
9333,29742,1
9333,29920,1
9334,29709,1
9335,20879,1
9335,29498,1
9336,4355,1
9336,10427,1
9336,29287,1
9337,29076,1
9338,14971,1
9338,17521,1
9338,28865,1
9339,723,1
9339,28654,1
9340,637,1
9340,8319,1
9340,28443,1
9341,28101,1
9341,28232,1
9342,20685,1
9342,27977,1
9342,28021,1
9343,21484,1
9343,27810,1
9344,27599,1
9345,27388,1
9346,9764,1
9346,27177,1
9347,17631,1
9347,26966,1
9348,23900,1
9348,26755,1
9348,26797,1
9349,26544,1
9350,26333,1
9351,26122,1
9352,25911,1
9353,14440,1
9353,16354,1
9353,25700,1
9353,28783,1
9354,25489,1
9354,32020,1
9355,25278,1
9355,28010,1
9356,25067,1
9356,29130,1
9357,24856,1
9358,1867,1
9358,24632,1
9358,24645,1
9358,30150,1
9359,24434,1
9360,667,1
9360,17218,1
9360,24223,1
9361,24012,1
9362,23801,1
9363,13235,1
9363,23590,1
9364,23379,1
9365,9684,1
9365,23168,1
9365,24177,1
9366,22957,1
9367,22746,1
9368,8042,1
9368,8136,1
9368,12530,1
9368,22535,1
9369,10874,1
9369,22324,1
9370,3461,1
9370,7454,1
9370,22113,1
9370,22426,1
9371,21902,1
9372,21691,1
9373,2318,1
9373,21480,1
9373,30665,1
9374,13207,1
9374,21269,1
9375,2080,1
9375,21058,1
9376,20847,1
9377,20636,1
9377,31787,1
9378,20425,1
9379,12080,1
9379,20214,1
9380,18343,1
9380,20003,1
9380,24381,1
9381,19792,1
9382,2373,1
9382,19581,1
9382,25422,1
9383,19370,1
9384,17262,1
9384,17627,1
9384,19159,1
9385,18948,1
9386,18737,1
9387,18526,1
9388,18315,1
9389,13510,1
9389,18104,1
9390,14742,1
9390,17893,1
9391,17682,1
9392,17471,1
9392,22852,1
9393,10524,1
9393,17260,1
9394,17049,1
9394,21289,1
9395,2757,1
9395,11654,1
9395,16838,1
9395,19830,1
9395,26103,1
9395,26574,1
9396,16627,1
9397,3266,1
9397,16226,1
9397,16416,1
9398,5661,1
9398,16205,1
9399,7824,1
9399,15994,1
9400,15783,1
9401,3462,1
9401,15572,1
9401,27151,1
9402,7327,1
9402,15361,1
9402,18527,1
9403,15150,1
9403,29800,1
9404,6225,1
9404,9956,1
9404,14939,1
9405,14728,1
9406,14517,1
9406,17309,1
9406,18175,1
9407,3909,1
9407,14306,1
9408,2016,1
9408,8491,1
9408,14095,1
9409,13884,1
9409,24745,1
9409,24964,1
9410,13673,1
9410,22512,1
9410,31968,1
9411,13462,1
9412,13251,1
9412,30360,1
9413,13040,1
9413,28406,1
9414,5853,1
9414,12829,1
9414,19347,1
9414,25347,1
9414,29038,1
9415,10990,1
9415,12618,1
9415,31106,1
9416,12407,1
9416,24961,1
9417,12196,1
9418,11985,1
9419,10216,1
9419,11774,1
9419,17083,1
9419,24285,1
9420,11563,1
9421,11352,1
9422,10373,1
9422,11141,1
9423,10930,1
9424,10719,1
9425,10508,1
9426,10297,1
9427,8047,1
9427,10086,1
9427,21355,1
9428,6144,1
9428,9875,1
9428,24144,1
9428,24774,1
9428,31102,1
9429,9664,1
9429,22634,1
9429,23058,1
9429,24218,1
9430,9453,1
9430,25433,1
9431,9242,1
9432,3424,1
9432,9031,1
9432,21659,1
9433,8820,1
9434,8609,1
9434,28273,1
9434,28919,1
9435,8398,1
9435,11221,1
9435,18428,1
9436,8187,1
9436,10178,1
9437,7976,1
9438,7765,1
9438,23117,1
9439,7554,1
9440,7343,1
9440,22859,1
9441,7132,1
9442,6921,1
9443,6710,1
9443,25678,1
9444,6499,1
9445,6288,1
9445,8393,1
9445,18924,1
9445,24616,1
9446,6077,1
9447,5866,1
9447,6253,1
9448,5655,1
9449,5444,1
9450,5233,1
9451,5022,1
9451,12184,1
9451,23353,1
9451,27988,1
9452,1146,1
9452,4811,1
9452,14110,1
9453,4600,1
9454,4389,1
9455,4178,1
9455,16350,1
9455,27258,1
9456,3967,1
9457,3756,1
9457,32235,1
9458,3545,1
9459,3334,1
9459,8646,1
9459,13002,1
9459,21376,1
9460,3123,1
9460,15520,1
9460,16048,1
9461,2912,1
9462,2701,1
9463,2490,1
9464,1340,1
9464,2279,1
9464,6878,1
9464,7481,1
9465,2068,1
9466,1857,1
9466,7377,1
9467,1646,1
9467,9470,1
9467,29700,1
9468,1435,1
9469,1224,1
9469,13950,1
9470,1013,1
9470,16946,1
9471,802,1
9471,7418,1
9471,21754,1
9472,591,1
9473,380,1
9473,4565,1
9474,169,1
9475,30159,1
9475,32726,1
9476,15246,1
9476,19978,1
9476,32515,1
9477,10458,1
9477,16468,1
9477,32304,1
9478,20962,1
9478,32093,1
9479,31882,1
9480,10950,1
9480,19988,1
9480,31671,1
9481,10708,1
9481,16499,1
9481,24678,1
9481,31460,1
9482,31249,1
9482,31632,1
9483,20811,1
9483,31038,1
9484,30827,1
9485,29753,1
9485,30616,1
9486,15255,1
9486,30405,1
9487,30194,1
9488,21121,1
9488,29863,1
9488,29983,1
9489,694,1
9489,29772,1
9490,29561,1
9491,6148,1
9491,8828,1
9491,29350,1
9492,29139,1
9493,28928,1
9494,15367,1
9494,26338,1
9494,28717,1
9495,17401,1
9495,27127,1
9495,28506,1
9496,4457,1
9496,28295,1
9497,21776,1
9497,28084,1
9498,21603,1
9498,27873,1
9499,27662,1
9500,27451,1
9501,27240,1
9501,31745,1
9502,24005,1
9502,27029,1
9503,26818,1
9504,11663,1
9504,26607,1
9505,4934,1
9505,26396,1
9506,13132,1
9506,26185,1
9507,25974,1
9508,24036,1
9508,25763,1
9509,25552,1
9510,25341,1
9511,25130,1
9511,30088,1
9511,31664,1
9512,24919,1
9512,27332,1
9513,24708,1
9514,15674,1
9514,24497,1
9515,5652,1
9515,24286,1
9516,15577,1
9516,24075,1
9517,23864,1
9518,23653,1
9518,25758,1
9518,30728,1
9519,23442,1
9520,9438,1
9520,23231,1
9520,25341,1
9521,23020,1
9521,25591,1
9522,5337,1
9522,18704,1
9522,22809,1
9523,6254,1
9523,22598,1
9524,4206,1
9524,22387,1
9524,32169,1
9525,15309,1
9525,22176,1
9525,22545,1
9526,1743,1
9526,21965,1
9527,13277,1
9527,16340,1
9527,21754,1
9528,21543,1
9529,4287,1
9529,19060,1
9529,21332,1
9530,2054,1
9530,21121,1
9530,23556,1
9531,2331,1
9531,20910,1
9532,20699,1
9533,20488,1
9534,20277,1
9535,20066,1
9535,25562,1
9536,19855,1
9537,19644,1
9538,19433,1
9539,19222,1
9539,20793,1
9540,19011,1
9541,18800,1
9542,10888,1
9542,18589,1
9543,18378,1
9543,22500,1
9544,3812,1
9544,18167,1
9545,17956,1
9546,1248,1
9546,17745,1
9547,16748,1
9547,17534,1
9548,17323,1
9549,17112,1
9550,9176,1
9550,16901,1
9551,16690,1
9551,28245,1
9552,8151,1
9552,16479,1
9552,24535,1
9553,16268,1
9554,16057,1
9555,15846,1
9556,15635,1
9557,15424,1
9557,15631,1
9558,15213,1
9559,15002,1
9560,14791,1
9561,14580,1
9562,2890,1
9562,14369,1
9562,16030,1
9563,7197,1
9563,10049,1
9563,14158,1
9564,6632,1
9564,13947,1
9564,14298,1
9565,5240,1
9565,13736,1
9566,13525,1
9566,27187,1
9567,13314,1
9567,24690,1
9568,13103,1
9568,14723,1
9569,12816,1
9569,12892,1
9569,27602,1
9570,6776,1
9570,12681,1
9570,15815,1
9570,16861,1
9571,3465,1
9571,12349,1
9571,12470,1
9572,7392,1
9572,12259,1
9572,24757,1
9573,12048,1
9574,391,1
9574,11837,1
9575,11626,1
9576,3246,1
9576,11415,1
9576,25753,1
9577,11204,1
9577,13150,1
9578,10993,1
9579,10782,1
9580,10571,1
9580,24079,1
9581,10360,1
9582,6312,1
9582,10149,1
9582,14351,1
9583,9938,1
9583,16146,1
9584,9727,1
9585,2151,1
9585,9516,1
9585,20718,1
9586,9305,1
9587,9094,1
9588,8310,1
9588,8883,1
9588,17047,1
9589,8672,1
9590,8461,1
9590,23636,1
9591,8250,1
9591,13322,1
9592,8039,1
9592,25274,1
9593,7828,1
9593,27047,1
9594,7617,1
9594,14058,1
9594,32517,1
9595,7406,1
9595,13811,1
9596,7195,1
9596,12442,1
9596,27340,1
9597,6984,1
9598,5046,1
9598,6773,1
9599,6562,1
9600,3223,1
9600,6351,1
9601,6140,1
9601,27842,1
9602,5929,1
9603,5718,1
9604,5507,1
9605,5296,1
9605,24577,1
9606,1118,1
9606,5085,1
9607,4874,1
9607,28590,1
9608,3283,1
9608,4663,1
9609,934,1
9609,4452,1
9610,4241,1
9610,16840,1
9610,21679,1
9610,29023,1
9611,4030,1
9612,3819,1
9613,3608,1
9614,3397,1
9614,16209,1
9615,3186,1
9615,17448,1
9616,2975,1
9616,31258,1
9617,1623,1
9617,2764,1
9617,22424,1
9618,2553,1
9619,2342,1
9619,4963,1
9619,26229,1
9620,2131,1
9621,1920,1
9621,11303,1
9622,1709,1
9622,2840,1
9623,1498,1
9623,4556,1
9623,30317,1
9623,30845,1
9624,1287,1
9624,24984,1
9624,30905,1
9625,1076,1
9626,865,1
9626,3906,1
9626,4631,1
9627,654,1
9627,935,1
9628,443,1
9628,13110,1
9628,13353,1
9628,19049,1
9628,24019,1
9629,232,1
9629,10238,1
9629,14289,1
9629,24042,1
9630,21,1
9630,6754,1
9630,13914,1
9631,32578,1
9632,13770,1
9632,32367,1
9633,3599,1
9633,7977,1
9633,32156,1
9634,8555,1
9634,31945,1
9635,28254,1
9635,31734,1
9636,22727,1
9636,31523,1
9637,4103,1
9637,31312,1
9638,31101,1
9639,20548,1
9639,30890,1
9640,6338,1
9640,30679,1
9641,30468,1
9642,30257,1
9643,30046,1
9644,5444,1
9644,6665,1
9644,29835,1
9645,13826,1
9645,23359,1
9645,29624,1
9646,29413,1
9647,2546,1
9647,29202,1
9648,2252,1
9648,28991,1
9649,6105,1
9649,28780,1
9650,10255,1
9650,28569,1
9651,17264,1
9651,28358,1
9652,11750,1
9652,28147,1
9653,5969,1
9653,8299,1
9653,14809,1
9653,27936,1
9654,13538,1
9654,26908,1
9654,27725,1
9655,27514,1
9655,27744,1
9656,27303,1
9656,31715,1
9657,27092,1
9658,8727,1
9658,26881,1
9659,26670,1
9660,4036,1
9660,26459,1
9661,9098,1
9661,10744,1
9661,26248,1
9662,26037,1
9663,23679,1
9663,25826,1
9664,2294,1
9664,6493,1
9664,25615,1
9665,3359,1
9665,16923,1
9665,25404,1
9666,23457,1
9666,25193,1
9667,7758,1
9667,24982,1
9668,10756,1
9668,10926,1
9668,24771,1
9668,32116,1
9669,3111,1
9669,19576,1
9669,24560,1
9670,24349,1
9671,4645,1
9671,18416,1
9671,24138,1
9671,24467,1
9672,10007,1
9672,11059,1
9672,12082,1
9672,23927,1
9673,23716,1
9674,7181,1
9674,23505,1
9674,29278,1
9675,2212,1
9675,11670,1
9675,23294,1
9675,27542,1
9676,23083,1
9677,22471,1
9677,22872,1
9678,22661,1
9679,22450,1
9680,22239,1
9681,22028,1
9682,21817,1
9683,5626,1
9683,21606,1
9684,3960,1
9684,21395,1
9685,11082,1
9685,21184,1
9685,28098,1
9685,32237,1
9686,864,1
9686,20973,1
9686,28605,1
9687,17138,1
9687,20762,1
9688,19452,1
9688,20551,1
9689,4953,1
9689,12783,1
9689,20340,1
9690,11454,1
9690,20129,1
9690,31730,1
9691,19918,1
9691,31234,1
9692,2356,1
9692,19707,1
9693,17042,1
9693,19496,1
9693,21404,1
9694,19285,1
9694,30334,1
9695,19074,1
9695,29833,1
9696,18863,1
9697,18652,1
9698,18441,1
9699,18230,1
9700,18019,1
9701,17808,1
9702,165,1
9702,3206,1
9702,17597,1
9703,8985,1
9703,10986,1
9703,17386,1
9704,17175,1
9705,16964,1
9705,19618,1
9706,10582,1
9706,12548,1
9706,16753,1
9706,26401,1
9707,16542,1
9708,16291,1
9708,16331,1
9709,16120,1
9710,3877,1
9710,15909,1
9711,15698,1
9711,20524,1
9711,21884,1
9712,15487,1
9713,398,1
9713,2019,1
9713,15276,1
9713,22432,1
9714,15065,1
9715,14854,1
9716,429,1
9716,11690,1
9716,14643,1
9716,28284,1
9717,14432,1
9717,31308,1
9718,3231,1
9718,14221,1
9719,6690,1
9719,14010,1
9720,10875,1
9720,11286,1
9720,13799,1
9721,13588,1
9721,16864,1
9721,27639,1
9722,13377,1
9722,20648,1
9723,13166,1
9723,20669,1
9723,21561,1
9724,12955,1
9724,23944,1
9725,12744,1
9725,14685,1
9726,8542,1
9726,12533,1
9726,27188,1
9727,12322,1
9727,31491,1
9728,1940,1
9728,12111,1
9728,17791,1
9728,32353,1
9729,11900,1
9730,11689,1
9731,9756,1
9731,11478,1
9731,12534,1
9731,30705,1
9732,8290,1
9732,11267,1
9732,16613,1
9733,11056,1
9733,11297,1
9734,10845,1
9735,10634,1
9735,30851,1
9736,10423,1
9737,10212,1
9738,10001,1
9738,10817,1
9738,20719,1
9738,21200,1
9738,32528,1
9739,8654,1
9739,9790,1
9740,9579,1
9740,28740,1
9741,9043,1
9741,9368,1
9741,15436,1
9741,23088,1
9742,9157,1
9742,23557,1
9743,8946,1
9744,8735,1
9745,6954,1
9745,8524,1
9745,13180,1
9745,27327,1
9746,8313,1
9746,17613,1
9746,22564,1
9747,8102,1
9747,28774,1
9748,127,1
9748,3314,1
9748,7891,1
9748,30333,1
9749,7680,1
9750,7469,1
9751,5366,1
9751,7258,1
9751,23087,1
9752,7047,1
9753,6836,1
9754,6625,1
9754,30848,1
9755,6414,1
9756,6203,1
9756,13334,1
9757,5992,1
9758,2182,1
9758,5781,1
9759,5570,1
9760,5359,1
9761,5148,1
9761,7199,1
9761,8613,1
9762,4937,1
9762,14708,1
9762,28201,1
9763,4726,1
9763,27521,1
9763,30260,1
9764,4515,1
9764,11840,1
9765,4304,1
9765,23311,1
9766,4093,1
9766,12498,1
9767,3882,1
9767,15321,1
9767,29927,1
9768,3671,1
9768,15888,1
9769,3248,1
9769,3460,1
9769,18586,1
9770,3249,1
9770,25092,1
9771,3038,1
9771,13817,1
9772,2827,1
9772,26167,1
9773,2616,1
9773,7388,1
9773,8152,1
9773,20103,1
9774,2405,1
9774,5381,1
9774,17753,1
9774,20276,1
9774,23632,1
9774,28711,1
9774,30693,1
9775,2194,1
9775,14139,1
9775,15298,1
9775,17455,1
9776,1983,1
9776,16622,1
9777,1772,1
9777,17460,1
9777,29883,1
9778,1561,1
9779,1350,1
9779,14046,1
9779,20011,1
9779,28887,1
9780,1139,1
9780,2943,1
9781,928,1
9781,7292,1
9781,10474,1
9782,717,1
9782,8475,1
9782,12828,1
9783,506,1
9784,295,1
9784,25870,1
9785,84,1
9785,4690,1
9785,7937,1
9785,9585,1
9786,2845,1
9786,32641,1
9787,24848,1
9787,32430,1
9788,20152,1
9788,32219,1
9789,15515,1
9789,32008,1
9790,23379,1
9790,31797,1
9791,31586,1
9792,31375,1
9793,8512,1
9793,13632,1
9793,31164,1
9794,30953,1
9795,30742,1
9796,30531,1
9797,11724,1
9797,30320,1
9798,30109,1
9799,29898,1
9800,29687,1
9801,29476,1
9801,29549,1
9802,13027,1
9802,29265,1
9803,2460,1
9803,16271,1
9803,29054,1
9804,18071,1
9804,28843,1
9805,28632,1
9805,30348,1
9806,28421,1
9806,28946,1
9807,23366,1
9807,28210,1
9808,8080,1
9808,27999,1
9809,17206,1
9809,27788,1
9810,27577,1
9811,27366,1
9812,27155,1
9813,26944,1
9814,26733,1
9814,29478,1
9815,26522,1
9815,32083,1
9816,26311,1
9816,28613,1
9817,26100,1
9818,13159,1
9818,16206,1
9818,25889,1
9819,17027,1
9819,25678,1
9820,586,1
9820,17188,1
9820,25467,1
9821,14695,1
9821,25256,1
9822,22747,1
9822,25045,1
9823,1654,1
9823,24834,1
9824,15994,1
9824,24623,1
9824,32091,1
9825,9524,1
9825,24412,1
9826,16348,1
9826,24201,1
9826,29620,1
9827,23990,1
9828,21059,1
9828,23779,1
9828,31385,1
9829,23568,1
9829,23701,1
9830,7228,1
9830,23357,1
9831,6669,1
9831,23146,1
9832,22935,1
9832,23866,1
9833,22724,1
9834,22513,1
9835,21424,1
9835,22302,1
9836,17802,1
9836,22091,1
9836,24552,1
9837,21880,1
9837,25912,1
9838,21669,1
9839,21458,1
9840,12269,1
9840,21247,1
9841,21036,1
9842,497,1
9842,1493,1
9842,14744,1
9842,20825,1
9842,28787,1
9843,16062,1
9843,20614,1
9843,25365,1
9844,14521,1
9844,20403,1
9845,2687,1
9845,20192,1
9846,19981,1
9846,31216,1
9847,7861,1
9847,13855,1
9847,19770,1
9848,19559,1
9849,12032,1
9849,19348,1
9849,24515,1
9850,19137,1
9850,21891,1
9850,25637,1
9850,25807,1
9851,15089,1
9851,18926,1
9852,2300,1
9852,7132,1
9852,18715,1
9853,6651,1
9853,18504,1
9853,22756,1
9854,18293,1
9855,13218,1
9855,18082,1
9855,25355,1
9856,17871,1
9856,21030,1
9857,17660,1
9858,4453,1
9858,17449,1
9858,30565,1
9859,17238,1
9860,6480,1
9860,17027,1
9861,16816,1
9861,26355,1
9862,16605,1
9862,27693,1
9863,2208,1
9863,16394,1
9863,17694,1
9863,27820,1
9864,16183,1
9865,11560,1
9865,15972,1
9865,22615,1
9865,23038,1
9865,26544,1
9866,2186,1
9866,11999,1
9866,15761,1
9866,23762,1
9866,26898,1
9867,15550,1
9868,6545,1
9868,14570,1
9868,15339,1
9869,11089,1
9869,15128,1
9870,14917,1
9870,17972,1
9871,13677,1
9871,14706,1
9872,14495,1
9873,14284,1
9874,14073,1
9875,13862,1
9876,339,1
9876,13651,1
9876,21174,1
9877,13440,1
9877,17222,1
9878,8435,1
9878,13229,1
9878,13414,1
9879,12662,1
9879,13018,1
9880,10133,1
9880,12807,1
9881,12596,1
9882,12385,1
9882,22127,1
9882,23962,1
9883,1140,1
9883,1328,1
9883,12174,1
9884,11192,1
9884,11963,1
9885,11752,1
9886,6562,1
9886,11541,1
9887,11330,1
9888,11119,1
9888,30854,1
9889,627,1
9889,10908,1
9890,7471,1
9890,10103,1
9890,10697,1
9891,10486,1
9892,10275,1
9893,10064,1
9893,11684,1
9893,12978,1
9894,9853,1
9895,9642,1
9896,9431,1
9896,28758,1
9897,9220,1
9897,12894,1
9897,15907,1
9898,9009,1
9898,29715,1
9899,8798,1
9899,11715,1
9900,8587,1
9900,24317,1
9901,8376,1
9902,8165,1
9903,4935,1
9903,7954,1
9904,7743,1
9905,7532,1
9906,4978,1
9906,7321,1
9907,7110,1
9908,6899,1
9909,6688,1
9909,11807,1
9909,21740,1
9910,6477,1
9910,26021,1
9911,6266,1
9912,3619,1
9912,6055,1
9913,5844,1
9913,10533,1
9914,5633,1
9915,5422,1
9916,1784,1
9916,5211,1
9917,5000,1
9918,4789,1
9918,18184,1
9918,30979,1
9919,4578,1
9919,17561,1
9920,4367,1
9920,7040,1
9920,10560,1
9920,29101,1
9921,4156,1
9921,31094,1
9922,3945,1
9922,4138,1
9922,11584,1
9922,30909,1
9923,3734,1
9923,8192,1
9923,9670,1
9924,3523,1
9925,483,1
9925,3312,1
9925,14700,1
9925,20322,1
9925,26685,1
9926,2458,1
9926,3101,1
9926,8215,1
9927,1837,1
9927,2890,1
9928,2679,1
9929,2468,1
9930,2257,1
9931,2046,1
9932,1835,1
9933,1624,1
9933,21701,1
9934,1413,1
9935,1202,1
9936,991,1
9936,8934,1
9936,23259,1
9937,780,1
9937,19341,1
9938,569,1
9938,30416,1
9939,358,1
9940,147,1
9940,7846,1
9941,16198,1
9941,32221,1
9941,32704,1
9942,32493,1
9943,25938,1
9943,32282,1
9944,32071,1
9945,6358,1
9945,15924,1
9945,19887,1
9945,31860,1
9946,1835,1
9946,24631,1
9946,31649,1
9947,31438,1
9948,31227,1
9949,8867,1
9949,15814,1
9949,27784,1
9949,29771,1
9949,31016,1
9950,14264,1
9950,17745,1
9950,30805,1
9951,924,1
9951,30594,1
9951,31126,1
9952,30383,1
9953,7770,1
9953,30172,1
9954,29961,1
9955,1507,1
9955,11860,1
9955,26042,1
9955,29750,1
9956,13807,1
9956,29539,1
9957,4865,1
9957,29328,1
9958,20089,1
9958,29117,1
9959,9900,1
9959,28906,1
9960,16479,1
9960,28695,1
9960,32042,1
9961,3927,1
9961,8748,1
9961,28484,1
9962,28273,1
9963,28062,1
9964,27851,1
9965,27640,1
9965,31459,1
9966,6671,1
9966,27429,1
9967,26108,1
9967,27218,1
9968,27007,1
9969,18958,1
9969,26796,1
9970,22550,1
9970,26585,1
9971,3182,1
9971,26374,1
9972,7278,1
9972,7610,1
9972,26163,1
9973,25952,1
9974,25741,1
9975,23538,1
9975,25530,1
9975,29654,1
9976,10075,1
9976,25319,1
9977,15109,1
9977,25108,1
9977,26330,1
9978,24897,1
9979,24686,1
9980,21781,1
9980,24475,1
9981,6025,1
9981,7047,1
9981,10456,1
9981,13612,1
9981,14654,1
9981,24264,1
9982,11005,1
9982,24053,1
9983,23842,1
9984,11982,1
9984,23631,1
9985,81,1
9985,11424,1
9985,23420,1
9986,5191,1
9986,23209,1
9987,1074,1
9987,22998,1
9987,28979,1
9988,22787,1
9989,22576,1
9990,4671,1
9990,7932,1
9990,22365,1
9991,22154,1
9991,27547,1
9991,28986,1
9992,21943,1
9993,3667,1
9993,21732,1
9993,32475,1
9994,6385,1
9994,21521,1
9994,22097,1
9994,24238,1
9995,13145,1
9995,21310,1
9996,21099,1
9997,9040,1
9997,20888,1
9998,4315,1
9998,20677,1
9999,20466,1
10000,20255,1
10001,20044,1
10001,31422,1
10001,32504,1
10002,6869,1
10002,19833,1
10002,24975,1
10003,19622,1
10004,486,1
10004,19411,1
10005,19200,1
10006,18989,1
10007,487,1
10007,18778,1
10007,32460,1
10008,15595,1
10008,18567,1
10008,31152,1
10009,12086,1
10009,18356,1
10010,18145,1
10011,17934,1
10011,20111,1
10011,24876,1
10012,17723,1
10012,22795,1
10012,31513,1
10013,17512,1
10014,17301,1
10014,19252,1
10015,17090,1
10016,3475,1
10016,16879,1
10017,16668,1
10018,4281,1
10018,16457,1
10018,22238,1
10019,4045,1
10019,16246,1
10020,1745,1
10020,16035,1
10020,19744,1
10021,15824,1
10022,15613,1
10022,26693,1
10023,15402,1
10024,14670,1
10024,15191,1
10025,14980,1
10026,14769,1
10027,3072,1
10027,10401,1
10027,14558,1
10028,14347,1
10029,2420,1
10029,14136,1
10029,23277,1
10030,13925,1
10031,13714,1
10032,13503,1
10032,26835,1
10033,13292,1
10033,15713,1
10033,27934,1
10033,28341,1
10034,13081,1
10035,8556,1
10035,12870,1
10035,13744,1
10035,26353,1
10036,9774,1
10036,12659,1
10037,12448,1
10037,28422,1
10038,11329,1
10038,12237,1
10039,12026,1
10040,11815,1
10040,28543,1
10041,11604,1
10041,27144,1
10042,9535,1
10042,11393,1
10043,4925,1
10043,5415,1
10043,11182,1
10043,15002,1
10044,5173,1
10044,10971,1
10045,10760,1
10046,10549,1
10046,26426,1
10046,32476,1
10047,10338,1
10047,17225,1
10047,19498,1
10048,310,1
10048,10127,1
10048,27120,1
10049,9916,1
10050,9705,1
10051,5407,1
10051,9494,1
10052,9283,1
10052,26475,1
10053,3209,1
10053,9072,1
10054,8861,1
10054,20197,1
10055,8650,1
10056,8439,1
10057,1610,1
10057,5325,1
10057,8228,1
10057,27436,1
10057,30813,1
10057,32430,1
10058,8017,1
10059,7806,1
10060,7595,1
10060,7765,1
10061,7384,1
10062,1997,1
10062,7173,1
10063,6962,1
10064,6751,1
10065,6540,1
10065,14904,1
10065,29565,1
10066,6329,1
10067,6118,1
10068,5907,1
10069,5696,1
10069,21247,1
10070,5485,1
10070,20154,1
10071,5274,1
10071,20063,1
10072,5063,1
10072,16308,1
10073,4575,1
10073,4852,1
10073,15722,1
10074,4641,1
10075,4430,1
10076,4219,1
10076,6827,1
10076,11108,1
10076,14677,1
10077,4008,1
10077,18477,1
10078,3797,1
10078,5585,1
10078,15883,1
10079,3586,1
10079,22299,1
10080,3375,1
10081,3164,1
10081,7729,1
10081,23987,1
10082,2953,1
10083,2742,1
10083,19242,1
10084,2531,1
10084,9149,1
10085,2320,1
10085,32445,1
10086,2109,1
10086,23176,1
10087,1898,1
10087,13761,1
10088,1687,1
10089,1476,1
10090,1265,1
10091,1054,1
10092,843,1
10093,632,1
10093,22377,1
10094,421,1
10095,210,1
10095,2936,1
10095,15683,1
10096,4024,1
10096,32767,1
10097,32556,1
10098,204,1
10098,32345,1
10099,5745,1
10099,7066,1
10099,32134,1
10100,7380,1
10100,27301,1
10100,31923,1
10101,31712,1
10102,4289,1
10102,9947,1
10102,31501,1
10103,31290,1
10104,31079,1
10105,5749,1
10105,26379,1
10105,30868,1
10106,30657,1
10107,30446,1
10108,1887,1
10108,6195,1
10108,30235,1
10109,20085,1
10109,30024,1
10110,22,1
10110,29813,1
10111,5868,1
10111,29602,1
10112,29391,1
10112,30183,1
10113,12564,1
10113,15491,1
10113,29180,1
10114,28969,1
10115,7549,1
10115,28758,1
10116,23637,1
10116,28547,1
10117,3850,1
10117,28336,1
10118,17184,1
10118,17634,1
10118,24662,1
10118,28125,1
10119,15159,1
10119,26672,1
10119,27914,1
10120,27703,1
10121,27492,1
10122,27281,1
10123,4538,1
10123,27070,1
10124,26859,1
10125,24567,1
10125,26648,1
10126,7498,1
10126,22600,1
10126,26437,1
10127,14314,1
10127,26226,1
10128,6367,1
10128,26015,1
10129,17503,1
10129,25804,1
10130,9264,1
10130,25593,1
10131,21019,1
10131,22242,1
10131,25382,1
10132,11897,1
10132,21690,1
10132,25171,1
10133,23064,1
10133,24960,1
10134,9081,1
10134,24749,1
10135,9263,1
10135,24538,1
10136,19411,1
10136,24327,1
10136,30800,1
10137,24116,1
10138,13576,1
10138,23905,1
10138,32544,1
10139,23694,1
10140,6502,1
10140,16105,1
10140,17441,1
10140,23483,1
10141,23272,1
10142,8451,1
10142,23009,1
10142,23061,1
10143,22850,1
10144,4238,1
10144,22639,1
10145,22428,1
10145,28290,1
10146,22217,1
10147,19346,1
10147,22006,1
10148,1275,1
10148,17104,1
10148,21795,1
10148,26941,1
10149,14531,1
10149,21584,1
10150,11556,1
10150,11784,1
10150,21373,1
10150,30410,1
10151,21162,1
10151,22753,1
10152,20951,1
10153,20740,1
10153,24371,1
10154,6310,1
10154,20529,1
10154,26007,1
10155,2613,1
10155,20318,1
10155,21402,1
10155,22218,1
10155,31972,1
10156,8910,1
10156,20107,1
10156,28882,1
10156,30428,1
10157,7180,1
10157,19896,1
10157,30571,1
10158,19685,1
10159,19474,1
10160,19263,1
10161,10522,1
10161,19052,1
10161,22723,1
10162,18841,1
10163,18630,1
10164,4296,1
10164,18419,1
10165,18208,1
10166,17997,1
10166,19094,1
10167,17786,1
10168,17575,1
10169,8478,1
10169,10604,1
10169,17364,1
10170,4424,1
10170,17153,1
10171,16942,1
10172,10197,1
10172,16731,1
10173,10907,1
10173,16520,1
10174,13665,1
10174,16309,1
10174,30436,1
10175,16098,1
10176,15887,1
10177,15668,1
10177,15676,1
10177,27162,1
10178,76,1
10178,15465,1
10179,15254,1
10180,10271,1
10180,15043,1
10180,16689,1
10180,16911,1
10181,4123,1
10181,14832,1
10181,32398,1
10182,14621,1
10183,14410,1
10183,16083,1
10184,14199,1
10184,30635,1
10184,32616,1
10185,13988,1
10186,7893,1
10186,12901,1
10186,13777,1
10187,13073,1
10187,13566,1
10187,21124,1
10188,13355,1
10189,47,1
10189,13144,1
10190,12933,1
10190,14390,1
10190,21160,1
10191,12722,1
10191,19148,1
10191,21140,1
10192,12511,1
10192,21361,1
10193,12300,1
10193,20037,1
10193,30395,1
10194,12089,1
10194,32280,1
10195,10117,1
10195,11878,1
10196,11667,1
10197,11456,1
10197,16335,1
10198,11245,1
10198,17960,1
10199,11034,1
10200,10823,1
10201,3315,1
10201,10612,1
10202,10401,1
10202,11047,1
10203,8775,1
10203,10190,1
10203,17387,1
10204,9979,1
10205,9768,1
10206,9557,1
10206,11388,1
10206,20889,1
10207,9346,1
10208,1491,1
10208,2496,1
10208,9135,1
10208,11088,1
10209,8924,1
10210,8713,1
10211,8502,1
10212,8291,1
10213,8080,1
10214,4294,1
10214,7869,1
10214,31939,1
10215,7658,1
10215,19302,1
10216,7447,1
10217,7236,1
10217,23732,1
10217,32071,1
10218,7025,1
10219,6814,1
10219,19026,1
10220,6603,1
10220,13866,1
10221,6392,1
10221,10670,1
10221,21889,1
10222,6181,1
10222,10829,1
10223,5970,1
10224,5759,1
10224,10035,1
10224,10154,1
10224,16429,1
10224,28129,1
10225,5548,1
10226,2888,1
10226,5337,1
10226,15495,1
10226,27134,1
10227,5126,1
10227,12367,1
10228,4915,1
10228,14998,1
10229,4704,1
10229,5484,1
10229,21971,1
10230,4493,1
10231,1534,1
10231,4282,1
10232,4071,1
10232,24611,1
10233,3860,1
10233,19807,1
10234,3649,1
10234,18849,1
10234,19002,1
10235,3438,1
10235,6430,1
10236,3227,1
10237,3016,1
10237,12488,1
10237,13937,1
10237,28969,1
10238,2805,1
10238,6577,1
10239,2594,1
10239,3006,1
10239,24354,1
10239,29882,1
10239,30961,1
10240,2383,1
10240,27899,1
10241,2172,1
10242,1961,1
10242,13289,1
10243,1750,1
10243,2427,1
10243,3905,1
10244,1539,1
10245,1328,1
10245,1894,1
10245,26132,1
10245,26936,1
10246,1117,1
10246,9539,1
10246,13605,1
10247,906,1
10248,695,1
10248,28766,1
10249,484,1
10249,13915,1
10250,273,1
10251,62,1
10251,20256,1
10252,32619,1
10253,18877,1
10253,32408,1
10254,6847,1
10254,19642,1
10254,32197,1
10255,31986,1
10255,32662,1
10256,31775,1
10257,5844,1
10257,13336,1
10257,31564,1
10258,860,1
10258,2660,1
10258,5374,1
10258,31353,1
10259,31142,1
10260,1883,1
10260,2747,1
10260,9088,1
10260,13398,1
10260,28346,1
10260,30931,1
10261,30720,1
10262,778,1
10262,21260,1
10262,30509,1
10263,30298,1
10263,32492,1
10264,12227,1
10264,30087,1
10265,414,1
10265,11952,1
10265,18873,1
10265,29876,1
10266,15957,1
10266,29665,1
10267,29454,1
10268,22321,1
10268,24957,1
10268,29243,1
10269,665,1
10269,20394,1
10269,29032,1
10269,32217,1
10270,8836,1
10270,20925,1
10270,28821,1
10270,29709,1
10271,22854,1
10271,28610,1
10272,28399,1
10273,18826,1
10273,28188,1
10274,27977,1
10274,28450,1
10275,27766,1
10276,27555,1
10277,3361,1
10277,27344,1
10278,3640,1
10278,27133,1
10279,26922,1
10279,28239,1
10280,20400,1
10280,26711,1
10281,6549,1
10281,26500,1
10282,9113,1
10282,26289,1
10283,26078,1
10284,25867,1
10285,10851,1
10285,25656,1
10286,18749,1
10286,25445,1
10287,25234,1
10288,25023,1
10289,24812,1
10290,14815,1
10290,24601,1
10291,16104,1
10291,21058,1
10291,24390,1
10292,21930,1
10292,24179,1
10293,23968,1
10294,23757,1
10294,25375,1
10295,23546,1
10296,23335,1
10297,23124,1
10298,5806,1
10298,22913,1
10299,22702,1
10300,22491,1
10301,22280,1
10301,23198,1
10302,22069,1
10302,22084,1
10302,23227,1
10303,2222,1
10303,21858,1
10304,7933,1
10304,21647,1
10305,11544,1
10305,21436,1
10306,8145,1
10306,21225,1
10307,7672,1
10307,21014,1
10307,23302,1
10307,23716,1
10308,20803,1
10308,32697,1
10309,20592,1
10310,20381,1
10311,9468,1
10311,20170,1
10311,27382,1
10311,27720,1
10312,19959,1
10312,27604,1
10313,4321,1
10313,19748,1
10314,19537,1
10315,19326,1
10315,24988,1
10316,11691,1
10316,19115,1
10317,18904,1
10317,20115,1
10318,18693,1
10319,18482,1
10319,19128,1
10320,160,1
10320,17559,1
10320,18271,1
10320,30295,1
10321,18060,1
10322,5957,1
10322,17849,1
10322,23736,1
10322,23751,1
10323,8172,1
10323,17638,1
10324,17427,1
10325,24,1
10325,17216,1
10325,29033,1
10326,12831,1
10326,17005,1
10327,16794,1
10327,23070,1
10328,2599,1
10328,8914,1
10328,14192,1
10328,16583,1
10329,16372,1
10330,2940,1
10330,16161,1
10331,11382,1
10331,15950,1
10332,10688,1
10332,15739,1
10333,4107,1
10333,15528,1
10334,15317,1
10335,15106,1
10336,14895,1
10336,23075,1
10336,25259,1
10337,14684,1
10337,31083,1
10338,14473,1
10339,14262,1
10339,16947,1
10340,14051,1
10340,23492,1
10341,13840,1
10341,32216,1
10342,13629,1
10343,13418,1
10343,23166,1
10344,13207,1
10344,30823,1
10345,6120,1
10345,12996,1
10346,12785,1
10347,12574,1
10347,14067,1
10348,12363,1
10349,12152,1
10350,11941,1
10350,25507,1
10351,11730,1
10352,11519,1
10353,4992,1
10353,11308,1
10354,11097,1
10354,16717,1
10354,24132,1
10354,30340,1
10355,10886,1
10355,20709,1
10356,10675,1
10356,26214,1
10357,9770,1
10357,10464,1
10357,15062,1
10358,10253,1
10358,19427,1
10358,27724,1
10359,9509,1
10359,10042,1
10360,9831,1
10360,21411,1
10361,9620,1
10361,24080,1
10361,25687,1
10362,5085,1
10362,9409,1
10362,22970,1
10363,9198,1
10363,14379,1
10364,8987,1
10365,6344,1
10365,8776,1
10365,31499,1
10366,8565,1
10366,25734,1
10367,8354,1
10367,30657,1
10368,8143,1
10368,18893,1
10369,7932,1
10370,7721,1
10371,7510,1
10371,32308,1
10372,3616,1
10372,7299,1
10372,8128,1
10372,24752,1
10373,7088,1
10374,6877,1
10375,6666,1
10376,1438,1
10376,6455,1
10376,22335,1
10376,23240,1
10377,6244,1
10378,6033,1
10378,22346,1
10379,4815,1
10379,5822,1
10379,6533,1
10380,5611,1
10381,5400,1
10381,31066,1
10382,1562,1
10382,5189,1
10383,4978,1
10383,31473,1
10384,4767,1
10384,6388,1
10384,25464,1
10385,4556,1
10385,32371,1
10386,4345,1
10387,4134,1
10388,3923,1
10388,29335,1
10389,3712,1
10389,4678,1
10390,3501,1
10390,31310,1
10391,3290,1
10391,17244,1
10392,3079,1
10393,2868,1
10393,29981,1
10394,2657,1
10394,16247,1
10395,2446,1
10396,2235,1
10396,31652,1
10397,2024,1
10397,23201,1
10397,31503,1
10398,1813,1
10398,9610,1
10398,14261,1
10399,1602,1
10399,28255,1
10400,1391,1
10400,8952,1
10400,21251,1
10401,1180,1
10401,18434,1
10402,969,1
10402,10144,1
10402,23320,1
10402,28192,1
10403,758,1
10404,547,1
10404,19499,1
10405,336,1
10406,125,1
10406,19186,1
10406,22965,1
10407,29087,1
10407,32682,1
10408,1868,1
10408,20641,1
10408,32471,1
10409,311,1
10409,32260,1
10410,17971,1
10410,32049,1
10411,31838,1
10412,387,1
10412,23317,1
10412,31627,1
10413,31416,1
10414,19121,1
10414,31205,1
10415,30994,1
10416,27369,1
10416,30783,1
10417,134,1
10417,10917,1
10417,30572,1
10418,18679,1
10418,30361,1
10419,27422,1
10419,30150,1
10419,32458,1
10420,13703,1
10420,29939,1
10421,18282,1
10421,29728,1
10422,18110,1
10422,24956,1
10422,29517,1
10423,2037,1
10423,29306,1
10424,15564,1
10424,29095,1
10425,28884,1
10426,22786,1
10426,28673,1
10427,28462,1
10428,11547,1
10428,12902,1
10428,28251,1
10429,26698,1
10429,28040,1
10430,16294,1
10430,22921,1
10430,27829,1
10431,2368,1
10431,27618,1
10432,12437,1
10432,13146,1
10432,27407,1
10433,27037,1
10433,27196,1
10434,1813,1
10434,26985,1
10435,19776,1
10435,26774,1
10436,26563,1
10437,26352,1
10437,31050,1
10438,20711,1
10438,26141,1
10439,16383,1
10439,25930,1
10440,25719,1
10441,18168,1
10441,21171,1
10441,25508,1
10442,11081,1
10442,25297,1
10442,25883,1
10443,25086,1
10444,14443,1
10444,17704,1
10444,24875,1
10445,4875,1
10445,22920,1
10445,24664,1
10446,24453,1
10447,24242,1
10448,24031,1
10448,29001,1
10449,23820,1
10450,9045,1
10450,23609,1
10450,23840,1
10451,14194,1
10451,16129,1
10451,23398,1
10452,23187,1
10453,22976,1
10453,24155,1
10454,3901,1
10454,22765,1
10455,5380,1
10455,22554,1
10456,22343,1
10457,22132,1
10458,15873,1
10458,21921,1
10458,30099,1
10459,9257,1
10459,21710,1
10459,25230,1
10460,21499,1
10461,21288,1
10462,20127,1
10462,21077,1
10463,20866,1
10464,20655,1
10465,9975,1
10465,20444,1
10466,2194,1
10466,17725,1
10466,20233,1
10467,20022,1
10467,28667,1
10468,3130,1
10468,4379,1
10468,19811,1
10469,19600,1
10469,30272,1
10470,1620,1
10470,6627,1
10470,19389,1
10471,309,1
10471,19178,1
10471,29584,1
10472,14078,1
10472,18967,1
10473,18756,1
10474,261,1
10474,18545,1
10475,15288,1
10475,17061,1
10475,18334,1
10476,18123,1
10477,17912,1
10477,18356,1
10478,17701,1
10479,17490,1
10479,32048,1
10480,7850,1
10480,17279,1
10481,17068,1
10482,16857,1
10482,18985,1
10482,21088,1
10482,22812,1
10482,29407,1
10483,14841,1
10483,16646,1
10484,16435,1
10484,26216,1
10484,32023,1
10485,13912,1
10485,16224,1
10486,13183,1
10486,16013,1
10486,18970,1
10487,9056,1
10487,15802,1
10488,15591,1
10488,29064,1
10488,30588,1
10489,15380,1
10490,15169,1
10491,14958,1
10492,14747,1
10493,9285,1
10493,14536,1
10494,8457,1
10494,14325,1
10494,26279,1
10495,872,1
10495,14114,1
10495,17246,1
10496,763,1
10496,13903,1
10497,13692,1
10497,16594,1
10497,25852,1
10498,13481,1
10499,13270,1
10500,6568,1
10500,13059,1
10501,8625,1
10501,12848,1
10502,8417,1
10502,12637,1
10503,1526,1
10503,12426,1
10504,12215,1
10505,12004,1
10505,28306,1
10506,11793,1
10507,4854,1
10507,7372,1
10507,11582,1
10508,11371,1
10509,11160,1
10509,32153,1
10510,7544,1
10510,8587,1
10510,10949,1
10510,24753,1
10510,29491,1
10511,100,1
10511,10738,1
10511,20740,1
10511,30244,1
10512,10527,1
10513,10316,1
10514,10105,1
10514,25000,1
10514,31392,1
10515,9894,1
10516,9683,1
10517,9472,1
10518,9261,1
10518,23017,1
10519,9050,1
10519,31113,1
10520,8839,1
10521,8628,1
10522,2282,1
10522,8417,1
10523,8206,1
10523,15502,1
10524,7995,1
10524,16157,1
10525,7784,1
10525,28663,1
10526,7573,1
10526,32687,1
10527,7287,1
10527,7362,1
10528,7151,1
10528,8844,1
10528,22976,1
10529,6940,1
10530,4542,1
10530,6729,1
10530,23687,1
10530,32405,1
10531,6518,1
10531,8758,1
10532,606,1
10532,6307,1
10532,24394,1
10533,6096,1
10534,3677,1
10534,5885,1
10534,15271,1
10535,3490,1
10535,5674,1
10535,8175,1
10535,19661,1
10536,5463,1
10536,14080,1
10537,5252,1
10538,5041,1
10538,18789,1
10539,4830,1
10539,6162,1
10539,20275,1
10540,4619,1
10540,4698,1
10540,7720,1
10541,2343,1
10541,4408,1
10542,4197,1
10543,3986,1
10543,10222,1
10543,11052,1
10543,25317,1
10544,3775,1
10544,22419,1
10545,3564,1
10546,3353,1
10546,16745,1
10547,2633,1
10547,3142,1
10547,14280,1
10548,2931,1
10549,2720,1
10550,2509,1
10550,32070,1
10551,2298,1
10552,711,1
10552,2087,1
10552,13484,1
10552,14658,1
10553,1876,1
10553,16177,1
10553,23224,1
10554,1665,1
10554,8180,1
10554,21157,1
10555,1304,1
10555,1454,1
10555,13701,1
10556,1243,1
10557,1032,1
10557,1584,1
10557,8272,1
10558,821,1
10558,2719,1
10559,610,1
10559,9454,1
10560,399,1
10560,1279,1
10561,188,1
10561,10467,1
10562,32745,1
10563,24853,1
10563,32534,1
10564,9280,1
10564,27403,1
10564,32323,1
10565,15939,1
10565,32112,1
10566,13597,1
10566,17608,1
10566,31901,1
10567,31690,1
10568,31479,1
10569,15685,1
10569,21794,1
10569,24117,1
10569,31268,1
10570,26111,1
10570,31057,1
10571,30846,1
10572,24966,1
10572,30635,1
10573,27454,1
10573,30424,1
10574,6584,1
10574,12099,1
10574,30213,1
10575,11610,1
10575,22497,1
10575,30002,1
10576,8093,1
10576,29791,1
10577,10969,1
10577,18775,1
10577,29580,1
10578,8066,1
10578,29369,1
10579,3798,1
10579,23673,1
10579,29158,1
10580,28947,1
10581,11626,1
10581,28736,1
10582,21924,1
10582,23565,1
10582,28525,1
10583,28314,1
10584,27372,1
10584,28103,1
10585,7453,1
10585,24604,1
10585,27892,1
10586,1101,1
10586,5253,1
10586,23979,1
10586,27681,1
10587,10224,1
10587,27470,1
10588,9215,1
10588,22411,1
10588,27259,1
10589,17004,1
10589,27048,1
10590,9554,1
10590,26837,1
10591,26626,1
10592,12999,1
10592,26415,1
10593,5576,1
10593,26204,1
10594,25993,1
10595,5362,1
10595,19224,1
10595,25782,1
10595,32202,1
10596,8908,1
10596,24906,1
10596,25571,1
10597,25360,1
10598,25149,1
10598,29546,1
10599,12043,1
10599,24938,1
10599,32413,1
10600,5095,1
10600,10042,1
10600,21146,1
10600,24727,1
10601,8586,1
10601,14319,1
10601,16522,1
10601,24516,1
10602,1762,1
10602,4712,1
10602,24305,1
10603,24055,1
10603,24094,1
10604,1415,1
10604,23883,1
10605,19753,1
10605,23672,1
10606,16095,1
10606,23461,1
10607,9515,1
10607,14373,1
10607,15618,1
10607,23250,1
10608,8329,1
10608,23039,1
10609,22828,1
10610,11372,1
10610,22617,1
10611,10128,1
10611,22406,1
10611,32730,1
10612,22195,1
10612,32144,1
10613,6862,1
10613,21471,1
10613,21984,1
10613,22455,1
10614,13990,1
10614,21773,1
10615,2225,1
10615,21562,1
10615,27605,1
10616,21351,1
10616,28789,1
10617,3158,1
10617,21140,1
10618,20929,1
10618,30566,1
10619,20718,1
10620,11190,1
10620,20507,1
10621,20296,1
10621,32543,1
10622,20085,1
10623,19874,1
10623,31615,1
10624,19663,1
10624,27359,1
10625,19452,1
10625,29934,1
10626,19241,1
10627,19030,1
10628,18819,1
10629,18608,1
10629,24590,1
10630,16461,1
10630,18397,1
10630,32236,1
10631,18186,1
10632,10021,1
10632,17975,1
10633,17764,1
10634,17553,1
10635,17342,1
10636,14111,1
10636,17131,1
10636,27692,1
10637,819,1
10637,16920,1
10638,16709,1
10639,16498,1
10640,16287,1
10641,16076,1
10642,15865,1
10643,8798,1
10643,15654,1
10644,15443,1
10644,28265,1
10644,29774,1
10645,5158,1
10645,15232,1
10646,15021,1
10647,14810,1
10647,19220,1
10648,14599,1
10648,32702,1
10649,2347,1
10649,4951,1
10649,14388,1
10649,15544,1
10650,14177,1
10651,13966,1
10651,23788,1
10651,28309,1
10652,236,1
10652,13581,1
10652,13755,1
10652,25873,1
10652,31706,1
10653,13544,1
10653,21672,1
10653,23692,1
10654,13333,1
10654,27951,1
10655,13122,1
10656,10410,1
10656,12911,1
10657,9896,1
10657,12700,1
10658,12489,1
10658,27750,1
10659,12278,1
10659,25804,1
10660,12067,1
10660,27296,1
10661,11856,1
10661,24857,1
10661,31563,1
10662,11645,1
10663,11434,1
10663,31403,1
10664,3776,1
10664,4163,1
10664,11223,1
10665,6857,1
10665,11012,1
10666,10801,1
10667,10590,1
10668,10379,1
10668,31270,1
10669,10168,1
10669,12675,1
10669,14193,1
10669,26957,1
10669,31788,1
10670,9957,1
10670,16389,1
10670,22174,1
10670,25666,1
10671,9746,1
10671,25002,1
10671,29405,1
10672,9535,1
10672,18435,1
10672,24685,1
10672,30219,1
10673,8081,1
10673,9324,1
10673,10548,1
10673,16362,1
10673,17380,1
10674,7072,1
10674,9113,1
10674,9211,1
10675,407,1
10675,6443,1
10675,8902,1
10676,3218,1
10676,8691,1
10677,8480,1
10677,11057,1
10677,15292,1
10678,8269,1
10678,17558,1
10679,8058,1
10679,18710,1
10679,25833,1
10680,7847,1
10680,9765,1
10680,27631,1
10681,7636,1
10682,7425,1
10683,701,1
10683,7214,1
10683,14645,1
10683,16800,1
10683,18285,1
10684,7003,1
10684,20759,1
10685,6792,1
10686,6581,1
10686,11492,1
10687,2134,1
10687,6370,1
10687,6945,1
10687,30748,1
10688,6159,1
10688,8953,1
10688,16443,1
10688,22036,1
10688,29789,1
10689,5948,1
10689,14362,1
10689,22224,1
10690,5737,1
10690,25198,1
10691,5526,1
10691,5556,1
10692,5315,1
10692,18030,1
10692,24786,1
10692,32700,1
10693,5104,1
10693,19150,1
10693,27765,1
10694,4893,1
10694,10453,1
10695,4682,1
10696,4471,1
10696,12953,1
10696,20748,1
10696,30590,1
10697,3620,1
10697,4260,1
10698,4014,1
10698,4049,1
10699,3838,1
10700,3627,1
10701,3416,1
10701,31815,1
10702,3205,1
10702,4235,1
10703,2994,1
10704,2783,1
10704,26512,1
10704,30837,1
10705,2572,1
10705,19728,1
10705,19743,1
10706,2361,1
10706,11591,1
10706,12141,1
10707,2150,1
10707,28285,1
10708,1939,1
10709,1728,1
10710,1517,1
10711,1306,1
10711,10078,1
10711,18173,1
10712,1095,1
10712,26911,1
10713,855,1
10713,884,1
10714,673,1
10714,24073,1
10715,462,1
10716,251,1
10716,29585,1
10717,40,1
10717,25795,1
10717,30139,1
10718,9494,1
10718,29720,1
10718,32534,1
10718,32597,1
10719,25650,1
10719,32386,1
10720,14862,1
10720,32175,1
10721,31964,1
10722,6701,1
10722,31753,1
10723,31542,1
10724,23148,1
10724,31331,1
10725,31120,1
10726,12107,1
10726,30909,1
10727,30698,1
10728,4314,1
10728,15158,1
10728,30487,1
10729,20660,1
10729,24868,1
10729,30276,1
10729,30957,1
10730,1010,1
10730,1264,1
10730,2445,1
10730,30065,1
10731,365,1
10731,16385,1
10731,28939,1
10731,29854,1
10732,29643,1
10733,25141,1
10733,29432,1
10734,29221,1
10735,15253,1
10735,28780,1
10735,29010,1
10736,12709,1
10736,17986,1
10736,28799,1
10737,16611,1
10737,28588,1
10738,28377,1
10739,26441,1
10739,28166,1
10740,8218,1
10740,27955,1
10741,27744,1
10742,26537,1
10742,27533,1
10743,27322,1
10744,1186,1
10744,27111,1
10745,26900,1
10746,11013,1
10746,26689,1
10747,26478,1
10748,16678,1
10748,26267,1
10748,31683,1
10749,26056,1
10750,25845,1
10751,25634,1
10752,25423,1
10752,29124,1
10753,25212,1
10754,9094,1
10754,25001,1
10755,21736,1
10755,24790,1
10756,19397,1
10756,24579,1
10757,24368,1
10757,30009,1
10758,24157,1
10759,23946,1
10760,11145,1
10760,23735,1
10761,23524,1
10762,22251,1
10762,23313,1
10762,28103,1
10763,23102,1
10764,7830,1
10764,22891,1
10765,8782,1
10765,22680,1
10766,8362,1
10766,22469,1
10766,32752,1
10767,11680,1
10767,22258,1
10768,22047,1
10769,17620,1
10769,21836,1
10769,25985,1
10770,7855,1
10770,10347,1
10770,21625,1
10771,4170,1
10771,21414,1
10772,4789,1
10772,7437,1
10772,21203,1
10773,20992,1
10774,20781,1
10775,9854,1
10775,20314,1
10775,20570,1
10775,26326,1
10776,11699,1
10776,20359,1
10777,20148,1
10777,24349,1
10778,5120,1
10778,16039,1
10778,19937,1
10779,19726,1
10779,22396,1
10780,17267,1
10780,19087,1
10780,19515,1
10781,19304,1
10782,19093,1
10782,24904,1
10783,18882,1
10784,11154,1
10784,18671,1
10784,22944,1
10785,18460,1
10786,5269,1
10786,5867,1
10786,14391,1
10786,18249,1
10786,21945,1
10787,18038,1
10787,28595,1
10788,17827,1
10788,21012,1
10789,17616,1
10790,17405,1
10791,13899,1
10791,17194,1
10792,1399,1
10792,16983,1
10793,232,1
10793,16772,1
10793,26341,1
10794,14096,1
10794,16561,1
10794,18545,1
10795,16350,1
10796,16139,1
10797,15928,1
10797,23813,1
10798,15717,1
10799,4070,1
10799,15506,1
10800,15295,1
10800,17512,1
10801,15084,1
10802,5801,1
10802,14873,1
10803,14662,1
10804,14451,1
10805,14240,1
10805,26686,1
10805,30194,1
10806,5458,1
10806,14029,1
10807,13818,1
10807,18742,1
10808,13607,1
10808,22264,1
10809,13396,1
10810,13185,1
10811,8723,1
10811,12974,1
10812,12763,1
10812,24526,1
10812,26636,1
10813,12552,1
10814,334,1
10814,7051,1
10814,12341,1
10815,12130,1
10816,11919,1
10817,11708,1
10818,11497,1
10819,7790,1
10819,11286,1
10819,12207,1
10820,2670,1
10820,11075,1
10820,20744,1
10820,25310,1
10821,4672,1
10821,10864,1
10822,10653,1
10822,16166,1
10823,10442,1
10824,6472,1
10824,10231,1
10825,10020,1
10825,17145,1
10825,26518,1
10825,32672,1
10826,7503,1
10826,9809,1
10826,21112,1
10827,9598,1
10827,12155,1
10828,9387,1
10828,16406,1
10829,1357,1
10829,9176,1
10829,17450,1
10829,20060,1
10830,8965,1
10831,8754,1
10831,16433,1
10832,1759,1
10832,8543,1
10833,5480,1
10833,5777,1
10833,8332,1
10833,8970,1
10833,31137,1
10834,4517,1
10834,8121,1
10835,7910,1
10835,20046,1
10836,4759,1
10836,7699,1
10836,27561,1
10837,7488,1
10838,7277,1
10838,21607,1
10839,7066,1
10839,12121,1
10839,20232,1
10839,30559,1
10840,6855,1
10840,8116,1
10840,10687,1
10840,28044,1
10841,6644,1
10842,6433,1
10843,6222,1
10843,13104,1
10843,19533,1
10844,6011,1
10844,13190,1
10844,28669,1
10845,5800,1
10845,13658,1
10845,17449,1
10845,21637,1
10845,27739,1
10846,5368,1
10846,5589,1
10847,5378,1
10847,17174,1
10848,5167,1
10849,3937,1
10849,4956,1
10850,1531,1
10850,4745,1
10850,9407,1
10851,4534,1
10852,1890,1
10852,4323,1
10852,17502,1
10852,17706,1
10853,4112,1
10854,3901,1
10855,3690,1
10856,3479,1
10856,12471,1
10857,3268,1
10857,9059,1
10858,3057,1
10858,17817,1
10859,2846,1
10859,6938,1
10859,10156,1
10860,2635,1
10861,2424,1
10861,21179,1
10862,2213,1
10862,10653,1
10863,2002,1
10864,1791,1
10864,18171,1
10864,18518,1
10865,1580,1
10865,6126,1
10865,30794,1
10866,1369,1
10866,24338,1
10866,27858,1
10867,1158,1
10867,10635,1
10867,18899,1
10868,947,1
10869,736,1
10870,525,1
10871,314,1
10871,10293,1
10872,103,1
10873,13085,1
10873,32660,1
10874,32449,1
10875,15860,1
10875,20728,1
10875,32238,1
10876,32027,1
10877,2609,1
10877,31816,1
10878,4868,1
10878,25792,1
10878,31605,1
10879,12037,1
10879,31394,1
10880,31183,1
10881,991,1
10881,30972,1
10882,4214,1
10882,5921,1
10882,8153,1
10882,13320,1
10882,30761,1
10883,19790,1
10883,20636,1
10883,30550,1
10884,30339,1
10885,4283,1
10885,30128,1
10886,29917,1
10887,14287,1
10887,15736,1
10887,29706,1
10888,1662,1
10888,22102,1
10888,29495,1
10889,23411,1
10889,29284,1
10890,29073,1
10891,28862,1
10892,22807,1
10892,28651,1
10893,2396,1
10893,28440,1
10894,3001,1
10894,13416,1
10894,23827,1
10894,28229,1
10895,28018,1
10896,2920,1
10896,21693,1
10896,27807,1
10897,27596,1
10898,27385,1
10899,15633,1
10899,27174,1
10900,12468,1
10900,26635,1
10900,26963,1
10901,26752,1
10902,26541,1
10903,6265,1
10903,7119,1
10903,15294,1
10903,26330,1
10904,26119,1
10905,25908,1
10906,9872,1
10906,25697,1
10907,5539,1
10907,15177,1
10907,19548,1
10907,25486,1
10908,25275,1
10909,2863,1
10909,25064,1
10910,8194,1
10910,23623,1
10910,24853,1
10911,24642,1
10912,24431,1
10913,2761,1
10913,24220,1
10914,24009,1
10915,8369,1
10915,23798,1
10916,14400,1
10916,14952,1
10916,22444,1
10916,23587,1
10917,23376,1
10918,23165,1
10919,22954,1
10920,11634,1
10920,22743,1
10921,7044,1
10921,22532,1
10922,22321,1
10923,22110,1
10924,21899,1
10925,21688,1
10926,21477,1
10927,21266,1
10928,21055,1
10929,14571,1
10929,20844,1
10929,23060,1
10929,24180,1
10930,20633,1
10931,20422,1
10932,6186,1
10932,11985,1
10932,20211,1
10933,14235,1
10933,15901,1
10933,16171,1
10933,20000,1
10934,3874,1
10934,19789,1
10935,19578,1
10936,19367,1
10936,20593,1
10936,21282,1
10936,23797,1
10936,30446,1
10937,18717,1
10937,19156,1
10938,18945,1
10939,7524,1
10939,18734,1
10940,18291,1
10940,18523,1
10940,25238,1
10941,18312,1
10941,21598,1
10942,15513,1
10942,18101,1
10942,30900,1
10943,17890,1
10943,27432,1
10944,17679,1
10945,5174,1
10945,17468,1
10945,20673,1
10946,10031,1
10946,17257,1
10946,17368,1
10946,21085,1
10946,22775,1
10947,17046,1
10948,11956,1
10948,16835,1
10948,21883,1
10948,29237,1
10949,16624,1
10949,18052,1
10950,16413,1
10951,3645,1
10951,6512,1
10951,13123,1
10951,16202,1
10951,27303,1
10952,13494,1
10952,15991,1
10953,506,1
10953,3485,1
10953,14923,1
10953,15780,1
10954,15569,1
10955,15358,1
10956,5914,1
10956,15147,1
10957,14936,1
10958,6392,1
10958,11882,1
10958,14725,1
10959,8384,1
10959,14514,1
10960,14303,1
10960,15148,1
10961,14092,1
10962,13881,1
10962,16929,1
10962,29517,1
10963,7101,1
10963,10016,1
10963,13670,1
10964,13459,1
10964,32446,1
10965,13248,1
10966,1740,1
10966,13037,1
10967,12826,1
10968,12002,1
10968,12615,1
10969,12404,1
10969,18600,1
10970,3174,1
10970,3363,1
10970,12193,1
10971,11982,1
10971,21065,1
10972,11771,1
10972,25329,1
10972,25523,1
10973,11090,1
10973,11560,1
10974,11349,1
10974,16149,1
10975,3198,1
10975,4583,1
10975,11138,1
10976,9493,1
10976,10927,1
10977,10716,1
10978,9626,1
10978,9634,1
10978,10505,1
10978,22331,1
10978,25119,1
10979,10294,1
10980,10083,1
10981,9872,1
10982,8141,1
10982,9661,1
10982,23641,1
10982,27875,1
10983,9450,1
10984,5364,1
10984,9239,1
10985,4448,1
10985,9028,1
10985,17202,1
10986,8817,1
10986,18657,1
10986,24111,1
10987,4696,1
10987,8606,1
10987,9809,1
10987,27733,1
10988,8395,1
10988,13851,1
10989,8184,1
10989,32558,1
10990,7973,1
10990,8854,1
10990,17506,1
10990,27325,1
10990,30725,1
10991,2444,1
10991,7762,1
10992,7551,1
10993,7340,1
10993,23689,1
10994,7129,1
10995,6918,1
10995,19189,1
10996,6707,1
10997,2993,1
10997,6496,1
10997,32102,1
10998,6285,1
10999,6074,1
10999,28049,1
11000,5863,1
11001,5652,1
11001,11736,1
11001,25765,1
11002,5441,1
11003,5230,1
11003,11235,1
11004,5019,1
11005,132,1
11005,4808,1
11005,16646,1
11006,3318,1
11006,4597,1
11007,4386,1
11008,4175,1
11008,7809,1
11008,7993,1
11008,25639,1
11009,3964,1
11010,3753,1
11011,3542,1
11012,3331,1
11013,3120,1
11013,15870,1
11014,2909,1
11014,16344,1
11015,2698,1
11015,13214,1
11016,856,1
11016,2487,1
11016,13058,1
11017,2276,1
11017,8208,1
11018,2065,1
11019,1854,1
11019,3155,1
11020,1643,1
11021,1432,1
11021,28993,1
11022,1221,1
11022,20234,1
11022,28060,1
11023,1010,1
11023,7121,1
11023,23613,1
11023,25575,1
11024,799,1
11025,588,1
11025,25282,1
11026,377,1
11026,18123,1
11026,29972,1
11027,166,1
11027,10225,1
11028,32723,1
11029,32512,1
11030,32301,1
11031,32090,1
11031,32489,1
11032,31879,1
11033,9752,1
11033,31668,1
11034,10469,1
11034,22678,1
11034,31457,1
11035,22696,1
11035,31246,1
11036,1982,1
11036,8943,1
11036,27891,1
11036,31035,1
11037,30824,1
11038,11096,1
11038,30613,1
11039,30402,1
11040,17130,1
11040,27008,1
11040,30191,1
11041,14502,1
11041,29980,1
11042,29769,1
11043,15704,1
11043,29558,1
11044,14758,1
11044,29347,1
11045,22070,1
11045,29136,1
11046,28925,1
11047,28714,1
11048,28503,1
11049,9540,1
11049,28292,1
11050,28081,1
11051,12977,1
11051,27870,1
11052,6450,1
11052,10493,1
11052,27659,1
11053,2240,1
11053,26825,1
11053,27448,1
11054,1542,1
11054,27237,1
11055,27026,1
11056,26815,1
11057,9694,1
11057,13201,1
11057,16598,1
11057,26604,1
11058,26393,1
11059,170,1
11059,8602,1
11059,12597,1
11059,26182,1
11060,25971,1
11061,11595,1
11061,25760,1
11062,25549,1
11063,25338,1
11064,25127,1
11064,28105,1
11064,28990,1
11065,24916,1
11066,19194,1
11066,24705,1
11067,14241,1
11067,24494,1
11068,4375,1
11068,24283,1
11069,24072,1
11070,9377,1
11070,18837,1
11070,23861,1
11071,3970,1
11071,23650,1
11071,26090,1
11071,28152,1
11072,13764,1
11072,16844,1
11072,23439,1
11073,9424,1
11073,15498,1
11073,23228,1
11074,18354,1
11074,23017,1
11075,22806,1
11075,29248,1
11075,30126,1
11076,22595,1
11076,29796,1
11077,7515,1
11077,22384,1
11078,22173,1
11079,18767,1
11079,21962,1
11080,5659,1
11080,21751,1
11080,22670,1
11080,30367,1
11081,10890,1
11081,16131,1
11081,21540,1
11082,21329,1
11083,21118,1
11084,20907,1
11084,22846,1
11085,20696,1
11085,23402,1
11086,13458,1
11086,14342,1
11086,20485,1
11086,22996,1
11086,26175,1
11087,20274,1
11088,5236,1
11088,20063,1
11089,19852,1
11090,19641,1
11091,19430,1
11092,19219,1
11093,19008,1
11094,11574,1
11094,12127,1
11094,18797,1
11095,12353,1
11095,18586,1
11096,18375,1
11097,18164,1
11098,2512,1
11098,4335,1
11098,17953,1
11098,30408,1
11098,31377,1
11099,17742,1
11100,17531,1
11100,23376,1
11101,14279,1
11101,17320,1
11102,17109,1
11103,10935,1
11103,16898,1
11103,29175,1
11103,32717,1
11104,16687,1
11105,6743,1
11105,16476,1
11105,24843,1
11105,27473,1
11106,16265,1
11107,2949,1
11107,16054,1
11108,15843,1
11109,13050,1
11109,15632,1
11110,15421,1
11111,15210,1
11112,14999,1
11113,14788,1
11113,27801,1
11114,14577,1
11115,14366,1
11116,10646,1
11116,14155,1
11116,16409,1
11116,23809,1
11117,2029,1
11117,13944,1
11117,25048,1
11117,25635,1
11118,13733,1
11119,8420,1
11119,13522,1
11120,2084,1
11120,13311,1
11120,22535,1
11120,32444,1
11121,13100,1
11122,12889,1
11123,12678,1
11124,12467,1
11124,18929,1
11125,12256,1
11125,15053,1
11126,12045,1
11126,21219,1
11127,11834,1
11127,21586,1
11127,26645,1
11128,7874,1
11128,11623,1
11128,20239,1
11129,6780,1
11129,11412,1
11129,14699,1
11129,28447,1
11130,11201,1
11131,10990,1
11132,5992,1
11132,10779,1
11132,17481,1
11133,10568,1
11133,12333,1
11134,10357,1
11134,15226,1
11135,10146,1
11135,11446,1
11136,9935,1
11136,12736,1
11136,20931,1
11136,28687,1
11136,29187,1
11137,8226,1
11137,9027,1
11137,9724,1
11137,19701,1
11137,26831,1
11138,9513,1
11138,31435,1
11139,9302,1
11139,21526,1
11140,9091,1
11140,14302,1
11140,24578,1
11141,8880,1
11141,31840,1
11142,3759,1
11142,8669,1
11143,8458,1
11144,25,1
11144,1630,1
11144,6180,1
11144,8247,1
11144,30667,1
11145,6475,1
11145,8036,1
11146,7825,1
11147,7614,1
11148,7403,1
11148,31739,1
11149,7192,1
11149,16544,1
11149,26559,1
11150,6981,1
11151,6770,1
11151,28864,1
11152,6559,1
11152,15319,1
11152,27150,1
11153,6348,1
11153,26306,1
11153,29436,1
11154,6137,1
11154,18859,1
11155,5926,1
11156,2283,1
11156,5715,1
11157,5504,1
11157,12517,1
11157,26255,1
11158,5293,1
11159,3235,1
11159,5082,1
11160,4871,1
11161,4660,1
11161,21238,1
11162,4449,1
11162,6109,1
11162,31814,1
11163,4238,1
11163,17010,1
11164,4027,1
11165,3816,1
11165,23807,1
11165,25750,1
11166,3605,1
11166,16469,1
11167,3394,1
11168,3183,1
11169,2972,1
11170,2761,1
11170,6916,1
11170,14378,1
11170,24734,1
11171,2550,1
11172,2339,1
11172,5684,1
11173,2128,1
11173,5924,1
11173,20165,1
11174,1917,1
11175,1706,1
11175,14829,1
11175,17774,1
11175,30593,1
11176,1495,1
11177,1284,1
11178,1073,1
11179,862,1
11179,20463,1
11179,24713,1
11180,651,1
11180,8463,1
11180,11716,1
11180,16860,1
11181,440,1
11181,975,1
11182,229,1
11182,16590,1
11183,18,1
11184,16839,1
11184,28480,1
11184,32575,1
11185,8073,1
11185,26432,1
11185,32364,1
11186,4418,1
11186,32153,1
11187,11694,1
11187,29729,1
11187,31942,1
11188,26004,1
11188,31731,1
11189,19779,1
11189,24048,1
11189,31520,1
11190,31309,1
11191,3285,1
11191,31098,1
11192,17433,1
11192,30887,1
11193,14069,1
11193,29166,1
11193,30676,1
11194,30465,1
11195,5753,1
11195,30254,1
11196,30043,1
11197,759,1
11197,13766,1
11197,29832,1
11198,29621,1
11199,2228,1
11199,15962,1
11199,21604,1
11199,24029,1
11199,29410,1
11200,22175,1
11200,29199,1
11201,22943,1
11201,28988,1
11202,353,1
11202,13333,1
11202,28777,1
11203,23721,1
11203,28566,1
11204,2552,1
11204,28355,1
11205,2115,1
11205,10811,1
11205,28144,1
11206,10664,1
11206,27933,1
11207,3509,1
11207,5252,1
11207,20771,1
11207,27722,1
11208,27511,1
11209,25553,1
11209,27300,1
11210,8467,1
11210,27089,1
11211,26878,1
11212,22453,1
11212,26667,1
11212,27308,1
11213,26456,1
11214,26245,1
11214,29374,1
11215,26034,1
11216,4384,1
11216,25823,1
11217,10583,1
11217,14118,1
11217,21806,1
11217,25612,1
11218,25401,1
11218,31260,1
11219,4531,1
11219,12287,1
11219,22114,1
11219,25190,1
11220,24979,1
11221,24768,1
11222,6331,1
11222,24557,1
11223,6755,1
11223,7097,1
11223,24346,1
11224,24135,1
11224,25676,1
11225,23924,1
11226,4739,1
11226,14360,1
11226,23713,1
11227,12283,1
11227,23502,1
11228,19648,1
11228,23291,1
11228,32197,1
11229,23080,1
11230,22869,1
11231,22658,1
11232,4567,1
11232,22447,1
11233,20789,1
11233,22236,1
11234,20387,1
11234,22025,1
11235,18760,1
11235,21814,1
11236,21603,1
11237,21392,1
11237,26551,1
11238,21181,1
11239,9861,1
11239,20970,1
11239,22490,1
11240,7669,1
11240,20759,1
11240,27137,1
11241,20002,1
11241,20548,1
11242,20337,1
11242,27841,1
11243,20126,1
11243,23688,1
11244,19915,1
11245,19704,1
11245,29926,1
11245,30023,1
11246,19493,1
11247,16106,1
11247,19282,1
11248,2226,1
11248,19071,1
11248,28681,1
11249,18860,1
11250,14430,1
11250,18649,1
11250,29607,1
11251,18438,1
11252,18227,1
11253,18016,1
11254,17805,1
11255,17594,1
11255,26133,1
11256,17383,1
11257,17172,1
11257,22151,1
11258,16961,1
11259,16750,1
11260,3735,1
11260,16539,1
11260,26481,1
11261,16328,1
11262,16117,1
11263,15906,1
11263,29051,1
11264,15695,1
11265,359,1
11265,15484,1
11266,4488,1
11266,15273,1
11266,29282,1
11267,15062,1
11268,14851,1
11269,14640,1
11269,18205,1
11270,14429,1
11271,14218,1
11272,2827,1
11272,14007,1
11273,13796,1
11274,2004,1
11274,13585,1
11274,13719,1
11275,399,1
11275,13374,1
11276,13163,1
11276,20960,1
11276,29684,1
11277,4046,1
11277,12952,1
11278,12741,1
11278,13960,1
11279,12530,1
11279,23690,1
11280,12319,1
11281,12108,1
11282,11897,1
11282,28322,1
11282,29210,1
11283,11686,1
11283,24212,1
11284,1247,1
11284,4597,1
11284,11475,1
11284,20730,1
11284,22997,1
11284,30622,1
11285,11264,1
11285,15039,1
11285,24125,1
11286,9537,1
11286,11053,1
11287,8915,1
11287,10842,1
11287,22152,1
11288,4518,1
11288,10631,1
11289,10420,1
11289,11828,1
11290,10209,1
11290,27089,1
11291,9998,1
11291,25827,1
11292,9787,1
11293,9576,1
11293,16814,1
11293,19541,1
11294,9365,1
11295,5476,1
11295,9154,1
11296,8943,1
11297,8732,1
11297,14576,1
11298,8521,1
11298,13845,1
11299,8310,1
11300,8099,1
11301,7888,1
11301,17198,1
11302,7677,1
11303,7466,1
11304,7255,1
11305,7044,1
11305,26623,1
11305,28988,1
11305,29958,1
11306,2521,1
11306,6833,1
11307,6622,1
11307,11379,1
11307,30025,1
11308,6411,1
11308,10906,1
11308,16773,1
11308,32056,1
11309,6200,1
11310,5039,1
11310,5989,1
11310,23740,1
11310,29479,1
11311,148,1
11311,5778,1
11311,10593,1
11312,5567,1
11313,5356,1
11314,5145,1
11314,27185,1
11314,27237,1
11315,4934,1
11315,7678,1
11316,4723,1
11317,2036,1
11317,4512,1
11317,13571,1
11317,20731,1
11318,1233,1
11318,4301,1
11318,24971,1
11318,27495,1
11319,4090,1
11320,3879,1
11320,9166,1
11320,18162,1
11321,3668,1
11322,3457,1
11323,3246,1
11323,31420,1
11323,32655,1
11324,3035,1
11324,18393,1
11324,20940,1
11325,2824,1
11325,19916,1
11326,2613,1
11326,24642,1
11326,26331,1
11327,2402,1
11327,8027,1
11328,2191,1
11329,1971,1
11329,1980,1
11330,1769,1
11330,9593,1
11330,14743,1
11330,23154,1
11331,1558,1
11331,27009,1
11332,1347,1
11333,1136,1
11334,925,1
11335,714,1
11335,10187,1
11335,14756,1
11336,503,1
11336,1214,1
11337,292,1
11338,81,1
11339,9964,1
11339,20802,1
11339,32638,1
11340,14060,1
11340,32427,1
11341,32216,1
11342,9096,1
11342,32005,1
11343,10119,1
11343,20347,1
11343,31794,1
11344,1874,1
11344,27052,1
11344,31583,1
11345,19851,1
11345,31372,1
11346,31161,1
11347,30950,1
11348,21457,1
11348,30739,1
11349,30528,1
11349,31166,1
11350,30317,1
11351,30106,1
11352,5279,1
11352,16519,1
11352,29895,1
11353,29684,1
11353,31332,1
11354,29473,1
11355,1715,1
11355,14180,1
11355,29262,1
11356,13380,1
11356,29051,1
11357,28840,1
11357,30285,1
11358,15734,1
11358,15829,1
11358,28629,1
11359,5548,1
11359,21936,1
11359,28418,1
11360,11456,1
11360,26084,1
11360,28207,1
11361,27996,1
11362,20921,1
11362,27785,1
11363,20525,1
11363,27574,1
11364,27363,1
11364,30374,1
11365,14177,1
11365,27152,1
11366,26941,1
11367,23954,1
11367,26730,1
11368,26519,1
11369,26308,1
11370,22778,1
11370,25800,1
11370,26097,1
11371,25327,1
11371,25886,1
11372,25675,1
11372,26060,1
11373,25464,1
11374,5052,1
11374,25253,1
11375,24772,1
11375,25042,1
11376,24831,1
11377,24620,1
11377,29867,1
11377,30302,1
11378,24409,1
11379,24198,1
11380,23987,1
11381,2677,1
11381,5897,1
11381,18921,1
11381,23776,1
11382,4956,1
11382,23565,1
11382,26649,1
11383,23354,1
11384,8628,1
11384,23143,1
11384,24189,1
11385,22932,1
11386,22721,1
11386,28022,1
11387,22510,1
11387,23603,1
11388,4322,1
11388,22299,1
11389,22088,1
11389,29254,1
11389,30607,1
11390,21877,1
11391,21666,1
11392,12098,1
11392,21455,1
11393,21244,1
11394,13967,1
11394,21033,1
11395,13023,1
11395,20822,1
11395,26361,1
11396,1822,1
11396,4097,1
11396,20611,1
11396,26425,1
11397,6343,1
11397,20400,1
11398,4185,1
11398,17196,1
11398,20189,1
11399,2981,1
11399,19978,1
11399,30239,1
11400,19767,1
11401,19556,1
11401,25962,1
11402,19345,1
11403,9401,1
11403,18833,1
11403,19134,1
11404,1117,1
11404,18923,1
11405,18712,1
11406,11491,1
11406,18501,1
11406,27976,1
11406,31011,1
11407,15014,1
11407,18290,1
11408,18079,1
11409,17868,1
11410,1973,1
11410,17657,1
11411,17446,1
11411,20018,1
11412,17235,1
11413,17024,1
11414,16813,1
11414,24482,1
11415,16602,1
11416,16391,1
11416,29369,1
11417,13211,1
11417,16180,1
11418,1371,1
11418,15969,1
11418,27612,1
11419,15044,1
11419,15758,1
11419,21962,1
11420,15547,1
11421,9165,1
11421,13966,1
11421,15336,1
11422,15125,1
11423,8421,1
11423,14914,1
11424,14703,1
11424,17175,1
11425,14492,1
11426,5108,1
11426,7082,1
11426,14281,1
11427,14070,1
11428,13859,1
11428,17567,1
11428,18043,1
11428,27497,1
11429,13648,1
11429,32644,1
11430,13437,1
11431,6432,1
11431,13226,1
11431,24508,1
11432,5107,1
11432,13015,1
11432,32508,1
11433,2246,1
11433,12804,1
11433,22016,1
11434,12593,1
11435,12382,1
11435,26961,1
11436,12171,1
11437,11960,1
11438,11749,1
11438,20675,1
11439,11538,1
11439,22874,1
11439,31291,1
11440,11327,1
11441,6613,1
11441,9288,1
11441,11116,1
11442,4608,1
11442,10905,1
11443,10694,1
11444,5375,1
11444,10483,1
11445,7161,1
11445,10272,1
11446,10061,1
11447,9850,1
11447,10854,1
11448,9639,1
11449,9428,1
11449,18595,1
11450,9217,1
11450,26278,1
11451,9006,1
11452,8795,1
11453,8584,1
11453,14230,1
11453,28935,1
11454,8373,1
11454,11501,1
11455,8162,1
11455,19028,1
11456,7951,1
11456,22776,1
11457,7740,1
11457,13884,1
11458,7529,1
11458,12910,1
11459,7318,1
11459,17285,1
11460,4845,1
11460,7107,1
11460,30318,1
11461,766,1
11461,6896,1
11461,18646,1
11462,6685,1
11463,2511,1
11463,6474,1
11464,6263,1
11465,6052,1
11465,6446,1
11466,5841,1
11466,7506,1
11466,10212,1
11467,5266,1
11467,5630,1
11467,22372,1
11468,5419,1
11468,14929,1
11469,3931,1
11469,5208,1
11470,4997,1
11470,25269,1
11471,4786,1
11471,15465,1
11472,4575,1
11473,4364,1
11473,25283,1
11474,3529,1
11474,4153,1
11475,3942,1
11476,3731,1
11477,3520,1
11477,4605,1
11478,3309,1
11479,595,1
11479,3098,1
11480,2887,1
11481,2676,1
11482,2465,1
11482,24507,1
11483,2254,1
11483,25378,1
11484,2043,1
11484,12651,1
11485,1832,1
11485,22284,1
11485,24767,1
11486,1621,1
11486,11578,1
11486,29717,1
11487,1410,1
11487,25831,1
11488,1199,1
11489,988,1
11489,9522,1
11490,777,1
11490,8721,1
11491,566,1
11492,355,1
11493,144,1
11493,7822,1
11493,19063,1
11493,32154,1
11494,32701,1
11495,19444,1
11495,32490,1
11496,11218,1
11496,32279,1
11497,4134,1
11497,15092,1
11497,32068,1
11498,9069,1
11498,31857,1
11499,31646,1
11499,31813,1
11500,31435,1
11501,31224,1
11502,3867,1
11502,8089,1
11502,31013,1
11503,8443,1
11503,30802,1
11504,30591,1
11505,13363,1
11505,30380,1
11506,7497,1
11506,13604,1
11506,30169,1
11507,15688,1
11507,29958,1
11508,29747,1
11509,8799,1
11509,29536,1
11510,29325,1
11511,7968,1
11511,27282,1
11511,29114,1
11512,4168,1
11512,21408,1
11512,28903,1
11513,13008,1
11513,28692,1
11514,12639,1
11514,28481,1
11514,28696,1
11515,28270,1
11516,28059,1
11517,26319,1
11517,27848,1
11518,27637,1
11519,27426,1
11520,11618,1
11520,23754,1
11520,27215,1
11521,10214,1
11521,15129,1
11521,27004,1
11522,26793,1
11523,13384,1
11523,26582,1
11524,26371,1
11525,2334,1
11525,26160,1
11526,4883,1
11526,9812,1
11526,17894,1
11526,25652,1
11526,25949,1
11527,5404,1
11527,16008,1
11527,25738,1
11528,18130,1
11528,25527,1
11529,25316,1
11530,25105,1
11531,20961,1
11531,24053,1
11531,24894,1
11532,24683,1
11533,20667,1
11533,24472,1
11533,26151,1
11534,12090,1
11534,24261,1
11534,28376,1
11535,4853,1
11535,24050,1
11536,23839,1
11537,10127,1
11537,20318,1
11537,23628,1
11537,31376,1
11538,23417,1
11538,25088,1
11539,23206,1
11540,22995,1
11541,22784,1
11542,22573,1
11542,31666,1
11543,14403,1
11543,22362,1
11544,22151,1
11545,3320,1
11545,11881,1
11545,21940,1
11545,23098,1
11545,30638,1
11546,2652,1
11546,5650,1
11546,21729,1
11546,24930,1
11547,21518,1
11547,31936,1
11548,21307,1
11549,21096,1
11549,27126,1
11550,1200,1
11550,20885,1
11551,12348,1
11551,12448,1
11551,20674,1
11551,32369,1
11552,20463,1
11552,26395,1
11552,29309,1
11553,20252,1
11554,20041,1
11555,19830,1
11556,2487,1
11556,3651,1
11556,19619,1
11557,16136,1
11557,19408,1
11558,7970,1
11558,19197,1
11558,21257,1
11559,5833,1
11559,18986,1
11559,20185,1
11560,18775,1
11561,18564,1
11562,18353,1
11563,18142,1
11564,9422,1
11564,17931,1
11564,29790,1
11565,17720,1
11566,17509,1
11567,1417,1
11567,17298,1
11568,13564,1
11568,17087,1
11568,19665,1
11569,14251,1
11569,16876,1
11570,16665,1
11570,25344,1
11571,11538,1
11571,16454,1
11571,18756,1
11572,6141,1
11572,16243,1
11572,19421,1
11572,24899,1
11572,28816,1
11573,197,1
11573,16032,1
11574,15821,1
11575,15610,1
11575,22368,1
11576,15399,1
11577,15188,1
11578,14977,1
11579,14766,1
11579,24600,1
11580,14555,1
11580,18504,1
11581,14344,1
11581,30808,1
11582,14133,1
11583,13922,1
11584,13711,1
11585,13500,1
11586,13289,1
11586,20135,1
11586,27278,1
11587,9354,1
11587,13078,1
11588,12867,1
11588,31488,1
11588,32278,1
11589,12656,1
11589,16258,1
11590,12445,1
11591,3229,1
11591,12234,1
11592,205,1
11592,12023,1
11593,11812,1
11594,7691,1
11594,11601,1
11594,13389,1
11595,3096,1
11595,11390,1
11596,11099,1
11596,11179,1
11596,30456,1
11597,7,1
11597,5827,1
11597,10968,1
11597,15081,1
11597,23476,1
11598,10757,1
11599,10546,1
11600,10335,1
11600,17280,1
11600,21581,1
11601,10124,1
11601,30801,1
11602,2133,1
11602,9913,1
11602,11678,1
11602,32093,1
11603,9702,1
11604,9491,1
11605,9280,1
11605,17909,1
11606,9069,1
11607,8858,1
11607,12584,1
11608,4728,1
11608,8647,1
11608,17523,1
11608,20486,1
11609,8436,1
11609,13539,1
11610,8225,1
11610,22899,1
11611,8014,1
11611,18222,1
11611,30608,1
11612,7803,1
11613,7592,1
11614,7381,1
11614,19708,1
11615,7170,1
11615,10796,1
11615,20271,1
11616,6959,1
11617,5958,1
11617,6748,1
11617,7472,1
11618,6537,1
11618,32243,1
11619,3722,1
11619,6326,1
11619,29835,1
11620,5399,1
11620,6115,1
11620,13977,1
11621,5904,1
11621,24499,1
11622,5693,1
11622,9961,1
11622,19508,1
11622,25461,1
11623,5482,1
11624,696,1
11624,5271,1
11624,11236,1
11625,5060,1
11626,4849,1
11627,4638,1
11627,17432,1
11628,4427,1
11628,9533,1
11629,4216,1
11630,4005,1
11630,5968,1
11630,22083,1
11631,2983,1
11631,3794,1
11631,31271,1
11632,3583,1
11633,3372,1
11633,7919,1
11633,20238,1
11634,3161,1
11635,2950,1
11636,2739,1
11637,2528,1
11638,2317,1
11639,2106,1
11640,1895,1
11640,24909,1
11641,1684,1
11641,27699,1
11642,1473,1
11643,1262,1
11643,20340,1
11643,32638,1
11644,1051,1
11645,840,1
11646,629,1
11646,20938,1
11647,418,1
11648,207,1
11648,2083,1
11649,32764,1
11650,26812,1
11650,32553,1
11651,808,1
11651,32342,1
11652,32131,1
11653,1225,1
11653,4863,1
11653,17989,1
11653,31920,1
11654,10124,1
11654,31709,1
11655,5139,1
11655,8824,1
11655,23266,1
11655,31498,1
11656,24418,1
11656,31287,1
11657,12825,1
11657,31076,1
11658,21029,1
11658,24211,1
11658,30865,1
11659,336,1
11659,10706,1
11659,30654,1
11660,30443,1
11661,30232,1
11662,30021,1
11663,14919,1
11663,20654,1
11663,29810,1
11663,32126,1
11664,22168,1
11664,29599,1
11665,29388,1
11666,29177,1
11666,30568,1
11667,28966,1
11668,10799,1
11668,28755,1
11669,28544,1
11670,8170,1
11670,28333,1
11671,28122,1
11671,28974,1
11672,4247,1
11672,27911,1
11673,4547,1
11673,27700,1
11674,6090,1
11674,27489,1
11675,13662,1
11675,25133,1
11675,27278,1
11676,27067,1
11677,19390,1
11677,26856,1
11678,12334,1
11678,13813,1
11678,22987,1
11678,26645,1
11679,26434,1
11680,6248,1
11680,11566,1
11680,26223,1
11681,8112,1
11681,9890,1
11681,10961,1
11681,20182,1
11681,20364,1
11681,26012,1
11682,14243,1
11682,25801,1
11683,3785,1
11683,22239,1
11683,25590,1
11683,30328,1
11684,814,1
11684,25379,1
11685,25168,1
11686,24957,1
11686,29379,1
11687,24746,1
11688,7004,1
11688,23340,1
11688,24535,1
11689,19977,1
11689,24324,1
11690,24113,1
11691,23902,1
11692,4137,1
11692,10742,1
11692,23691,1
11693,23480,1
11693,25905,1
11694,23269,1
11695,23058,1
11696,22847,1
11697,18744,1
11697,22636,1
11698,22425,1
11699,453,1
11699,22214,1
11700,22003,1
11701,21792,1
11701,32190,1
11702,9962,1
11702,21581,1
11703,10431,1
11703,20809,1
11703,21370,1
11703,22688,1
11704,21159,1
11705,20948,1
11706,20737,1
11707,18584,1
11707,19490,1
11707,20526,1
11708,20315,1
11709,14141,1
11709,18458,1
11709,20104,1
11709,21403,1
11710,19893,1
11710,31476,1
11711,19682,1
11711,19909,1
11712,7148,1
11712,19471,1
11713,5703,1
11713,19260,1
11713,27115,1
11714,19049,1
11715,1646,1
11715,18838,1
11716,437,1
11716,8814,1
11716,18627,1
11717,2765,1
11717,9618,1
11717,18416,1
11718,18205,1
11719,3828,1
11719,15348,1
11719,17994,1
11720,10527,1
11720,17783,1
11721,17572,1
11722,14795,1
11722,17361,1
11723,12829,1
11723,17150,1
11723,19693,1
11724,15729,1
11724,16939,1
11725,16728,1
11725,27329,1
11726,16517,1
11727,3637,1
11727,16306,1
11727,21416,1
11728,16095,1
11729,15884,1
11730,15673,1
11731,8257,1
11731,15462,1
11732,15251,1
11733,965,1
11733,15040,1
11733,15887,1
11734,14829,1
11735,14618,1
11735,28379,1
11736,14407,1
11736,19719,1
11736,22282,1
11736,29164,1
11737,903,1
11737,14196,1
11738,13985,1
11739,13774,1
11739,18480,1
11740,4258,1
11740,4535,1
11740,13563,1
11741,13352,1
11742,13141,1
11742,29801,1
11743,12930,1
11744,12719,1
11744,27520,1
11745,12508,1
11746,12297,1
11747,7625,1
11747,12086,1
11748,11875,1
11748,31727,1
11749,11664,1
11749,22572,1
11749,29227,1
11750,11453,1
11750,31294,1
11751,10981,1
11751,11242,1
11751,31885,1
11752,6032,1
11752,11031,1
11752,12949,1
11753,10820,1
11753,20311,1
11754,10609,1
11754,15612,1
11754,23525,1
11755,10398,1
11755,14422,1
11756,10187,1
11756,13975,1
11757,9976,1
11757,12677,1
11757,31777,1
11758,9765,1
11758,26585,1
11759,9554,1
11760,9343,1
11761,9132,1
11762,8921,1
11762,9286,1
11762,12130,1
11762,20870,1
11762,21292,1
11762,22330,1
11763,6266,1
11763,8710,1
11763,13105,1
11764,8499,1
11764,14782,1
11764,31750,1
11765,8288,1
11765,15071,1
11765,26488,1
11765,30247,1
11766,8077,1
11767,881,1
11767,7866,1
11767,23138,1
11768,5693,1
11768,7655,1
11769,7444,1
11769,14600,1
11770,7233,1
11771,7022,1
11771,23245,1
11772,6811,1
11773,6600,1
11773,24945,1
11774,6389,1
11775,6178,1
11775,12777,1
11775,26798,1
11776,5967,1
11776,31099,1
11777,5756,1
11777,19783,1
11777,23895,1
11778,5545,1
11778,24675,1
11779,5334,1
11779,32335,1
11780,5123,1
11780,13402,1
11781,4912,1
11781,27936,1
11781,31015,1
11782,4701,1
11783,4490,1
11784,4279,1
11785,4068,1
11785,6964,1
11786,3857,1
11786,4284,1
11787,3646,1
11787,28169,1
11788,3435,1
11789,3224,1
11790,3013,1
11791,2802,1
11791,10810,1
11792,2591,1
11793,2380,1
11793,17814,1
11794,2169,1
11795,1958,1
11795,19130,1
11796,1747,1
11796,12436,1
11796,18828,1
11797,1536,1
11797,21366,1
11798,1325,1
11798,24529,1
11799,1114,1
11800,903,1
11800,3696,1
11800,16781,1
11801,692,1
11802,481,1
11803,270,1
11804,59,1
11804,18857,1
11805,32616,1
11806,23213,1
11806,27092,1
11806,32405,1
11807,9003,1
11807,32194,1
11808,28498,1
11808,31983,1
11809,31772,1
11810,5032,1
11810,31561,1
11811,31350,1
11812,31139,1
11813,10601,1
11813,30928,1
11814,27600,1
11814,30717,1
11815,30506,1
11816,28898,1
11816,30295,1
11817,26505,1
11817,30084,1
11817,32158,1
11818,2143,1
11818,29873,1
11819,29662,1
11820,29451,1
11821,29240,1
11822,3930,1
11822,7141,1
11822,21089,1
11822,29029,1
11822,29328,1
11823,3413,1
11823,10878,1
11823,28818,1
11824,13163,1
11824,15536,1
11824,28607,1
11825,1705,1
11825,28396,1
11825,31736,1
11826,28185,1
11827,9897,1
11827,27974,1
11827,30878,1
11828,870,1
11828,4660,1
11828,9645,1
11828,27763,1
11829,24506,1
11829,27552,1
11830,27341,1
11831,27130,1
11832,17332,1
11832,26919,1
11833,17287,1
11833,26708,1
11834,4822,1
11834,26497,1
11835,2555,1
11835,26286,1
11835,27838,1
11836,26075,1
11837,19750,1
11837,25864,1
11838,9952,1
11838,25653,1
11839,16527,1
11839,25442,1
11840,25231,1
11841,3415,1
11841,20064,1
11841,25020,1
11841,27078,1
11842,22909,1
11842,24809,1
11843,24598,1
11844,6230,1
11844,7466,1
11844,24387,1
11845,24176,1
11846,13231,1
11846,23965,1
11847,6045,1
11847,23754,1
11848,21170,1
11848,23543,1
11849,23332,1
11849,32287,1
11850,23121,1
11851,15720,1
11851,22910,1
11852,22699,1
11852,29024,1
11853,1866,1
11853,22488,1
11854,22277,1
11855,22066,1
11856,14295,1
11856,18391,1
11856,21855,1
11857,21644,1
11858,21433,1
11859,21222,1
11860,12251,1
11860,21011,1
11861,16440,1
11861,20800,1
11862,20589,1
11862,31512,1
11863,5319,1
11863,20378,1
11864,20167,1
11865,19956,1
11866,2732,1
11866,19745,1
11867,12167,1
11867,19534,1
11867,28021,1
11868,8263,1
11868,10091,1
11868,19323,1
11868,31380,1
11869,2432,1
11869,19112,1
11869,21825,1
11870,4302,1
11870,18701,1
11870,18901,1
11871,18690,1
11871,31232,1
11872,18479,1
11872,21975,1
11873,18268,1
11874,18057,1
11874,19304,1
11875,17846,1
11875,22390,1
11876,17635,1
11876,27958,1
11877,17424,1
11878,17213,1
11879,17002,1
11879,19310,1
11879,20368,1
11880,16791,1
11880,26509,1
11881,16580,1
11881,25108,1
11882,16369,1
11883,9062,1
11883,10206,1
11883,12941,1
11883,16158,1
11883,26523,1
11884,15947,1
11884,18723,1
11885,15736,1
11886,4359,1
11886,15525,1
11886,19286,1
11887,15314,1
11887,26598,1
11888,5605,1
11888,15103,1
11889,14892,1
11890,1326,1
11890,7909,1
11890,14309,1
11890,14681,1
11890,26591,1
11891,14470,1
11892,14259,1
11893,6775,1
11893,14048,1
11894,6406,1
11894,13837,1
11895,13626,1
11896,13415,1
11896,25711,1
11897,13204,1
11897,19547,1
11897,25286,1
11898,6746,1
11898,12993,1
11898,32575,1
11899,12782,1
11900,12571,1
11901,803,1
11901,1869,1
11901,12360,1
11902,12149,1
11903,11938,1
11903,24264,1
11904,555,1
11904,10272,1
11904,11727,1
11905,11516,1
11906,11305,1
11907,11094,1
11908,10883,1
11908,11217,1
11909,10672,1
11910,10461,1
11910,13534,1
11910,26440,1
11911,10250,1
11911,23031,1
11912,10039,1
11912,13018,1
11913,9828,1
11914,9617,1
11915,9406,1
11916,3801,1
11916,9195,1
11917,8011,1
11917,8984,1
11918,8773,1
11918,23717,1
11919,8562,1
11920,8351,1
11920,16601,1
11920,22289,1
11920,25293,1
11921,8140,1
11922,7929,1
11923,7718,1
11924,7507,1
11924,27306,1
11925,7296,1
11925,13423,1
11926,7085,1
11926,14231,1
11927,6874,1
11927,19626,1
11927,31457,1
11928,6663,1
11928,13485,1
11928,16742,1
11929,6452,1
11929,20923,1
11930,6241,1
11931,6030,1
11932,5819,1
11933,5608,1
11934,5397,1
11934,31713,1
11935,5186,1
11936,4975,1
11937,4764,1
11938,4553,1
11938,8094,1
11939,4342,1
11940,4131,1
11940,20250,1
11940,26333,1
11941,3920,1
11941,10911,1
11941,29714,1
11942,3709,1
11943,3498,1
11944,3287,1
11944,5932,1
11944,26374,1
11945,3076,1
11946,2865,1
11947,2654,1
11948,2443,1
11948,26003,1
11949,2232,1
11950,2021,1
11950,19984,1
11950,21980,1
11951,1810,1
11952,1599,1
11952,6130,1
11952,24146,1
11953,1388,1
11953,15499,1
11954,1177,1
11954,29931,1
11955,966,1
11956,755,1
11957,544,1
11958,333,1
11959,122,1
11959,22170,1
11960,562,1
11960,9915,1
11960,32679,1
11961,32468,1
11962,32257,1
11963,6509,1
11963,14107,1
11963,22164,1
11963,32046,1
11964,21566,1
11964,31835,1
11965,17887,1
11965,31624,1
11966,31413,1
11967,28197,1
11967,31202,1
11968,10968,1
11968,30991,1
11969,24491,1
11969,25225,1
11969,30780,1
11970,9345,1
11970,24415,1
11970,27599,1
11970,30569,1
11971,15714,1
11971,30358,1
11972,6053,1
11972,30147,1
11973,29936,1
11974,29725,1
11975,29514,1
11976,29303,1
11977,4758,1
11977,9726,1
11977,29092,1
11978,3779,1
11978,7912,1
11978,28881,1
11979,28670,1
11980,6784,1
11980,15059,1
11980,17975,1
11980,28459,1
11981,28248,1
11982,8712,1
11982,28037,1
11983,281,1
11983,27826,1
11984,27615,1
11985,27404,1
11986,5246,1
11986,11769,1
11986,27193,1
11987,25032,1
11987,26982,1
11988,3176,1
11988,14675,1
11988,26771,1
11989,14116,1
11989,26560,1
11990,26349,1
11991,26138,1
11992,21342,1
11992,25927,1
11993,15746,1
11993,25695,1
11993,25716,1
11994,895,1
11994,15273,1
11994,25505,1
11995,25294,1
11996,6595,1
11996,11073,1
11996,25083,1
11997,24872,1
11998,24661,1
11998,26526,1
11999,24450,1
12000,24239,1
12001,5068,1
12001,24028,1
12001,29334,1
12001,31082,1
12002,23810,1
12002,23817,1
12003,9358,1
12003,23606,1
12003,26245,1
12004,23395,1
12005,191,1
12005,23184,1
12006,22973,1
12006,23485,1
12007,5590,1
12007,21156,1
12007,22762,1
12008,22551,1
12009,13038,1
12009,22340,1
12010,22129,1
12011,12403,1
12011,21918,1
12012,21707,1
12012,21807,1
12013,3805,1
12013,6753,1
12013,21496,1
12014,5922,1
12014,21285,1
12015,21074,1
12016,14798,1
12016,20863,1
12017,20652,1
12017,21228,1
12017,25465,1
12018,13981,1
12018,20441,1
12019,20230,1
12020,9284,1
12020,20019,1
12020,20643,1
12021,4199,1
12021,19808,1
12021,25693,1
12022,10916,1
12022,19597,1
12023,19386,1
12024,19175,1
12025,6985,1
12025,8375,1
12025,18964,1
12025,28833,1
12026,6987,1
12026,18753,1
12026,22745,1
12026,30275,1
12027,14605,1
12027,18011,1
12027,18542,1
12028,9641,1
12028,10723,1
12028,14047,1
12028,18331,1
12029,18120,1
12030,3066,1
12030,17909,1
12031,17698,1
12032,17487,1
12033,17276,1
12033,20566,1
12033,25175,1
12034,17065,1
12034,17078,1
12035,7722,1
12035,13815,1
12035,16854,1
12036,1862,1
12036,16643,1
12037,16432,1
12037,31257,1
12038,6143,1
12038,16221,1
12039,10118,1
12039,14138,1
12039,16010,1
12040,13433,1
12040,15799,1
12040,18938,1
12040,26997,1
12041,15588,1
12042,15377,1
12042,19720,1
12043,15166,1
12043,28233,1
12044,5467,1
12044,14955,1
12044,25394,1
12045,14744,1
12046,14533,1
12046,20674,1
12047,14322,1
12048,14111,1
12048,22817,1
12049,13900,1
12050,13689,1
12051,13478,1
12051,18570,1
12052,13267,1
12053,1667,1
12053,13056,1
12053,22526,1
12053,23561,1
12053,29650,1
12054,12845,1
12054,19240,1
12055,12634,1
12055,16915,1
12055,17747,1
12056,12423,1
12057,12212,1
12058,12001,1
12058,32466,1
12059,11790,1
12059,13506,1
12060,5454,1
12060,11579,1
12061,11368,1
12061,26414,1
12062,11157,1
12062,11741,1
12063,8842,1
12063,10946,1
12063,15598,1
12063,25872,1
12064,8937,1
12064,10735,1
12065,10524,1
12065,27247,1
12066,10313,1
12066,11152,1
12067,10102,1
12067,21240,1
12068,3630,1
12068,9891,1
12069,1727,1
12069,9680,1
12070,9469,1
12070,30151,1
12071,9258,1
12071,13717,1
12072,8413,1
12072,9047,1
12072,16212,1
12072,31068,1
12073,2358,1
12073,8836,1
12074,8625,1
12074,12522,1
12074,18979,1
12075,8414,1
12075,19171,1
12076,8203,1
12076,11373,1
12076,22590,1
12077,7992,1
12077,13889,1
12077,15239,1
12078,86,1
12078,7781,1
12078,32381,1
12079,7570,1
12080,7359,1
12080,32744,1
12081,3671,1
12081,4101,1
12081,7148,1
12082,6937,1
12083,6726,1
12083,11660,1
12084,6515,1
12085,6304,1
12086,1983,1
12086,6093,1
12086,15753,1
12086,26795,1
12087,5882,1
12087,21796,1
12088,5671,1
12088,19610,1
12089,5460,1
12089,24234,1
12090,5249,1
12090,5727,1
12091,5038,1
12091,18397,1
12091,31211,1
12092,4827,1
12092,26563,1
12093,15,1
12093,4616,1
12094,4405,1
12094,27821,1
12095,2482,1
12095,4194,1
12096,3983,1
12096,4656,1
12097,3772,1
12098,3561,1
12098,28388,1
12099,3350,1
12100,3139,1
12101,520,1
12101,2928,1
12102,2717,1
12102,26272,1
12103,2506,1
12103,12386,1
12104,2295,1
12104,4377,1
12104,7614,1
12104,12200,1
12105,2084,1
12105,2440,1
12106,1873,1
12107,1662,1
12107,18473,1
12108,1451,1
12109,1240,1
12109,11022,1
12109,24084,1
12110,1029,1
12110,18898,1
12111,818,1
12112,607,1
12112,25745,1
12113,396,1
12113,7035,1
12114,185,1
12115,32742,1
12116,32531,1
12117,32320,1
12118,32109,1
12119,10430,1
12119,15872,1
12119,31898,1
12120,31687,1
12121,31476,1
12122,15568,1
12122,31265,1
12123,26498,1
12123,31054,1
12124,7836,1
12124,30843,1
12125,6975,1
12125,30632,1
12126,15749,1
12126,15914,1
12126,21711,1
12126,29562,1
12126,30421,1
12127,22499,1
12127,28685,1
12127,30210,1
12128,4042,1
12128,29999,1
12129,28038,1
12129,29788,1
12130,25709,1
12130,29577,1
12131,11460,1
12131,18871,1
12131,29366,1
12132,29155,1
12133,10596,1
12133,18620,1
12133,28944,1
12134,26664,1
12134,28733,1
12135,6387,1
12135,21499,1
12135,28522,1
12136,1787,1
12136,28311,1
12137,28100,1
12138,27889,1
12139,27678,1
12140,950,1
12140,27467,1
12141,6,1
12141,27256,1
12142,27045,1
12143,26834,1
12144,2657,1
12144,6408,1
12144,26623,1
12145,10423,1
12145,26412,1
12146,19924,1
12146,26201,1
12147,25990,1
12148,25779,1
12149,6664,1
12149,25568,1
12150,12137,1
12150,25357,1
12151,6150,1
12151,25146,1
12152,23478,1
12152,24935,1
12152,30414,1
12153,9603,1
12153,10793,1
12153,24724,1
12154,21394,1
12154,24513,1
12154,32339,1
12155,24302,1
12156,3762,1
12156,4067,1
12156,11563,1
12156,24091,1
12157,23880,1
12158,23669,1
12159,19235,1
12159,23458,1
12160,892,1
12160,23247,1
12161,23036,1
12162,12789,1
12162,22825,1
12163,3337,1
12163,22614,1
12164,22403,1
12165,22192,1
12166,21981,1
12167,19674,1
12167,21770,1
12168,21559,1
12168,29384,1
12169,9383,1
12169,21348,1
12170,21137,1
12170,21587,1
12171,17908,1
12171,20926,1
12172,225,1
12172,20715,1
12173,16274,1
12173,20504,1
12173,25005,1
12174,6854,1
12174,9209,1
12174,20293,1
12174,22917,1
12175,1284,1
12175,15756,1
12175,20082,1
12176,9054,1
12176,19871,1
12177,19660,1
12177,20132,1
12178,8355,1
12178,19449,1
12179,19238,1
12179,21001,1
12180,5962,1
12180,19027,1
12181,17701,1
12181,18816,1
12182,18605,1
12183,18394,1
12184,14254,1
12184,18183,1
12185,15915,1
12185,17972,1
12186,3025,1
12186,17761,1
12187,14757,1
12187,17224,1
12187,17550,1
12188,17339,1
12189,17128,1
12190,11104,1
12190,15339,1
12190,16917,1
12191,1159,1
12191,16706,1
12192,14811,1
12192,16495,1
12192,31565,1
12193,16284,1
12194,11436,1
12194,16073,1
12195,15862,1
12196,15651,1
12197,15440,1
12198,15229,1
12199,15018,1
12200,14807,1
12201,14596,1
12201,15379,1
12201,16920,1
12201,25187,1
12202,11006,1
12202,14385,1
12202,18399,1
12203,14174,1
12203,23527,1
12204,13963,1
12204,22470,1
12205,13752,1
12206,13541,1
12207,13330,1
12207,18058,1
12208,1926,1
12208,13119,1
12208,30527,1
12209,12908,1
12209,14754,1
12210,12697,1
12211,12486,1
12212,568,1
12212,12275,1
12213,4166,1
12213,12064,1
12214,11853,1
12214,22467,1
12215,11642,1
12216,6697,1
12216,11431,1
12216,14732,1
12216,32234,1
12217,11220,1
12218,11009,1
12219,10798,1
12219,19778,1
12219,31793,1
12220,10587,1
12221,3945,1
12221,10376,1
12221,23694,1
12222,10165,1
12222,12290,1
12222,24016,1
12223,9954,1
12224,9743,1
12225,9532,1
12225,24210,1
12226,9321,1
12226,11984,1
12226,13935,1
12227,9110,1
12228,1303,1
12228,8899,1
12228,17961,1
12228,20263,1
12229,8688,1
12229,10483,1
12230,8477,1
12230,16629,1
12231,3969,1
12231,7243,1
12231,8266,1
12231,15076,1
12232,8055,1
12232,26631,1
12232,27390,1
12233,7844,1
12233,11786,1
12233,22359,1
12234,5267,1
12234,7633,1
12235,7422,1
12236,7211,1
12236,12454,1
12236,14203,1
12237,7000,1
12237,21453,1
12238,6789,1
12238,9542,1
12239,6578,1
12239,10902,1
12239,12659,1
12240,6367,1
12240,21048,1
12240,31535,1
12241,4013,1
12241,6156,1
12242,2223,1
12242,3810,1
12242,5945,1
12242,9063,1
12242,29079,1
12242,29767,1
12243,5734,1
12244,5523,1
12244,6275,1
12245,5312,1
12245,31940,1
12246,5101,1
12246,18692,1
12247,4890,1
12247,21699,1
12247,29260,1
12248,4369,1
12248,4679,1
12248,16706,1
12249,4468,1
12250,4257,1
12251,4046,1
12251,23190,1
12252,3835,1
12253,3228,1
12253,3624,1
12253,16437,1
12254,3413,1
12255,3202,1
12255,23940,1
12256,2991,1
12257,2780,1
12257,11502,1
12257,30596,1
12258,2569,1
12258,21451,1
12259,2358,1
12260,2147,1
12261,1936,1
12261,18791,1
12261,24141,1
12262,1725,1
12262,26315,1
12263,1514,1
12264,1303,1
12264,8785,1
12265,1092,1
12265,32607,1
12266,881,1
12266,7851,1
12266,25806,1
12267,670,1
12267,25656,1
12268,459,1
12268,19842,1
12269,248,1
12269,26607,1
12270,37,1
12270,14310,1
12271,2062,1
12271,32594,1
12272,32383,1
12273,32172,1
12274,31961,1
12275,31750,1
12276,8979,1
12276,31539,1
12277,1957,1
12277,27074,1
12277,29266,1
12277,31328,1
12278,1943,1
12278,31117,1
12279,30906,1
12280,14081,1
12280,30695,1
12281,30484,1
12282,5013,1
12282,30273,1
12283,28092,1
12283,30062,1
12284,5793,1
12284,29851,1
12285,21831,1
12285,29640,1
12286,874,1
12286,29429,1
12287,1778,1
12287,4762,1
12287,25989,1
12287,29218,1
12287,29283,1
12288,13079,1
12288,29007,1
12289,6912,1
12289,28796,1
12289,31306,1
12290,24034,1
12290,28585,1
12291,7817,1
12291,28374,1
12292,28163,1
12293,24721,1
12293,27952,1
12294,2069,1
12294,4133,1
12294,11327,1
12294,27741,1
12295,20787,1
12295,27530,1
12296,7877,1
12296,27319,1
12297,27108,1
12298,26897,1
12298,27847,1
12299,4541,1
12299,9683,1
12299,25581,1
12299,26686,1
12300,26475,1
12301,18010,1
12301,26264,1
12302,17106,1
12302,26053,1
12303,4078,1
12303,25842,1
12304,22744,1
12304,25631,1
12305,23686,1
12305,25420,1
12306,14898,1
12306,21488,1
12306,25209,1
12307,24998,1
12308,24787,1
12308,27279,1
12309,1777,1
12309,24576,1
12310,24365,1
12311,9406,1
12311,24154,1
12312,23943,1
12313,3822,1
12313,12590,1
12313,23732,1
12314,19325,1
12314,23521,1
12315,23310,1
12316,23099,1
12316,30387,1
12317,13803,1
12317,18105,1
12317,22888,1
12318,22677,1
12318,28246,1
12319,94,1
12319,22466,1
12320,22255,1
12320,28807,1
12321,554,1
12321,2493,1
12321,22044,1
12322,21833,1
12323,21622,1
12324,7224,1
12324,21411,1
12324,31951,1
12325,8514,1
12325,21200,1
12326,15709,1
12326,20989,1
12327,20778,1
12327,23188,1
12327,29521,1
12328,20567,1
12329,20356,1
12330,16191,1
12330,20145,1
12330,30582,1
12331,5329,1
12331,19934,1
12332,19723,1
12333,19512,1
12334,17183,1
12334,19301,1
12335,19090,1
12336,1232,1
12336,18879,1
12336,19291,1
12337,18668,1
12337,30863,1
12338,18457,1
12338,21307,1
12338,28677,1
12339,18246,1
12340,5686,1
12340,18035,1
12340,26624,1
12341,17824,1
12342,2205,1
12342,16072,1
12342,17613,1
12342,22288,1
12343,17402,1
12344,17191,1
12344,28307,1
12345,16980,1
12346,16769,1
12346,30013,1
12347,16558,1
12348,4545,1
12348,16347,1
12349,8950,1
12349,16136,1
12349,17996,1
12349,23336,1
12349,29435,1
12350,15925,1
12351,7482,1
12351,15714,1
12351,20309,1
12352,15503,1
12352,26035,1
12352,26114,1
12352,28186,1
12353,15292,1
12353,21685,1
12353,28366,1
12354,15081,1
12355,1460,1
12355,14870,1
12355,16481,1
12356,7354,1
12356,14659,1
12357,706,1
12357,4080,1
12357,14448,1
12358,11555,1
12358,14237,1
12358,22774,1
12359,14026,1
12360,13815,1
12361,13604,1
12361,22940,1
12361,32453,1
12362,13393,1
12363,13182,1
12363,15863,1
12364,1002,1
12364,12971,1
12365,12760,1
12366,12549,1
12366,13174,1
12367,12338,1
12368,2126,1
12368,12127,1
12368,32556,1
12369,11916,1
12370,11705,1
12371,11494,1
12372,11283,1
12372,27898,1
12373,11072,1
12373,32224,1
12374,10861,1
12375,10650,1
12376,10439,1
12376,12439,1
12376,23588,1
12377,10228,1
12378,10017,1
12378,11820,1
12378,21705,1
12378,32133,1
12379,9806,1
12379,30263,1
12380,7831,1
12380,9595,1
12380,17733,1
12381,9384,1
12381,18641,1
12381,25157,1
12382,2137,1
12382,9173,1
12383,4924,1
12383,8962,1
12384,8751,1
12384,15061,1
12384,23275,1
12385,8540,1
12386,8329,1
12386,22969,1
12387,8118,1
12387,18608,1
12387,28912,1
12388,7635,1
12388,7907,1
12389,7696,1
12389,24953,1
12390,7485,1
12391,7274,1
12392,7063,1
12393,2926,1
12393,6852,1
12393,7356,1
12393,18637,1
12394,6641,1
12394,13901,1
12395,6430,1
12395,8091,1
12396,6219,1
12397,2565,1
12397,6008,1
12397,14628,1
12398,5797,1
12398,23487,1
12399,5586,1
12399,12128,1
12399,22236,1
12400,5375,1
12401,5164,1
12401,13788,1
12402,4953,1
12402,6951,1
12402,10771,1
12403,4742,1
12404,4531,1
12404,8567,1
12404,27874,1
12405,4320,1
12406,4109,1
12406,13774,1
12406,27587,1
12407,3898,1
12407,24795,1
12408,3687,1
12408,17910,1
12408,23508,1
12408,31965,1
12409,3476,1
12409,5823,1
12410,3265,1
12411,3054,1
12411,10134,1
12411,20722,1
12412,2843,1
12412,26917,1
12413,1439,1
12413,2632,1
12413,5048,1
12414,2421,1
12414,6876,1
12415,2210,1
12416,1999,1
12417,1788,1
12418,1577,1
12418,3769,1
12418,21939,1
12418,30372,1
12418,31699,1
12419,1366,1
12419,14937,1
12419,16266,1
12420,1155,1
12421,944,1
12421,4910,1
12422,733,1
12423,522,1
12423,14639,1
12424,311,1
12424,1815,1
12424,2154,1
12424,3540,1
12425,100,1
12425,21579,1
12425,22646,1
12426,20795,1
12426,32657,1
12427,32446,1
12428,32235,1
12429,23121,1
12429,32024,1
12430,13440,1
12430,20176,1
12430,31639,1
12430,31813,1
12431,31602,1
12432,3887,1
12432,4231,1
12432,12615,1
12432,31391,1
12433,31180,1
12434,2692,1
12434,30969,1
12435,22877,1
12435,30758,1
12435,32331,1
12436,18950,1
12436,30547,1
12437,16007,1
12437,30336,1
12438,30125,1
12439,1081,1
12439,23102,1
12439,29914,1
12440,12500,1
12440,24940,1
12440,29703,1
12441,15421,1
12441,29492,1
12442,9875,1
12442,22429,1
12442,29129,1
12442,29281,1
12443,29070,1
12444,3313,1
12444,12965,1
12444,28859,1
12445,28648,1
12446,28437,1
12447,13127,1
12447,28226,1
12448,10169,1
12448,28015,1
12449,16134,1
12449,27804,1
12449,31021,1
12450,16370,1
12450,27593,1
12451,27382,1
12452,5627,1
12452,21585,1
12452,27171,1
12453,22502,1
12453,26411,1
12453,26960,1
12454,26749,1
12455,25077,1
12455,26538,1
12456,26327,1
12457,18610,1
12457,26116,1
12457,28968,1
12458,3733,1
12458,25905,1
12459,17484,1
12459,18150,1
12459,25694,1
12459,31095,1
12459,31766,1
12460,25483,1
12461,25272,1
12462,25061,1
12463,16477,1
12463,24850,1
12464,24639,1
12465,16581,1
12465,24428,1
12465,29592,1
12466,1821,1
12466,24217,1
12467,24006,1
12468,23795,1
12469,23584,1
12470,11978,1
12470,23373,1
12471,23162,1
12472,22951,1
12473,22740,1
12474,22529,1
12475,9233,1
12475,17622,1
12475,22318,1
12476,22107,1
12477,21896,1
12478,16176,1
12478,21685,1
12479,21474,1
12479,29361,1
12480,21263,1
12480,23082,1
12481,21052,1
12482,6199,1
12482,12570,1
12482,20841,1
12482,26218,1
12483,20630,1
12484,20419,1
12484,20551,1
12485,20208,1
12486,19997,1
12486,25383,1
12487,19786,1
12487,23338,1
12488,19575,1
12488,19955,1
12489,19364,1
12489,26883,1
12490,19153,1
12491,18942,1
12492,4647,1
12492,18731,1
12493,18520,1
12494,18299,1
12494,18309,1
12495,18098,1
12495,32729,1
12496,3091,1
12496,11053,1
12496,17887,1
12497,17676,1
12498,17465,1
12499,17254,1
12500,8786,1
12500,17043,1
12500,32501,1
12501,16832,1
12502,4469,1
12502,16621,1
12503,16233,1
12503,16410,1
12504,16199,1
12505,15988,1
12506,15777,1
12507,15566,1
12507,16799,1
12507,22079,1
12508,4737,1
12508,15355,1
12509,7439,1
12509,15144,1
12510,14933,1
12511,14722,1
12511,18625,1
12512,907,1
12512,14511,1
12513,6846,1
12513,14300,1
12514,5493,1
12514,14089,1
12515,13878,1
12515,15220,1
12516,13667,1
12516,29985,1
12517,13456,1
12518,13245,1
12518,15214,1
12518,29250,1
12519,12886,1
12519,13034,1
12520,2629,1
12520,5413,1
12520,12823,1
12521,10441,1
12521,12612,1
12522,12401,1
12523,2248,1
12523,4278,1
12523,6733,1
12523,12190,1
12523,16958,1
12524,11979,1
12525,11768,1
12526,11557,1
12526,12549,1
12527,4484,1
12527,8453,1
12527,11346,1
12528,206,1
12528,11135,1
12529,10924,1
12529,16520,1
12530,9955,1
12530,10713,1
12531,10502,1
12531,26869,1
12531,32338,1
12532,10291,1
12533,2267,1
12533,10080,1
12533,10125,1
12533,22023,1
12534,9869,1
12534,28160,1
12535,9658,1
12535,16686,1
12536,9447,1
12536,9625,1
12537,8414,1
12537,9236,1
12537,12542,1
12538,9025,1
12538,28819,1
12539,8814,1
12539,22012,1
12540,8603,1
12541,8392,1
12542,8181,1
12542,23301,1
12543,7970,1
12544,4752,1
12544,7759,1
12544,8976,1
12544,11182,1
12544,20365,1
12545,7548,1
12546,2621,1
12546,4429,1
12546,7337,1
12546,17482,1
12546,31080,1
12547,7126,1
12547,10759,1
12547,16214,1
12547,30475,1
12548,6836,1
12548,6915,1
12548,20978,1
12549,6704,1
12549,27665,1
12550,6493,1
12551,6282,1
12552,6071,1
12552,23094,1
12553,5860,1
12554,5649,1
12555,5438,1
12555,12715,1
12556,5227,1
12556,12515,1
12556,31749,1
12557,5016,1
12558,4805,1
12559,2239,1
12559,4594,1
12560,4383,1
12560,25256,1
12561,4172,1
12562,3961,1
12562,7576,1
12563,3750,1
12563,16515,1
12563,19680,1
12564,3539,1
12564,30080,1
12565,3328,1
12565,13170,1
12566,3117,1
12566,21045,1
12566,27983,1
12567,898,1
12567,2906,1
12567,10131,1
12568,2695,1
12568,27368,1
12569,1932,1
12569,2484,1
12569,30389,1
12570,2273,1
12571,2062,1
12572,1851,1
12572,8166,1
12572,19986,1
12572,26633,1
12573,1640,1
12574,1429,1
12574,27380,1
12575,1218,1
12575,22937,1
12576,1007,1
12577,796,1
12577,21983,1
12578,585,1
12579,374,1
12579,12035,1
12580,163,1
12581,32720,1
12582,32509,1
12583,32298,1
12584,32087,1
12585,23404,1
12585,31876,1
12586,7162,1
12586,31665,1
12587,7387,1
12587,24366,1
12587,29537,1
12587,31454,1
12588,10613,1
12588,24359,1
12588,31243,1
12589,31032,1
12590,7505,1
12590,12863,1
12590,18478,1
12590,20729,1
12590,30821,1
12590,31584,1
12591,25725,1
12591,29639,1
12591,30610,1
12592,3738,1
12592,14696,1
12592,30399,1
12593,30188,1
12594,20294,1
12594,29977,1
12595,1535,1
12595,29766,1
12595,29959,1
12596,22211,1
12596,29555,1
12597,1863,1
12597,5411,1
12597,29344,1
12598,11627,1
12598,25453,1
12598,29133,1
12599,1103,1
12599,28922,1
12600,22800,1
12600,28711,1
12600,28871,1
12600,30111,1
12601,28500,1
12602,28289,1
12603,24954,1
12603,28078,1
12604,27867,1
12605,18511,1
12605,27656,1
12606,27445,1
12607,27234,1
12608,27023,1
12609,26812,1
12610,26601,1
12610,27217,1
12611,26390,1
12611,30199,1
12612,13102,1
12612,26179,1
12612,31673,1
12613,25968,1
12614,25757,1
12615,25546,1
12616,25335,1
12617,20438,1
12617,25124,1
12618,24913,1
12618,26323,1
12619,24702,1
12620,24491,1
12621,14335,1
12621,24280,1
12622,1550,1
12622,24069,1
12623,23858,1
12624,5422,1
12624,23647,1
12625,1228,1
12625,20084,1
12625,23436,1
12626,5525,1
12626,9857,1
12626,18118,1
12626,23225,1
12627,23014,1
12628,22803,1
12629,10300,1
12629,17841,1
12629,22592,1
12630,22381,1
12631,20834,1
12631,22170,1
12632,21959,1
12632,26077,1
12633,13036,1
12633,21748,1
12633,32512,1
12634,21537,1
12635,17667,1
12635,21326,1
12636,21115,1
12637,10444,1
12637,20904,1
12638,2957,1
12638,20693,1
12639,373,1
12639,13773,1
12639,20482,1
12640,1814,1
12640,20271,1
12641,7324,1
12641,20060,1
12642,19849,1
12643,19638,1
12644,19427,1
12645,19216,1
12645,30856,1
12646,19005,1
12647,3883,1
12647,18794,1
12648,8598,1
12648,18583,1
12649,7673,1
12649,18372,1
12650,18161,1
12651,17950,1
12651,23993,1
12651,30114,1
12652,17739,1
12653,17528,1
12653,17684,1
12653,27574,1
12653,27664,1
12653,31592,1
12654,17317,1
12655,12358,1
12655,17106,1
12656,16895,1
12656,18095,1
12656,27805,1
12656,28604,1
12657,16684,1
12658,16473,1
12659,16262,1
12660,12773,1
12660,15563,1
12660,16051,1
12661,15840,1
12662,2645,1
12662,15629,1
12662,20383,1
12662,29273,1
12662,29622,1
12663,1780,1
12663,15418,1
12663,28646,1
12664,15207,1
12665,14996,1
12666,14785,1
12667,5162,1
12667,14574,1
12668,14363,1
12668,23149,1
12668,23896,1
12668,26796,1
12669,6928,1
12669,7351,1
12669,14152,1
12669,15449,1
12670,13941,1
12670,16615,1
12670,20159,1
12670,32233,1
12671,13730,1
12672,13519,1
12672,19299,1
12673,1566,1
12673,4061,1
12673,13308,1
12674,1962,1
12674,2716,1
12674,13097,1
12675,12886,1
12676,12675,1
12676,17142,1
12676,26886,1
12677,7172,1
12677,12464,1
12678,12253,1
12678,18474,1
12679,12042,1
12680,11831,1
12680,24605,1
12680,32622,1
12681,8456,1
12681,11620,1
12681,25253,1
12681,28676,1
12682,11409,1
12682,31360,1
12683,11198,1
12683,30014,1
12684,10987,1
12685,10776,1
12686,10565,1
12687,2806,1
12687,10354,1
12687,28253,1
12688,9367,1
12688,10143,1
12688,12742,1
12689,9932,1
12689,12270,1
12690,9721,1
12691,9510,1
12692,9299,1
12692,15181,1
12693,9088,1
12694,8877,1
12694,15659,1
12694,18863,1
12695,3642,1
12695,8666,1
12695,32086,1
12696,8455,1
12696,9632,1
12697,8244,1
12698,8033,1
12699,7822,1
12699,29582,1
12699,32600,1
12700,5720,1
12700,7611,1
12700,12360,1
12700,22650,1
12701,7400,1
12701,12714,1
12701,18061,1
12702,7189,1
12702,16043,1
12703,6978,1
12703,21150,1
12704,6767,1
12705,6556,1
12705,18607,1
12705,24428,1
12706,6345,1
12706,6587,1
12706,22959,1
12707,6134,1
12707,7416,1
12708,5923,1
12709,5712,1
12709,22362,1
12709,23429,1
12710,5501,1
12711,5290,1
12712,5079,1
12712,14507,1
12712,22295,1
12713,4868,1
12713,9108,1
12714,4657,1
12714,14293,1
12714,21938,1
12715,4446,1
12715,5541,1
12715,25185,1
12716,4235,1
12717,4024,1
12717,23881,1
12718,3813,1
12718,11806,1
12719,784,1
12719,3602,1
12719,3894,1
12720,2030,1
12720,3391,1
12721,3180,1
12721,5952,1
12721,16192,1
12722,2969,1
12722,17636,1
12723,2758,1
12723,30572,1
12724,2547,1
12725,2336,1
12726,2125,1
12726,5424,1
12726,6843,1
12727,1914,1
12727,16865,1
12727,24259,1
12728,1703,1
12728,7657,1
12729,1492,1
12729,8993,1
12730,1281,1
12730,25171,1
12731,1070,1
12732,859,1
12733,648,1
12734,437,1
12735,226,1
12735,3088,1
12735,14586,1
12736,15,1
12736,7408,1
12737,19675,1
12737,32572,1
12738,3711,1
12738,32361,1
12739,9002,1
12739,32150,1
12740,31939,1
12741,18652,1
12741,22519,1
12741,31728,1
12742,31517,1
12743,31306,1
12744,3505,1
12744,27326,1
12744,31095,1
12745,19770,1
12745,30884,1
12746,26641,1
12746,30673,1
12747,27182,1
12747,30462,1
12748,5807,1
12748,30251,1
12749,30040,1
12750,29829,1
12751,29618,1
12752,20351,1
12752,29407,1
12753,26442,1
12753,28967,1
12753,29196,1
12754,28985,1
12755,28774,1
12756,28563,1
12757,7449,1
12757,28352,1
12758,28141,1
12759,27930,1
12760,5020,1
12760,26026,1
12760,27719,1
12761,3270,1
12761,13892,1
12761,27508,1
12762,8260,1
12762,27297,1
12763,27086,1
12764,26875,1
12765,1648,1
12765,26664,1
12766,26453,1
12767,26242,1
12767,28034,1
12768,25987,1
12768,26031,1
12769,25820,1
12770,25609,1
12771,25398,1
12772,25187,1
12773,5133,1
12773,20091,1
12773,24976,1
12773,32401,1
12774,24765,1
12775,7022,1
12775,14485,1
12775,24554,1
12776,1110,1
12776,24343,1
12777,24132,1
12778,23921,1
12779,6874,1
12779,23710,1
12780,5779,1
12780,23499,1
12780,23759,1
12781,5459,1
12781,9878,1
12781,11418,1
12781,23288,1
12782,7715,1
12782,23077,1
12783,22866,1
12783,27893,1
12784,14318,1
12784,19449,1
12784,22655,1
12784,30489,1
12785,12734,1
12785,15648,1
12785,22444,1
12786,13276,1
12786,22233,1
12787,5604,1
12787,20924,1
12787,22022,1
12788,7483,1
12788,21811,1
12789,21600,1
12790,21389,1
12791,4917,1
12791,21178,1
12792,7092,1
12792,20967,1
12793,20756,1
12794,3327,1
12794,14555,1
12794,20545,1
12795,20334,1
12796,10594,1
12796,20123,1
12796,28716,1
12797,12501,1
12797,19912,1
12798,10123,1
12798,19701,1
12798,26963,1
12799,19490,1
12800,19279,1
12801,19068,1
12802,18857,1
12802,29385,1
12802,29781,1
12803,8800,1
12803,18646,1
12804,18435,1
12804,24549,1
12805,18224,1
12805,32464,1
12806,2720,1
12806,9830,1
12806,18013,1
12806,25825,1
12807,1589,1
12807,14702,1
12807,17802,1
12808,11206,1
12808,17591,1
12809,10262,1
12809,17380,1
12810,17169,1
12810,29473,1
12811,16958,1
12812,8825,1
12812,16475,1
12812,16747,1
12813,16536,1
12814,644,1
12814,16325,1
12814,28556,1
12815,16114,1
12815,32399,1
12816,15903,1
12817,15692,1
12817,30266,1
12818,15481,1
12819,15270,1
12820,15059,1
12820,17623,1
12820,24213,1
12821,14848,1
12821,30287,1
12822,5994,1
12822,14637,1
12823,6370,1
12823,14426,1
12823,21184,1
12823,26912,1
12824,14215,1
12825,14004,1
12826,13793,1
12827,6832,1
12827,13582,1
12827,17016,1
12828,11742,1
12828,13371,1
12829,11588,1
12829,13160,1
12830,12949,1
12831,12738,1
12832,12527,1
12832,18528,1
12832,26100,1
12833,12316,1
12834,12105,1
12835,11894,1
12835,19971,1
12835,21895,1
12836,11683,1
12837,10229,1
12837,11472,1
12838,1180,1
12838,6974,1
12838,11261,1
12839,11050,1
12840,3693,1
12840,10839,1
12840,21870,1
12841,10628,1
12841,32228,1
12842,10417,1
12843,10206,1
12844,296,1
12844,9586,1
12844,9995,1
12845,9784,1
12846,9573,1
12846,10931,1
12847,9362,1
12848,9151,1
12849,8940,1
12850,8729,1
12850,22698,1
12850,23286,1
12851,8518,1
12851,23883,1
12852,8307,1
12852,27942,1
12853,8096,1
12854,7885,1
12855,7674,1
12856,7463,1
12856,11208,1
12856,23544,1
12857,7252,1
12858,7041,1
12858,17939,1
12859,6830,1
12859,21915,1
12860,6619,1
12861,6408,1
12861,27871,1
12861,30051,1
12862,6197,1
12862,19898,1
12862,20301,1
12863,5986,1
12864,79,1
12864,5775,1
12864,10792,1
12865,5564,1
12865,26720,1
12866,5353,1
12867,5142,1
12867,32604,1
12868,3004,1
12868,4931,1
12869,4720,1
12869,13831,1
12870,4509,1
12870,10705,1
12870,24061,1
12871,4298,1
12871,16760,1
12872,4087,1
12873,3876,1
12874,3665,1
12875,1429,1
12875,3454,1
12875,17595,1
12876,3243,1
12877,3032,1
12878,2821,1
12879,2610,1
12880,2399,1
12881,1779,1
12881,2188,1
12882,1977,1
12883,1766,1
12883,31235,1
12884,1555,1
12884,15486,1
12885,1344,1
12886,1133,1
12886,5370,1
12886,23395,1
12887,922,1
12887,25946,1
12888,711,1
12888,18093,1
12889,500,1
12890,289,1
12890,10858,1
12890,31571,1
12891,78,1
12892,1187,1
12892,14151,1
12892,30166,1
12892,32635,1
12893,11581,1
12893,32424,1
12894,5784,1
12894,9638,1
12894,20120,1
12894,32213,1
12895,16672,1
12895,24822,1
12895,32002,1
12896,1473,1
12896,31791,1
12897,4227,1
12897,20922,1
12897,31580,1
12898,31369,1
12899,31158,1
12900,30947,1
12901,30736,1
12902,30525,1
12903,24187,1
12903,30314,1
12904,30103,1
12905,3499,1
12905,22816,1
12905,29892,1
12906,29681,1
12906,32019,1
12907,2865,1
12907,5947,1
12907,20869,1
12907,24114,1
12907,25223,1
12907,29470,1
12908,29259,1
12909,11447,1
12909,29048,1
12910,12800,1
12910,13395,1
12910,28837,1
12911,719,1
12911,20778,1
12911,28626,1
12912,23569,1
12912,28415,1
12913,28204,1
12913,29353,1
12914,17465,1
12914,18233,1
12914,19460,1
12914,27993,1
12915,27782,1
12916,1782,1
12916,27571,1
12917,27360,1
12917,32022,1
12918,13486,1
12918,27149,1
12919,4593,1
12919,26938,1
12920,26727,1
12921,26516,1
12922,26305,1
12922,30885,1
12923,26094,1
12924,13347,1
12924,25883,1
12925,25672,1
12925,31591,1
12926,21864,1
12926,25461,1
12927,18120,1
12927,25250,1
12928,3770,1
12928,7284,1
12928,25039,1
12929,18419,1
12929,24828,1
12929,25285,1
12930,24617,1
12931,24406,1
12931,24699,1
12932,3533,1
12932,24195,1
12933,23984,1
12934,15164,1
12934,23773,1
12935,23562,1
12936,23351,1
12936,31220,1
12937,23140,1
12937,29220,1
12938,6930,1
12938,22929,1
12939,16641,1
12939,18292,1
12939,20977,1
12939,22718,1
12940,22507,1
12941,22296,1
12942,10892,1
12942,22085,1
12942,22552,1
12943,19575,1
12943,21874,1
12943,31764,1
12944,21663,1
12945,307,1
12945,21452,1
12946,21241,1
12947,19962,1
12947,21030,1
12947,32658,1
12948,466,1
12948,20819,1
12949,20608,1
12950,13944,1
12950,20397,1
12951,20186,1
12952,19975,1
12953,500,1
12953,19764,1
12954,19553,1
12955,14176,1
12955,19342,1
12956,16388,1
12956,19131,1
12956,19228,1
12956,32407,1
12957,4930,1
12957,18920,1
12957,23189,1
12958,12874,1
12958,13083,1
12958,18709,1
12959,1223,1
12959,18498,1
12959,32581,1
12960,18287,1
12961,18076,1
12962,17865,1
12962,22749,1
12963,17654,1
12964,17443,1
12965,17232,1
12966,6860,1
12966,17021,1
12967,16810,1
12968,9582,1
12968,16599,1
12968,20558,1
12969,16388,1
12970,6625,1
12970,16177,1
12970,27811,1
12971,7838,1
12971,15966,1
12972,13330,1
12972,15755,1
12972,20670,1
12972,29348,1
12973,15544,1
12973,16153,1
12973,25336,1
12974,15333,1
12974,23243,1
12974,27916,1
12975,15122,1
12975,20780,1
12976,14911,1
12976,32292,1
12977,10531,1
12977,14700,1
12977,16993,1
12977,21133,1
12978,580,1
12978,11153,1
12978,14489,1
12978,16152,1
12979,2042,1
12979,14278,1
12980,2937,1
12980,4221,1
12980,14067,1
12980,24335,1
12981,7894,1
12981,8462,1
12981,13856,1
12982,13645,1
12983,13434,1
12984,13223,1
12985,13012,1
12985,29031,1
12986,3940,1
12986,12801,1
12987,6536,1
12987,8804,1
12987,12590,1
12987,14394,1
12988,2079,1
12988,12379,1
12989,12168,1
12989,27026,1
12990,5096,1
12990,9595,1
12990,11957,1
12990,14305,1
12990,26422,1
12991,11746,1
12991,12246,1
12991,32130,1
12992,11535,1
12992,11669,1
12993,11324,1
12994,6017,1
12994,11113,1
12994,27641,1
12995,10902,1
12995,10994,1
12996,1675,1
12996,10691,1
12997,10227,1
12997,10480,1
12997,11176,1
12997,17091,1
12998,10269,1
12998,12603,1
12998,29864,1
12999,6485,1
12999,10058,1
12999,23107,1
13000,900,1
13000,9847,1
13001,9636,1
13001,31698,1
13002,9425,1
13003,9214,1
13003,10971,1
13003,28562,1
13004,9003,1
13005,4611,1
13005,8792,1
13005,18727,1
13006,8581,1
13006,15504,1
13007,8370,1
13008,8159,1
13009,7948,1
13009,17705,1
13009,30096,1
13010,7737,1
13010,14312,1
13011,7526,1
13012,7315,1
13013,7104,1
13013,10354,1
13014,6893,1
13015,241,1
13015,6682,1
13016,6471,1
13017,6260,1
13018,6049,1
13018,12760,1
13019,2557,1
13019,5838,1
13020,5627,1
13020,26527,1
13020,29044,1
13021,5416,1
13021,18554,1
13021,18880,1
13022,5205,1
13023,4994,1
13024,4783,1
13024,16855,1
13024,18040,1
13024,22156,1
13025,4572,1
13026,4361,1
13026,24805,1
13027,4150,1
13027,17931,1
13028,3939,1
13028,32271,1
13029,3728,1
13030,3517,1
13030,32240,1
13031,3306,1
13031,9195,1
13032,3095,1
13032,22875,1
13033,2884,1
13034,2673,1
13035,2462,1
13036,2251,1
13036,15591,1
13037,2040,1
13038,1829,1
13039,1618,1
13039,17346,1
13040,1407,1
13040,27598,1
13041,199,1
13041,1196,1
13041,14010,1
13042,985,1
13043,774,1
13043,22448,1
13044,563,1
13044,14130,1
13045,352,1
13045,4940,1
13046,141,1
13047,13461,1
13047,32698,1
13048,5826,1
13048,32487,1
13049,29601,1
13049,32276,1
13050,32065,1
13051,8142,1
13051,31854,1
13052,1040,1
13052,26169,1
13052,31643,1
13053,31432,1
13054,31221,1
13055,31010,1
13056,26080,1
13056,30799,1
13057,21486,1
13057,28395,1
13057,30588,1
13058,18103,1
13058,22931,1
13058,30377,1
13059,3838,1
13059,30166,1
13060,29955,1
13061,6317,1
13061,29744,1
13062,29533,1
13063,29322,1
13064,14734,1
13064,29111,1
13065,5510,1
13065,12206,1
13065,28900,1
13066,3455,1
13066,28689,1
13066,31884,1
13067,10554,1
13067,13902,1
13067,28478,1
13068,28267,1
13069,28056,1
13070,4286,1
13070,7430,1
13070,27845,1
13071,15345,1
13071,27634,1
13071,31315,1
13072,27423,1
13073,27212,1
13074,24058,1
13074,27001,1
13075,16771,1
13075,26790,1
13076,21441,1
13076,26579,1
13077,9746,1
13077,26368,1
13078,26157,1
13079,2588,1
13079,25946,1
13080,23945,1
13080,25735,1
13080,30419,1
13081,5618,1
13081,17011,1
13081,25524,1
13082,25313,1
13082,29185,1
13082,29611,1
13083,2167,1
13083,25102,1
13084,24891,1
13085,24680,1
13086,24469,1
13086,25954,1
13087,11954,1
13087,24258,1
13088,24047,1
13089,23836,1
13090,23625,1
13091,23414,1
13092,23203,1
13092,25305,1
13093,3259,1
13093,12342,1
13093,22992,1
13094,22781,1
13094,24608,1
13095,15237,1
13095,22570,1
13095,31642,1
13096,8505,1
13096,22359,1
13097,22148,1
13098,11941,1
13098,21937,1
13099,21726,1
13099,26126,1
13100,15272,1
13100,21515,1
13101,7090,1
13101,10821,1
13101,21304,1
13102,6347,1
13102,21093,1
13103,20882,1
13104,10682,1
13104,18783,1
13104,20671,1
13105,20460,1
13106,2832,1
13106,20249,1
13107,4689,1
13107,20038,1
13107,28375,1
13108,19827,1
13109,18306,1
13109,19616,1
13110,636,1
13110,19405,1
13111,19194,1
13111,31073,1
13112,18983,1
13112,24759,1
13112,30945,1
13113,13099,1
13113,18772,1
13114,18561,1
13115,12699,1
13115,12917,1
13115,18350,1
13116,18139,1
13117,8988,1
13117,17928,1
13117,20407,1
13118,17717,1
13118,29649,1
13119,16708,1
13119,17506,1
13120,2590,1
13120,17295,1
13121,17084,1
13122,1502,1
13122,12792,1
13122,16873,1
13122,22454,1
13122,23424,1
13123,16662,1
13124,16451,1
13124,26492,1
13125,16240,1
13126,8392,1
13126,16029,1
13127,15818,1
13128,11698,1
13128,15607,1
13129,15396,1
13129,29675,1
13130,13790,1
13130,15185,1
13131,5016,1
13131,14974,1
13132,14763,1
13133,14552,1
13133,22469,1
13134,14341,1
13135,6996,1
13135,14130,1
13136,5034,1
13136,13329,1
13136,13919,1
13137,13708,1
13137,31696,1
13138,6116,1
13138,13497,1
13139,13286,1
13140,13075,1
13140,29363,1
13141,12841,1
13141,12864,1
13141,16732,1
13142,12653,1
13142,13453,1
13142,29832,1
13143,6354,1
13143,12442,1
13143,14595,1
13143,21288,1
13144,12231,1
13145,12020,1
13146,11809,1
13146,19644,1
13147,11598,1
13147,31090,1
13148,11387,1
13149,11176,1
13150,10965,1
13151,10754,1
13151,27348,1
13151,31037,1
13152,10543,1
13152,28885,1
13153,10332,1
13154,7054,1
13154,10121,1
13154,15393,1
13154,20958,1
13155,9910,1
13155,11805,1
13156,9699,1
13156,24705,1
13157,9488,1
13157,12352,1
13158,9277,1
13158,21344,1
13159,9066,1
13160,8855,1
13161,8644,1
13162,8433,1
13162,9193,1
13163,8222,1
13164,8011,1
13164,22293,1
13165,7800,1
13165,8346,1
13166,7589,1
13167,1127,1
13167,7378,1
13167,27358,1
13168,7167,1
13169,6956,1
13169,15286,1
13170,6745,1
13170,12507,1
13171,4840,1
13171,6534,1
13171,9142,1
13171,9968,1
13171,17185,1
13172,6323,1
13172,6848,1
13172,18135,1
13173,6112,1
13174,5901,1
13174,8419,1
13174,12017,1
13174,31001,1
13175,5690,1
13176,5479,1
13176,20473,1
13177,5268,1
13177,25332,1
13178,5057,1
13178,13326,1
13178,28995,1
13179,4846,1
13180,251,1
13180,4635,1
13181,260,1
13181,4424,1
13182,4213,1
13182,11175,1
13182,13910,1
13183,4002,1
13184,3791,1
13185,1227,1
13185,3580,1
13185,29892,1
13186,3369,1
13186,17209,1
13186,22741,1
13187,3158,1
13188,2947,1
13188,8201,1
13188,27200,1
13189,2736,1
13189,10319,1
13189,14938,1
13190,2525,1
13190,3305,1
13190,15152,1
13190,31387,1
13191,2314,1
13192,2103,1
13193,1892,1
13193,2774,1
13193,19950,1
13194,1681,1
13195,1470,1
13195,30448,1
13196,1259,1
13196,20576,1
13197,1048,1
13197,15122,1
13197,27088,1
13198,837,1
13198,16808,1
13198,18905,1
13198,22575,1
13199,626,1
13199,31703,1
13200,415,1
13200,30315,1
13201,204,1
13202,2857,1
13202,32761,1
13203,32550,1
13204,32339,1
13205,32128,1
13206,15173,1
13206,31917,1
13207,31706,1
13208,31495,1
13209,30052,1
13209,31284,1
13210,31073,1
13211,13546,1
13211,25560,1
13211,30862,1
13212,565,1
13212,30651,1
13213,1760,1
13213,10995,1
13213,15526,1
13213,30440,1
13214,16323,1
13214,30229,1
13215,11318,1
13215,30018,1
13216,29807,1
13217,5463,1
13217,29596,1
13218,29385,1
13219,29174,1
13220,25321,1
13220,28963,1
13221,28752,1
13222,9909,1
13222,28541,1
13222,30306,1
13223,28330,1
13224,28119,1
13225,27908,1
13226,19819,1
13226,27697,1
13227,27486,1
13228,27275,1
13229,2160,1
13229,4578,1
13229,27064,1
13230,23223,1
13230,26853,1
13231,10048,1
13231,15517,1
13231,26642,1
13232,26431,1
13233,18537,1
13233,25178,1
13233,26220,1
13234,16273,1
13234,19938,1
13234,25844,1
13234,26009,1
13235,9575,1
13235,12096,1
13235,25598,1
13235,25798,1
13236,25587,1
13237,25376,1
13238,2052,1
13238,25165,1
13239,716,1
13239,15277,1
13239,24954,1
13239,32212,1
13240,7966,1
13240,11644,1
13240,19136,1
13240,24743,1
13240,25840,1
13240,29519,1
13241,11931,1
13241,24532,1
13242,24321,1
13242,29778,1
13243,24110,1
13244,23899,1
13244,29268,1
13245,23688,1
13246,23477,1
13247,1204,1
13247,6514,1
13247,22848,1
13247,23266,1
13248,9571,1
13248,23055,1
13248,32201,1
13249,21079,1
13249,22844,1
13249,26409,1
13250,22633,1
13250,32064,1
13251,22422,1
13252,18279,1
13252,22211,1
13253,22000,1
13254,21789,1
13254,22836,1
13255,21076,1
13255,21578,1
13256,21367,1
13257,1680,1
13257,21156,1
13258,14643,1
13258,20945,1
13259,20734,1
13260,20523,1
13260,31067,1
13261,20312,1
13262,1453,1
13262,20101,1
13263,15003,1
13263,19890,1
13263,21024,1
13264,19679,1
13265,4205,1
13265,19468,1
13266,19257,1
13266,22990,1
13267,15213,1
13267,19046,1
13268,18835,1
13268,21143,1
13269,18624,1
13269,22811,1
13270,5021,1
13270,18413,1
13271,18202,1
13272,17991,1
13272,21455,1
13272,27033,1
13273,974,1
13273,3876,1
13273,17780,1
13274,2965,1
13274,7540,1
13274,17569,1
13275,2728,1
13275,17358,1
13275,18645,1
13276,17147,1
13277,15142,1
13277,16936,1
13278,16725,1
13279,16514,1
13279,21306,1
13280,16303,1
13281,16092,1
13281,16568,1
13282,15881,1
13283,15670,1
13284,15459,1
13285,5087,1
13285,15248,1
13285,17709,1
13286,15037,1
13286,19822,1
13287,625,1
13287,2691,1
13287,14826,1
13287,15290,1
13288,12559,1
13288,13548,1
13288,14615,1
13289,14404,1
13290,14193,1
13291,13982,1
13292,13771,1
13292,28216,1
13293,13560,1
13294,13349,1
13295,13138,1
13296,6835,1
13296,12927,1
13297,12716,1
13298,12505,1
13299,12294,1
13299,18440,1
13300,12083,1
13301,11872,1
13302,738,1
13302,11661,1
13302,29594,1
13303,11450,1
13304,2899,1
13304,11239,1
13305,11028,1
13305,18521,1
13306,10817,1
13307,10606,1
13308,10213,1
13308,10395,1
13308,22805,1
13309,10184,1
13309,23055,1
13310,9973,1
13311,9762,1
13311,29262,1
13312,9387,1
13312,9551,1
13313,9340,1
13313,21666,1
13314,6761,1
13314,9129,1
13314,32692,1
13315,2528,1
13315,8918,1
13315,16360,1
13316,6720,1
13316,8707,1
13317,8496,1
13317,9678,1
13317,28140,1
13318,8285,1
13318,16347,1
13319,7572,1
13319,8074,1
13320,7863,1
13321,7652,1
13321,8205,1
13322,7441,1
13322,18918,1
13323,7230,1
13324,7019,1
13324,7964,1
13325,6808,1
13325,9658,1
13326,2658,1
13326,6597,1
13327,6386,1
13327,30122,1
13328,6175,1
13328,18362,1
13328,23583,1
13329,5964,1
13330,5753,1
13331,5542,1
13332,5331,1
13332,7450,1
13333,2124,1
13333,4778,1
13333,5120,1
13333,23719,1
13334,4909,1
13335,4698,1
13335,7018,1
13336,4487,1
13336,6638,1
13336,11880,1
13337,4276,1
13337,11065,1
13337,14218,1
13337,27420,1
13338,4065,1
13338,5161,1
13338,23128,1
13339,3854,1
13340,3643,1
13341,2704,1
13341,3432,1
13342,3221,1
13342,29053,1
13343,3010,1
13343,10257,1
13344,2799,1
13345,2588,1
13345,2647,1
13345,27489,1
13346,2377,1
13347,2166,1
13347,21669,1
13347,24134,1
13348,1955,1
13348,4471,1
13349,1744,1
13350,1533,1
13350,27558,1
13351,1322,1
13352,1111,1
13352,9710,1
13352,14123,1
13353,900,1
13354,689,1
13354,16063,1
13355,478,1
13356,267,1
13356,20753,1
13357,56,1
13358,23375,1
13358,32613,1
13359,32402,1
13360,32191,1
13361,4432,1
13361,31980,1
13362,31769,1
13363,16234,1
13363,31558,1
13364,5850,1
13364,31347,1
13365,7194,1
13365,31136,1
13366,30925,1
13367,30714,1
13368,30503,1
13369,30292,1
13370,11255,1
13370,21937,1
13370,30081,1
13371,15865,1
13371,29870,1
13371,30477,1
13372,26662,1
13372,29659,1
13373,29448,1
13374,109,1
13374,29237,1
13375,1750,1
13375,20497,1
13375,29026,1
13376,28815,1
13377,28604,1
13378,1193,1
13378,15982,1
13378,18033,1
13378,28393,1
13379,16051,1
13379,28182,1
13380,27246,1
13380,27971,1
13381,27760,1
13382,27549,1
13383,8206,1
13383,27338,1
13384,5131,1
13384,8404,1
13384,27127,1
13385,14428,1
13385,26916,1
13386,9936,1
13386,15605,1
13386,26705,1
13387,9150,1
13387,26494,1
13388,26283,1
13389,26072,1
13390,6771,1
13390,16796,1
13390,25861,1
13391,25650,1
13392,6605,1
13392,17211,1
13392,25439,1
13393,25228,1
13393,32263,1
13394,2221,1
13394,11252,1
13394,20767,1
13394,25017,1
13395,24806,1
13395,29399,1
13395,29523,1
13396,24595,1
13397,24384,1
13398,1389,1
13398,24173,1
13399,4523,1
13399,9990,1
13399,23962,1
13399,25887,1
13400,23751,1
13401,23540,1
13402,14965,1
13402,16488,1
13402,23329,1
13403,23118,1
13403,31633,1
13404,13323,1
13404,22907,1
13405,14409,1
13405,22696,1
13406,22485,1
13406,26515,1
13407,3373,1
13407,22274,1
13408,22063,1
13409,21852,1
13410,21641,1
13411,16195,1
13411,21430,1
13412,10377,1
13412,21219,1
13413,21008,1
13414,20797,1
13415,20586,1
13415,25376,1
13416,10405,1
13416,20375,1
13416,22241,1
13417,13340,1
13417,20164,1
13417,26804,1
13418,19953,1
13419,19742,1
13420,2485,1
13420,19531,1
13421,19320,1
13422,19109,1
13423,18898,1
13423,32541,1
13424,5115,1
13424,18687,1
13424,30561,1
13424,32679,1
13425,10921,1
13425,18476,1
13426,8837,1
13426,18265,1
13427,4041,1
13427,14653,1
13427,18054,1
13428,17843,1
13428,24933,1
13429,17632,1
13430,403,1
13430,17421,1
13431,17210,1
13432,16999,1
13432,17269,1
13432,17290,1
13432,32152,1
13433,13113,1
13433,13876,1
13433,16788,1
13434,16577,1
13435,16366,1
13436,14249,1
13436,16155,1
13436,25973,1
13437,13588,1
13437,15944,1
13438,2952,1
13438,3683,1
13438,15733,1
13438,27322,1
13439,8018,1
13439,15522,1
13439,26197,1
13440,15311,1
13441,15100,1
13441,16816,1
13441,20147,1
13442,14889,1
13443,14678,1
13443,24431,1
13443,32570,1
13444,14467,1
13445,11265,1
13445,14256,1
13446,13972,1
13446,14045,1
13447,13834,1
13448,13623,1
13448,18688,1
13449,13412,1
13449,15853,1
13450,13201,1
13451,5695,1
13451,12990,1
13452,12779,1
13453,12568,1
13454,12357,1
13455,12146,1
13455,26684,1
13456,11935,1
13457,455,1
13457,11724,1
13457,30181,1
13458,11513,1
13459,4886,1
13459,4969,1
13459,11302,1
13460,2302,1
13460,11091,1
13460,21719,1
13461,10880,1
13462,10669,1
13462,23608,1
13463,7155,1
13463,10458,1
13464,10247,1
13464,22046,1
13465,6490,1
13465,10036,1
13465,23156,1
13465,28632,1
13466,9825,1
13467,9614,1
13467,26966,1
13468,9403,1
13469,9192,1
13469,12881,1
13469,13006,1
13469,30225,1
13469,32613,1
13470,6820,1
13470,8981,1
13470,30666,1
13471,5409,1
13471,6727,1
13471,8770,1
13472,821,1
13472,8559,1
13473,8348,1
13473,11597,1
13474,8137,1
13475,3658,1
13475,7926,1
13475,18599,1
13476,7715,1
13477,7504,1
13478,7293,1
13479,7082,1
13479,26317,1
13480,6871,1
13481,6660,1
13481,17819,1
13482,6449,1
13482,7978,1
13483,6238,1
13484,2723,1
13484,6027,1
13484,16652,1
13485,5816,1
13485,30307,1
13486,2478,1
13486,5605,1
13486,15634,1
13487,5394,1
13487,32139,1
13488,5183,1
13488,7602,1
13488,24049,1
13488,28247,1
13489,4972,1
13489,25773,1
13490,4761,1
13490,10362,1
13491,4550,1
13492,4339,1
13492,24771,1
13493,4128,1
13493,6994,1
13493,11245,1
13494,3917,1
13494,28784,1
13495,3706,1
13495,13287,1
13496,3495,1
13497,3284,1
13498,2751,1
13498,3073,1
13498,24831,1
13499,2862,1
13499,9926,1
13499,27761,1
13500,2651,1
13501,2440,1
13502,420,1
13502,2229,1
13502,4972,1
13502,7239,1
13503,2018,1
13503,9835,1
13504,1807,1
13505,1596,1
13506,1385,1
13507,1174,1
13507,6634,1
13508,963,1
13509,752,1
13509,6315,1
13509,11186,1
13510,541,1
13511,330,1
13512,119,1
13513,32676,1
13514,6085,1
13514,18088,1
13514,24154,1
13514,32465,1
13515,22695,1
13515,27978,1
13515,32254,1
13516,17153,1
13516,20488,1
13516,32043,1
13517,19380,1
13517,26665,1
13517,31832,1
13518,6451,1
13518,7028,1
13518,31621,1
13519,3043,1
13519,3067,1
13519,3079,1
13519,11322,1
13519,31410,1
13520,31199,1
13520,32288,1
13521,30988,1
13522,30391,1
13522,30777,1
13523,30566,1
13524,8958,1
13524,30355,1
13525,17192,1
13525,30144,1
13525,31657,1
13526,25389,1
13526,26853,1
13526,29933,1
13527,29722,1
13528,17051,1
13528,27888,1
13528,29511,1
13529,24077,1
13529,29300,1
13530,29089,1
13531,28878,1
13532,16086,1
13532,28667,1
13533,28456,1
13534,5685,1
13534,28245,1
13534,31177,1
13535,17361,1
13535,28034,1
13536,12364,1
13536,13005,1
13536,14104,1
13536,27823,1
13537,27612,1
13537,27852,1
13538,27401,1
13538,29996,1
13538,31527,1
13539,27190,1
13540,13124,1
13540,19350,1
13540,26979,1
13540,28775,1
13541,14568,1
13541,19221,1
13541,26768,1
13541,30711,1
13541,32385,1
13542,22784,1
13542,24356,1
13542,26557,1
13542,30293,1
13543,26110,1
13543,26346,1
13543,26700,1
13544,3133,1
13544,16353,1
13544,26135,1
13545,18984,1
13545,25924,1
13546,25126,1
13546,25713,1
13546,28108,1
13547,25502,1
13548,25291,1
13549,25080,1
13550,10715,1
13550,24869,1
13551,24658,1
13552,23894,1
13552,24447,1
13552,26196,1
13553,24236,1
13554,7623,1
13554,24025,1
13554,25215,1
13555,23814,1
13556,10866,1
13556,23603,1
13557,2404,1
13557,18820,1
13557,23392,1
13558,3256,1
13558,9994,1
13558,16940,1
13558,23181,1
13559,22970,1
13559,28662,1
13560,22759,1
13561,22548,1
13562,22337,1
13562,32213,1
13563,6917,1
13563,19595,1
13563,22126,1
13563,30090,1
13564,21915,1
13564,31340,1
13564,32618,1
13565,9416,1
13565,12726,1
13565,21704,1
13565,22781,1
13566,21493,1
13567,21282,1
13568,15386,1
13568,21071,1
13569,20775,1
13569,20860,1
13569,23258,1
13569,23666,1
13570,9072,1
13570,20649,1
13571,20438,1
13572,20227,1
13573,5848,1
13573,20016,1
13573,25034,1
13574,2919,1
13574,19805,1
13574,22090,1
13575,4102,1
13575,4948,1
13575,11702,1
13575,19594,1
13576,19383,1
13577,6374,1
13577,19172,1
13578,18961,1
13579,8009,1
13579,18750,1
13580,4413,1
13580,18539,1
13580,22005,1
13581,8002,1
13581,18328,1
13581,19524,1
13581,28373,1
13582,10600,1
13582,18117,1
13582,18602,1
13583,17906,1
13584,17695,1
13584,21203,1
13585,17484,1
13586,11851,1
13586,17273,1
13587,10701,1
13587,17062,1
13587,23065,1
13587,28619,1
13588,1350,1
13588,16851,1
13589,11912,1
13589,16640,1
13589,24099,1
13590,16429,1
13590,19093,1
13590,32305,1
13591,15494,1
13591,16218,1
13591,19606,1
13592,13687,1
13592,16007,1
13593,15796,1
13593,16132,1
13593,32129,1
13594,15585,1
13595,15374,1
13596,15163,1
13597,14952,1
13598,14741,1
13599,14530,1
13599,28509,1
13600,11193,1
13600,14319,1
13601,14108,1
13601,15278,1
13601,30221,1
13602,13897,1
13602,17950,1
13603,13686,1
13604,11243,1
13604,13475,1
13605,13264,1
13605,21956,1
13605,23761,1
13606,7520,1
13606,12850,1
13606,13053,1
13606,28883,1
13607,12842,1
13608,12631,1
13608,32380,1
13609,12420,1
13609,19453,1
13609,22759,1
13609,31914,1
13610,12209,1
13611,11998,1
13612,11787,1
13613,11576,1
13614,11365,1
13615,11154,1
13616,10943,1
13616,29604,1
13617,10732,1
13617,12602,1
13617,24935,1
13618,3082,1
13618,10521,1
13618,18848,1
13619,10310,1
13620,10099,1
13621,9888,1
13621,30858,1
13622,612,1
13622,9677,1
13622,26519,1
13623,9466,1
13623,12201,1
13623,21539,1
13623,27271,1
13623,27584,1
13624,9255,1
13624,32503,1
13625,9044,1
13626,5192,1
13626,8833,1
13627,8622,1
13628,8411,1
13628,10330,1
13629,1881,1
13629,8200,1
13629,22881,1
13630,1960,1
13630,7989,1
13630,11167,1
13631,7778,1
13631,18728,1
13632,7567,1
13632,27704,1
13633,4027,1
13633,7356,1
13633,9117,1
13633,12702,1
13634,7145,1
13635,2895,1
13635,6934,1
13635,26067,1
13635,30988,1
13636,6723,1
13636,23394,1
13637,6512,1
13638,6301,1
13639,6090,1
13640,5879,1
13640,16427,1
13641,5668,1
13641,11981,1
13641,27075,1
13642,5457,1
13643,5246,1
13644,5035,1
13644,13508,1
13645,4824,1
13645,11406,1
13645,12027,1
13645,20252,1
13646,4613,1
13647,4402,1
13647,30082,1
13647,31209,1
13648,4191,1
13648,30128,1
13649,3980,1
13650,3769,1
13650,13862,1
13650,22230,1
13651,3558,1
13652,3347,1
13653,3136,1
13653,26674,1
13654,2925,1
13655,1649,1
13655,2714,1
13655,9899,1
13656,2503,1
13656,15172,1
13656,29444,1
13657,2292,1
13657,16382,1
13657,29233,1
13658,2081,1
13658,2780,1
13659,1870,1
13659,18461,1
13660,1659,1
13661,1448,1
13661,23792,1
13662,1237,1
13663,1026,1
13663,18420,1
13663,19432,1
13663,21918,1
13664,815,1
13664,4318,1
13665,604,1
13665,9757,1
13666,393,1
13667,182,1
13667,23774,1
13668,32739,1
13669,4053,1
13669,15196,1
13669,32528,1
13670,10803,1
13670,32317,1
13671,24918,1
13671,32106,1
13672,15426,1
13672,31895,1
13673,4183,1
13673,4358,1
13673,17708,1
13673,31684,1
13674,31473,1
13675,31262,1
13675,31283,1
13676,21178,1
13676,26996,1
13676,31051,1
13677,30840,1
13678,12449,1
13678,30629,1
13679,4639,1
13679,30418,1
13680,11307,1
13680,30207,1
13681,29996,1
13682,4152,1
13682,18372,1
13682,29785,1
13683,29574,1
13684,10498,1
13684,29363,1
13685,29152,1
13686,809,1
13686,28941,1
13687,26166,1
13687,28730,1
13688,14472,1
13688,20391,1
13688,28519,1
13689,16474,1
13689,28308,1
13690,28097,1
13691,27886,1
13692,27675,1
13692,28194,1
13692,31952,1
13693,27464,1
13693,31300,1
13694,27253,1
13694,31863,1
13695,4665,1
13695,27042,1
13695,31198,1
13696,22599,1
13696,26831,1
13697,26620,1
13697,27776,1
13698,26409,1
13699,26198,1
13700,25987,1
13700,31405,1
13701,25776,1
13701,32707,1
13702,73,1
13702,25565,1
13703,25354,1
13704,25143,1
13705,24932,1
13706,14031,1
13706,14599,1
13706,24721,1
13707,3609,1
13707,24510,1
13708,16862,1
13708,24299,1
13709,24088,1
13710,15264,1
13710,23877,1
13711,23666,1
13711,26808,1
13711,29655,1
13712,23455,1
13713,23244,1
13713,31252,1
13714,8424,1
13714,23033,1
13715,10149,1
13715,22822,1
13715,24273,1
13716,22611,1
13717,722,1
13717,22400,1
13717,25673,1
13718,7170,1
13718,20945,1
13718,22189,1
13719,21978,1
13720,15868,1
13720,21767,1
13720,31477,1
13721,19481,1
13721,21556,1
13722,21345,1
13723,3920,1
13723,21134,1
13723,26296,1
13724,7584,1
13724,20923,1
13725,2472,1
13725,20712,1
13726,20501,1
13727,20290,1
13728,15896,1
13728,20079,1
13729,5225,1
13729,11720,1
13729,19868,1
13730,12450,1
13730,19657,1
13731,19446,1
13731,29721,1
13732,383,1
13732,11495,1
13732,19235,1
13733,3890,1
13733,19024,1
13734,18813,1
13735,18602,1
13736,18391,1
13736,27071,1
13737,18180,1
13737,25326,1
13738,17969,1
13739,17758,1
13740,17547,1
13741,17336,1
13742,17125,1
13743,16914,1
13743,17504,1
13743,28094,1
13743,30610,1
13744,2094,1
13744,9673,1
13744,16703,1
13744,30512,1
13745,16492,1
13746,16281,1
13747,16070,1
13748,15859,1
13748,30563,1
13749,15648,1
13749,27295,1
13750,15437,1
13751,326,1
13751,15226,1
13752,15015,1
13753,474,1
13753,14804,1
13753,17139,1
13753,29853,1
13754,14593,1
13754,18304,1
13755,13587,1
13755,14382,1
13756,4971,1
13756,5482,1
13756,7618,1
13756,9479,1
13756,14171,1
13757,2500,1
13757,13960,1
13758,13749,1
13759,13538,1
13759,26193,1
13759,27082,1
13760,13327,1
13761,13116,1
13761,22797,1
13762,12905,1
13763,12694,1
13764,12483,1
13765,11536,1
13765,12272,1
13765,13623,1
13766,705,1
13766,2150,1
13766,12061,1
13766,13349,1
13767,11850,1
13768,11639,1
13769,2837,1
13769,11428,1
13769,30218,1
13770,11217,1
13770,20592,1
13770,28024,1
13770,32012,1
13771,11006,1
13771,18346,1
13772,10795,1
13773,3815,1
13773,6787,1
13773,10584,1
13774,9221,1
13774,10373,1
13775,10162,1
13776,9951,1
13776,30710,1
13777,9740,1
13777,24974,1
13778,9529,1
13778,16546,1
13778,24007,1
13779,9318,1
13780,9107,1
13781,8896,1
13782,8685,1
13783,8474,1
13784,8263,1
13784,16160,1
13785,8052,1
13786,243,1
13786,7841,1
13786,13198,1
13787,7630,1
13788,7419,1
13788,7591,1
13788,14928,1
13789,7208,1
13789,14330,1
13790,6997,1
13790,8304,1
13791,6786,1
13791,15949,1
13792,6575,1
13793,6364,1
13794,3399,1
13794,6153,1
13794,21771,1
13795,1612,1
13795,5942,1
13795,30451,1
13796,5731,1
13797,5520,1
13798,5309,1
13799,5098,1
13799,9717,1
13799,29170,1
13800,4887,1
13801,4676,1
13801,26370,1
13802,4465,1
13802,27917,1
13803,4254,1
13803,20274,1
13803,21957,1
13804,415,1
13804,4043,1
13805,3832,1
13805,17825,1
13806,3621,1
13807,3311,1
13807,3410,1
13807,18298,1
13807,27849,1
13808,3199,1
13808,19223,1
13809,2988,1
13810,2777,1
13811,2566,1
13811,16130,1
13812,2355,1
13813,2144,1
13813,8571,1
13813,17488,1
13814,1933,1
13814,30680,1
13815,1075,1
13815,1722,1
13816,1511,1
13816,6139,1
13817,1300,1
13818,1089,1
13818,10077,1
13818,24257,1
13819,878,1
13819,13942,1
13820,667,1
13820,7310,1
13820,29322,1
13821,456,1
13821,17834,1
13821,22570,1
13822,245,1
13822,19788,1
13822,20571,1
13822,29756,1
13822,32689,1
13823,34,1
13823,20130,1
13824,32591,1
13825,32380,1
13826,32169,1
13827,3018,1
13827,21906,1
13827,31958,1
13828,6675,1
13828,31747,1
13829,31536,1
13830,31325,1
13831,11788,1
13831,31114,1
13832,20215,1
13832,30903,1
13833,18426,1
13833,23600,1
13833,30692,1
13833,31022,1
13834,30481,1
13835,27680,1
13835,30270,1
13836,30059,1
13837,50,1
13837,5116,1
13837,20768,1
13837,23013,1
13837,29848,1
13838,29637,1
13839,23252,1
13839,29426,1
13840,8590,1
13840,16033,1
13840,29215,1
13841,9921,1
13841,29004,1
13842,17284,1
13842,28793,1
13843,9499,1
13843,12974,1
13843,28582,1
13844,13492,1
13844,24062,1
13844,28371,1
13845,28160,1
13846,27949,1
13847,27738,1
13847,30135,1
13848,1197,1
13848,27527,1
13849,18747,1
13849,27316,1
13850,27105,1
13851,15335,1
13851,16685,1
13851,26894,1
13852,26683,1
13853,3824,1
13853,26472,1
13854,26261,1
13855,26050,1
13856,25839,1
13857,4586,1
13857,19682,1
13857,25628,1
13858,3538,1
13858,25417,1
13859,4308,1
13859,25206,1
13860,24995,1
13860,30670,1
13861,21439,1
13861,24784,1
13862,5137,1
13862,24573,1
13863,24362,1
13864,11796,1
13864,24151,1
13865,5261,1
13865,22657,1
13865,23940,1
13865,24435,1
13865,31762,1
13866,23729,1
13866,24936,1
13867,23518,1
13868,4229,1
13868,4721,1
13868,23307,1
13869,14561,1
13869,23096,1
13870,8585,1
13870,22885,1
13870,27218,1
13870,28927,1
13871,4552,1
13871,22674,1
13871,32751,1
13872,8159,1
13872,22463,1
13873,1178,1
13873,13995,1
13873,22252,1
13874,22041,1
13875,21830,1
13876,21619,1
13877,21408,1
13878,17697,1
13878,21197,1
13879,14030,1
13879,18070,1
13879,20986,1
13880,20775,1
13881,20564,1
13882,15663,1
13882,20353,1
13883,20142,1
13884,19931,1
13885,14669,1
13885,19720,1
13886,19509,1
13887,13345,1
13887,19298,1
13887,25894,1
13888,19087,1
13888,19584,1
13889,18876,1
13890,12497,1
13890,18665,1
13890,32671,1
13891,18454,1
13892,18243,1
13892,20441,1
13893,3442,1
13893,9938,1
13893,16100,1
13893,18032,1
13894,17821,1
13894,19632,1
13895,8102,1
13895,17610,1
13895,23804,1
13896,14977,1
13896,17399,1
13897,17188,1
13897,23203,1
13897,31135,1
13897,32588,1
13898,16607,1
13898,16977,1
13898,27515,1
13899,16766,1
13899,22832,1
13900,16555,1
13900,21540,1
13900,28976,1
13901,16344,1
13902,4189,1
13902,16133,1
13902,18945,1
13902,21698,1
13903,9370,1
13903,15922,1
13904,15711,1
13905,15500,1
13906,2319,1
13906,15289,1
13906,31829,1
13907,15078,1
13908,9409,1
13908,14867,1
13909,14656,1
13909,32174,1
13910,14445,1
13910,29787,1
13911,14234,1
13912,11524,1
13912,14023,1
13913,13812,1
13913,22358,1
13913,29600,1
13914,2850,1
13914,13601,1
13915,13390,1
13916,13179,1
13917,12968,1
13918,12757,1
13918,31253,1
13919,12546,1
13920,2316,1
13920,2878,1
13920,12335,1
13921,12124,1
13922,2587,1
13922,10647,1
13922,11913,1
13923,11702,1
13923,30852,1
13924,11491,1
13924,25456,1
13925,3621,1
13925,11280,1
13925,25301,1
13926,9356,1
13926,11069,1
13926,18841,1
13927,10858,1
13928,10647,1
13929,10436,1
13929,26691,1
13929,32693,1
13930,10225,1
13930,10288,1
13930,10849,1
13930,18568,1
13931,10014,1
13932,2808,1
13932,9803,1
13933,9592,1
13934,9381,1
13935,9170,1
13935,15168,1
13935,23801,1
13936,8959,1
13936,29847,1
13937,8748,1
13938,8537,1
13938,11647,1
13939,6976,1
13939,8326,1
13940,8115,1
13941,7904,1
13942,7693,1
13943,7482,1
13944,2630,1
13944,7271,1
13944,10552,1
13944,10643,1
13944,21161,1
13945,7060,1
13945,22704,1
13946,6849,1
13946,22051,1
13946,26637,1
13947,6638,1
13947,28208,1
13948,6427,1
13949,6216,1
13950,6005,1
13950,18469,1
13951,1315,1
13951,5794,1
13951,6538,1
13951,14329,1
13952,5583,1
13953,5372,1
13954,5161,1
13954,6658,1
13955,421,1
13955,4950,1
13956,4739,1
13956,5511,1
13956,26878,1
13957,4528,1
13957,15681,1
13957,23354,1
13958,4317,1
13959,4106,1
13959,15718,1
13960,113,1
13960,3895,1
13961,3684,1
13961,30313,1
13962,3473,1
13963,3262,1
13964,3051,1
13964,5234,1
13964,30517,1
13965,2840,1
13965,9705,1
13965,14223,1
13965,18529,1
13965,25729,1
13966,2629,1
13967,2418,1
13967,22347,1
13967,25952,1
13968,2207,1
13969,1996,1
13970,1785,1
13970,6853,1
13970,30585,1
13971,1574,1
13972,1363,1
13972,5648,1
13972,14250,1
13972,20284,1
13973,1152,1
13973,9898,1
13974,941,1
13974,27458,1
13974,27895,1
13975,730,1
13975,836,1
13975,1251,1
13976,519,1
13977,308,1
13977,20791,1
13977,22159,1
13978,97,1
13978,4155,1
13979,7407,1
13979,32654,1
13980,10046,1
13980,32443,1
13981,15778,1
13981,32232,1
13982,14356,1
13982,32021,1
13983,31810,1
13984,28822,1
13984,31599,1
13985,27854,1
13985,31388,1
13986,31177,1
13987,28053,1
13987,30966,1
13988,11,1
13988,17231,1
13988,30755,1
13989,8177,1
13989,30544,1
13990,3833,1
13990,30333,1
13990,32358,1
13991,30122,1
13992,8903,1
13992,29911,1
13993,12237,1
13993,29700,1
13993,30185,1
13994,19577,1
13994,29489,1
13995,1847,1
13995,29278,1
13996,29067,1
13997,2503,1
13997,22421,1
13997,24464,1
13997,27139,1
13997,28856,1
13998,2688,1
13998,28645,1
13999,15041,1
13999,28434,1
14000,19697,1
14000,28223,1
14001,28012,1
14002,27801,1
14003,2966,1
14003,23951,1
14003,27590,1
14004,27379,1
14005,15443,1
14005,27168,1
14006,13154,1
14006,26957,1
14007,17942,1
14007,26746,1
14008,16,1
14008,26535,1
14008,32583,1
14009,3059,1
14009,4984,1
14009,26324,1
14010,26113,1
14011,591,1
14011,10543,1
14011,25902,1
14012,1017,1
14012,5697,1
14012,20804,1
14012,25691,1
14012,31024,1
14013,15999,1
14013,25480,1
14014,25269,1
14015,25058,1
14016,24847,1
14017,24636,1
14018,22028,1
14018,24425,1
14019,13663,1
14019,16525,1
14019,24214,1
14020,16960,1
14020,24003,1
14021,190,1
14021,4933,1
14021,23792,1
14022,23581,1
14023,23370,1
14024,23159,1
14024,29556,1
14025,18151,1
14025,22948,1
14026,10511,1
14026,11761,1
14026,22737,1
14027,13196,1
14027,22526,1
14028,22315,1
14028,30105,1
14029,22104,1
14030,21893,1
14031,21682,1
14031,30612,1
14032,21471,1
14033,21260,1
14034,5283,1
14034,21049,1
14035,20838,1
14036,20627,1
14036,22410,1
14037,20416,1
14038,20205,1
14039,19994,1
14040,19783,1
14041,5904,1
14041,19572,1
14042,5069,1
14042,19361,1
14043,911,1
14043,19150,1
14044,18939,1
14044,19137,1
14045,18728,1
14045,32179,1
14046,15900,1
14046,18517,1
14047,3264,1
14047,18306,1
14047,18816,1
14047,32215,1
14048,18095,1
14049,17884,1
14050,12484,1
14050,15893,1
14050,17673,1
14051,17462,1
14052,17251,1
14053,13100,1
14053,17040,1
14053,22834,1
14053,28812,1
14054,16829,1
14054,21532,1
14055,16618,1
14056,16407,1
14057,16196,1
14057,29298,1
14058,15985,1
14059,15774,1
14059,18498,1
14060,15563,1
14061,15352,1
14062,15141,1
14063,14930,1
14063,23649,1
14063,24387,1
14064,14719,1
14064,17020,1
14065,5554,1
14065,14508,1
14066,14297,1
14067,14086,1
14067,15752,1
14068,11721,1
14068,13875,1
14069,7670,1
14069,13664,1
14069,14084,1
14069,24766,1
14069,28584,1
14069,32391,1
14069,32418,1
14070,11240,1
14070,13453,1
14071,13242,1
14072,3704,1
14072,13031,1
14073,9138,1
14073,12820,1
14073,13577,1
14074,12609,1
14074,15064,1
14075,12398,1
14076,9650,1
14076,12187,1
14077,10357,1
14077,11976,1
14078,11765,1
14078,17434,1
14079,11554,1
14079,17677,1
14080,3510,1
14080,11343,1
14080,18028,1
14081,11132,1
14081,12644,1
14082,906,1
14082,2279,1
14082,10921,1
14082,24334,1
14082,29873,1
14083,10710,1
14084,10499,1
14084,10932,1
14084,20918,1
14085,10288,1
14085,15562,1
14086,1165,1
14086,10077,1
14086,22557,1
14086,27545,1
14087,9866,1
14087,19654,1
14088,9655,1
14088,20734,1
14089,9444,1
14089,11688,1
14089,32047,1
14089,32632,1
14090,8237,1
14090,9233,1
14090,16055,1
14091,9022,1
14091,20874,1
14092,8811,1
14093,2378,1
14093,8324,1
14093,8600,1
14094,6067,1
14094,8389,1
14095,6088,1
14095,8178,1
14095,31433,1
14096,7967,1
14096,17467,1
14097,7756,1
14097,10447,1
14098,7545,1
14099,7334,1
14099,17414,1
14100,7123,1
14100,30708,1
14101,6912,1
14102,2071,1
14102,6701,1
14103,6490,1
14104,6279,1
14105,6068,1
14106,3596,1
14106,5857,1
14106,26989,1
14107,5646,1
14108,5435,1
14109,5224,1
14109,20093,1
14110,5013,1
14110,21545,1
14111,4802,1
14111,22366,1
14111,29765,1
14112,4591,1
14112,19804,1
14113,4380,1
14114,2453,1
14114,4169,1
14114,19574,1
14114,19897,1
14115,3958,1
14116,3747,1
14117,3536,1
14118,3325,1
14119,12,1
14119,3114,1
14120,2903,1
14120,19760,1
14121,2692,1
14121,30343,1
14122,2481,1
14122,3240,1
14123,2270,1
14123,10282,1
14123,20194,1
14124,2059,1
14125,1012,1
14125,1848,1
14125,31085,1
14126,1637,1
14126,2577,1
14126,27593,1
14127,1426,1
14127,3688,1
14127,24718,1
14127,30261,1
14128,1215,1
14129,1004,1
14129,28476,1
14130,793,1
14130,28423,1
14131,582,1
14131,3332,1
14132,371,1
14132,5092,1
14133,160,1
14133,31324,1
14134,5384,1
14134,11457,1
14134,11600,1
14134,32717,1
14135,8111,1
14135,14651,1
14135,32506,1
14136,5166,1
14136,32295,1
14137,32084,1
14138,8147,1
14138,31873,1
14139,31662,1
14140,424,1
14140,31451,1
14141,10223,1
14141,31240,1
14142,31029,1
14143,30818,1
14144,30607,1
14145,30396,1
14146,30185,1
14147,12296,1
14147,29974,1
14148,29763,1
14149,12568,1
14149,29552,1
14150,16805,1
14150,29341,1
14151,10443,1
14151,29130,1
14152,28919,1
14153,28708,1
14154,10089,1
14154,17469,1
14154,28497,1
14155,28286,1
14156,28075,1
14157,27864,1
14158,9013,1
14158,17511,1
14158,27653,1
14159,21324,1
14159,27442,1
14160,27231,1
14160,30564,1
14161,7539,1
14161,27020,1
14162,16627,1
14162,26809,1
14162,31782,1
14163,1374,1
14163,12271,1
14163,26598,1
14164,8665,1
14164,26387,1
14165,7235,1
14165,25911,1
14165,26176,1
14166,25965,1
14167,4360,1
14167,5213,1
14167,25754,1
14168,25543,1
14168,27848,1
14169,25332,1
14169,30022,1
14170,3864,1
14170,25121,1
14170,26416,1
14171,3826,1
14171,24910,1
14172,24699,1
14173,24488,1
14174,21023,1
14174,24251,1
14174,24277,1
14174,29583,1
14175,5869,1
14175,24066,1
14175,30500,1
14176,23855,1
14176,25556,1
14177,18925,1
14177,23644,1
14178,23433,1
14179,10477,1
14179,23222,1
14180,23011,1
14180,23648,1
14181,22800,1
14182,2571,1
14182,22589,1
14182,28030,1
14183,16841,1
14183,22378,1
14184,11573,1
14184,22167,1
14185,16847,1
14185,19135,1
14185,21956,1
14185,27468,1
14186,21745,1
14187,21534,1
14188,13978,1
14188,21323,1
14188,27745,1
14189,10044,1
14189,21112,1
14189,22452,1
14190,19039,1
14190,20901,1
14191,16617,1
14191,20690,1
14192,20479,1
14193,20268,1
14193,31843,1
14194,20057,1
14194,28549,1
14195,19846,1
14196,1723,1
14196,19635,1
14197,19424,1
14198,19213,1
14199,19002,1
14200,4879,1
14200,18791,1
14201,5201,1
14201,18580,1
14201,21932,1
14202,18369,1
14203,18158,1
14204,17947,1
14205,17736,1
14206,17525,1
14206,28392,1
14207,17314,1
14208,833,1
14208,17103,1
14208,17310,1
14209,16892,1
14210,9316,1
14210,16681,1
14210,24514,1
14211,16470,1
14211,28214,1
14212,16259,1
14213,16048,1
14213,24399,1
14214,15837,1
14215,15626,1
14215,23965,1
14216,15415,1
14216,32101,1
14217,15204,1
14218,14993,1
14218,20140,1
14219,14782,1
14220,6236,1
14220,8907,1
14220,14571,1
14220,32758,1
14221,2451,1
14221,14360,1
14221,26344,1
14222,14149,1
14223,13938,1
14223,25787,1
14223,28749,1
14224,13727,1
14225,13516,1
14225,18072,1
14226,13305,1
14226,15747,1
14227,13094,1
14228,12883,1
14228,16564,1
14229,12672,1
14230,12461,1
14230,16831,1
14230,30274,1
14231,5575,1
14231,12250,1
14232,10509,1
14232,12039,1
14233,11828,1
14233,24103,1
14234,11617,1
14234,12114,1
14234,31761,1
14235,11406,1
14235,23961,1
14236,7632,1
14236,11195,1
14236,12138,1
14236,22038,1
14236,28621,1
14237,10984,1
14238,10773,1
14239,10562,1
14240,10351,1
14240,29094,1
14241,10140,1
14242,9929,1
14243,2718,1
14243,9718,1
14243,19528,1
14244,9507,1
14245,9296,1
14245,27460,1
14246,1497,1
14246,9085,1
14247,8874,1
14247,12195,1
14248,8663,1
14248,21083,1
14249,8279,1
14249,8452,1
14249,10422,1
14249,26985,1
14250,8241,1
14250,10767,1
14251,8030,1
14252,7819,1
14252,19858,1
14253,7608,1
14253,7982,1
14254,1042,1
14254,7397,1
14254,8581,1
14255,7186,1
14255,11014,1
14255,23924,1
14256,6975,1
14257,6764,1
14258,6553,1
14259,6342,1
14260,6131,1
14260,8407,1
14260,19370,1
14261,5920,1
14262,5709,1
14262,11127,1
14262,25044,1
14263,5498,1
14264,5287,1
14264,10680,1
14265,5076,1
14266,4865,1
14266,12173,1
14267,4654,1
14268,4443,1
14268,10525,1
14269,4232,1
14270,4021,1
14270,14886,1
14270,25668,1
14270,30960,1
14271,3810,1
14272,3599,1
14272,24952,1
14273,3388,1
14273,6204,1
14273,8473,1
14273,18818,1
14273,22124,1
14274,3177,1
14275,2966,1
14276,2755,1
14276,8482,1
14277,2544,1
14278,2333,1
14279,2122,1
14280,1911,1
14280,22981,1
14281,1700,1
14281,8597,1
14281,11517,1
14281,16948,1
14281,25445,1
14282,1489,1
14283,1278,1
14283,24167,1
14283,29333,1
14284,1067,1
14284,24768,1
14285,856,1
14285,13282,1
14286,645,1
14287,434,1
14287,12226,1
14287,21686,1
14287,23179,1
14288,223,1
14288,6084,1
14288,21462,1
14289,12,1
14290,9083,1
14290,32569,1
14291,32358,1
14292,14825,1
14292,32147,1
14293,24886,1
14293,31936,1
14294,6762,1
14294,13354,1
14294,27956,1
14294,31725,1
14295,12146,1
14295,29671,1
14295,31514,1
14296,19025,1
14296,19579,1
14296,31303,1
14297,31092,1
14298,30881,1
14298,32159,1
14299,30670,1
14300,10334,1
14300,17292,1
14300,30459,1
14301,687,1
14301,22060,1
14301,30248,1
14302,14101,1
14302,30037,1
14303,4142,1
14303,29826,1
14304,13802,1
14304,29615,1
14305,29404,1
14306,25065,1
14306,29193,1
14307,28982,1
14307,30539,1
14308,3687,1
14308,5160,1
14308,5825,1
14308,28771,1
14309,15795,1
14309,23661,1
14309,28560,1
14310,2501,1
14310,23507,1
14310,28349,1
14311,28138,1
14312,27927,1
14313,27716,1
14314,10082,1
14314,17815,1
14314,27505,1
14315,2833,1
14315,27294,1
14316,27083,1
14317,14024,1
14317,26872,1
14318,26661,1
14319,3743,1
14319,26450,1
14320,17690,1
14320,22280,1
14320,23403,1
14320,26239,1
14321,26028,1
14322,25817,1
14322,31329,1
14323,3219,1
14323,25606,1
14323,31618,1
14324,11472,1
14324,17604,1
14324,25395,1
14325,371,1
14325,2620,1
14325,10655,1
14325,25184,1
14326,8236,1
14326,24973,1
14327,2601,1
14327,8038,1
14327,24762,1
14328,24551,1
14329,24340,1
14330,18169,1
14330,24129,1
14331,23918,1
14332,23707,1
14333,23496,1
14334,23285,1
14335,7516,1
14335,8154,1
14335,23074,1
14335,23937,1
14336,1216,1
14336,22863,1
14337,3946,1
14337,4021,1
14337,16436,1
14337,22652,1
14338,22441,1
14339,3508,1
14339,22230,1
14340,22019,1
14340,22477,1
14341,21808,1
14341,29162,1
14342,6261,1
14342,10446,1
14342,21597,1
14343,21386,1
14343,27850,1
14344,8761,1
14344,21175,1
14344,31086,1
14345,20964,1
14345,22326,1
14345,24222,1
14346,20753,1
14347,20542,1
14347,25420,1
14348,15024,1
14348,20331,1
14349,20120,1
14349,25148,1
14349,29315,1
14350,19909,1
14351,10348,1
14351,19698,1
14352,14433,1
14352,19487,1
14352,21229,1
14353,3144,1
14353,19276,1
14354,19065,1
14355,13493,1
14355,15730,1
14355,18854,1
14356,4120,1
14356,18643,1
14357,18432,1
14357,20659,1
14357,23916,1
14358,18221,1
14359,18010,1
14359,24207,1
14359,30120,1
14360,17799,1
14361,17588,1
14362,5100,1
14362,17377,1
14363,17166,1
14363,30116,1
14364,16955,1
14365,10211,1
14365,16744,1
14365,28599,1
14366,7501,1
14366,16533,1
14367,15844,1
14367,16322,1
14368,11872,1
14368,16111,1
14368,18836,1
14369,13491,1
14369,15900,1
14370,5563,1
14370,15689,1
14370,25697,1
14371,15478,1
14372,15267,1
14372,21116,1
14372,27285,1
14373,15056,1
14373,18056,1
14373,26059,1
14374,6302,1
14374,14845,1
14375,10760,1
14375,14634,1
14376,3839,1
14376,14423,1
14377,9327,1
14377,14212,1
14377,22896,1
14378,11589,1
14378,14001,1
14379,8864,1
14379,13790,1
14380,2927,1
14380,13579,1
14381,9307,1
14381,13368,1
14382,13157,1
14382,15197,1
14383,12946,1
14383,28835,1
14383,30294,1
14384,12735,1
14385,12524,1
14386,2257,1
14386,3210,1
14386,12313,1
14387,12102,1
14387,23246,1
14388,11891,1
14389,11680,1
14389,16575,1
14390,11469,1
14391,11258,1
14392,11047,1
14392,21313,1
14393,8341,1
14393,10836,1
14394,1041,1
14394,10625,1
14395,10414,1
14396,10203,1
14397,2388,1
14397,9992,1
14398,9781,1
14398,30085,1
14399,9570,1
14399,15984,1
14400,9359,1
14400,9475,1
14400,29271,1
14401,9148,1
14402,8937,1
14402,9087,1
14402,26764,1
14403,8726,1
14404,8515,1
14404,16449,1
14405,8304,1
14406,8093,1
14406,20500,1
14407,7882,1
14408,5796,1
14408,7671,1
14408,12562,1
14409,7460,1
14409,31256,1
14410,7249,1
14411,7038,1
14411,8445,1
14412,6827,1
14412,15725,1
14413,6616,1
14413,8565,1
14413,29341,1
14414,6405,1
14414,22760,1
14415,5125,1
14415,6194,1
14415,28629,1
14416,5983,1
14416,19069,1
14416,31648,1
14417,4548,1
14417,5772,1
14418,5561,1
14418,29804,1
14419,5350,1
14419,11432,1
14420,5139,1
14421,4928,1
14421,15145,1
14421,15510,1
14421,25538,1
14422,4717,1
14423,4506,1
14424,4295,1
14424,11649,1
14425,4084,1
14425,21028,1
14426,3873,1
14427,3662,1
14428,3391,1
14428,3451,1
14428,10690,1
14429,3240,1
14429,19208,1
14429,30511,1
14430,3029,1
14430,6972,1
14431,2818,1
14431,7626,1
14431,17780,1
14431,19758,1
14432,2607,1
14432,18903,1
14433,2396,1
14433,12796,1
14434,2185,1
14435,1974,1
14435,7738,1
14435,11354,1
14435,21227,1
14435,27740,1
14436,1763,1
14436,7990,1
14436,31595,1
14437,1552,1
14437,5083,1
14437,31874,1
14438,1341,1
14439,1130,1
14439,30722,1
14440,919,1
14440,967,1
14440,20989,1
14440,24877,1
14441,708,1
14442,497,1
14442,1431,1
14442,9217,1
14443,286,1
14444,75,1
14444,1871,1
14444,19598,1
14445,2058,1
14445,32632,1
14446,25816,1
14446,32421,1
14447,27833,1
14447,32210,1
14448,8001,1
14448,31999,1
14449,22125,1
14449,31788,1
14450,905,1
14450,15960,1
14450,31577,1
14451,19113,1
14451,31366,1
14452,31155,1
14453,30944,1
14454,14347,1
14454,30733,1
14455,30522,1
14456,30311,1
14457,17533,1
14457,22092,1
14457,30100,1
14458,29889,1
14459,29678,1
14460,22472,1
14460,29467,1
14461,5616,1
14461,15780,1
14461,29256,1
14462,6966,1
14462,28181,1
14462,29045,1
14463,28834,1
14464,4599,1
14464,27028,1
14464,28623,1
14465,28412,1
14466,13919,1
14466,28201,1
14467,27288,1
14467,27990,1
14468,7705,1
14468,11624,1
14468,25811,1
14468,27779,1
14469,19673,1
14469,27568,1
14469,31772,1
14470,14036,1
14470,27357,1
14470,28404,1
14471,18280,1
14471,27146,1
14472,10460,1
14472,26935,1
14473,4344,1
14473,7940,1
14473,26706,1
14473,26724,1
14474,9160,1
14474,18572,1
14474,26513,1
14475,26302,1
14475,27197,1
14476,17056,1
14476,18977,1
14476,26091,1
14477,18861,1
14477,25880,1
14477,31149,1
14478,14913,1
14478,24217,1
14478,25669,1
14479,25458,1
14480,25247,1
14481,25036,1
14482,19929,1
14482,24825,1
14482,26910,1
14483,24614,1
14484,985,1
14484,24403,1
14485,24192,1
14486,23981,1
14487,23770,1
14487,32571,1
14488,23559,1
14489,23348,1
14489,29609,1
14490,23137,1
14491,22926,1
14492,3340,1
14492,10030,1
14492,20911,1
14492,22715,1
14492,24810,1
14493,9279,1
14493,20397,1
14493,22504,1
14494,2643,1
14494,22293,1
14495,22082,1
14496,7492,1
14496,21871,1
14497,21660,1
14498,3643,1
14498,21449,1
14499,1031,1
14499,21238,1
14500,21027,1
14501,5215,1
14501,20816,1
14502,20605,1
14503,20394,1
14504,11332,1
14504,20183,1
14505,19972,1
14505,20009,1
14506,19761,1
14507,19550,1
14508,19339,1
14508,31510,1
14509,4808,1
14509,7601,1
14509,19128,1
14510,18917,1
14511,15546,1
14511,18706,1
14512,18495,1
14513,18284,1
14513,26394,1
14514,16730,1
14514,18073,1
14514,19550,1
14515,1452,1
14515,17862,1
14516,17651,1
14516,28571,1
14517,4338,1
14517,9761,1
14517,17440,1
14518,8905,1
14518,15445,1
14518,17086,1
14518,17229,1
14518,24815,1
14518,30765,1
14519,10772,1
14519,17018,1
14519,26651,1
14520,5430,1
14520,16807,1
14521,6058,1
14521,16596,1
14521,32593,1
14522,830,1
14522,14498,1
14522,16385,1
14523,16174,1
14524,15963,1
14525,15752,1
14525,16255,1
14526,15541,1
14527,5660,1
14527,15330,1
14527,17354,1
14527,26877,1
14528,15119,1
14529,6168,1
14529,14908,1
14529,14936,1
14530,1559,1
14530,14697,1
14531,14486,1
14532,635,1
14532,14275,1
14532,19926,1
14533,7884,1
14533,14064,1
14534,13853,1
14535,13642,1
14536,6647,1
14536,12223,1
14536,13431,1
14536,14497,1
14536,22679,1
14537,7391,1
14537,7590,1
14537,13220,1
14537,24153,1
14538,13009,1
14539,12798,1
14539,15049,1
14539,29214,1
14540,12587,1
14541,9039,1
14541,12376,1
14542,12165,1
14542,14128,1
14543,11954,1
14543,12175,1
14543,21979,1
14544,11743,1
14545,2416,1
14545,4662,1
14545,11532,1
14546,7176,1
14546,11321,1
14547,11110,1
14548,10899,1
14549,10688,1
14549,26406,1
14550,10477,1
14550,24621,1
14551,10266,1
14551,18672,1
14551,23337,1
14552,10055,1
14553,9844,1
14553,32256,1
14554,8070,1
14554,9633,1
14555,9422,1
14556,556,1
14556,9211,1
14556,27837,1
14557,9000,1
14557,27552,1
14557,29115,1
14558,8789,1
14559,8578,1
14560,3368,1
14560,8367,1
14560,15332,1
14560,32136,1
14561,8156,1
14561,22653,1
14562,7945,1
14563,7734,1
14564,3109,1
14564,7523,1
14565,3258,1
14565,7312,1
14565,9167,1
14565,22155,1
14566,7101,1
14566,9256,1
14566,23998,1
14567,3085,1
14567,6890,1
14567,22639,1
14568,6679,1
14568,10097,1
14568,16670,1
14568,18425,1
14569,6468,1
14569,21611,1
14569,24363,1
14569,26424,1
14570,6257,1
14570,20569,1
14571,6046,1
14571,22669,1
14572,5835,1
14573,5624,1
14573,16645,1
14573,32569,1
14574,5413,1
14575,5202,1
14576,4991,1
14577,4780,1
14578,4569,1
14579,4358,1
14579,12794,1
14579,15956,1
14580,4147,1
14581,3936,1
14582,3725,1
14583,1768,1
14583,3514,1
14583,27517,1
14584,3303,1
14584,31993,1
14585,3092,1
14586,2881,1
14586,12628,1
14586,19196,1
14587,2670,1
14588,2459,1
14588,2607,1
14588,14868,1
14589,2248,1
14590,2037,1
14590,20698,1
14590,29593,1
14591,1826,1
14592,1615,1
14592,20414,1
14593,1208,1
14593,1404,1
14593,23842,1
14594,1193,1
14594,18113,1
14595,982,1
14596,771,1
14597,560,1
14597,16320,1
14597,24824,1
14597,26696,1
14598,349,1
14598,15223,1
14598,27366,1
14599,138,1
14599,26095,1
14599,30249,1
14600,8326,1
14600,18875,1
14600,32695,1
14601,32484,1
14602,6535,1
14602,16296,1
14602,24318,1
14602,32273,1
14603,2185,1
14603,32062,1
14604,1604,1
14604,17323,1
14604,31851,1
14605,4002,1
14605,9971,1
14605,31640,1
14606,31429,1
14607,31218,1
14608,31007,1
14609,6185,1
14609,9609,1
14609,22425,1
14609,30796,1
14610,30585,1
14611,15020,1
14611,30374,1
14612,14397,1
14612,30163,1
14612,30383,1
14613,9598,1
14613,29952,1
14614,29741,1
14615,29530,1
14616,29319,1
14617,23784,1
14617,29108,1
14618,28068,1
14618,28897,1
14619,28686,1
14620,20233,1
14620,28475,1
14621,22488,1
14621,28264,1
14622,14604,1
14622,28053,1
14623,27842,1
14624,19032,1
14624,27631,1
14625,27420,1
14626,27209,1
14627,14713,1
14627,26998,1
14628,26787,1
14629,23093,1
14629,26576,1
14630,4961,1
14630,26365,1
14631,26154,1
14632,24533,1
14632,25943,1
14632,29167,1
14633,462,1
14633,17991,1
14633,25732,1
14634,25521,1
14635,8885,1
14635,25310,1
14636,24143,1
14636,25099,1
14637,17818,1
14637,24888,1
14637,29667,1
14638,24677,1
14638,28744,1
14639,24466,1
14640,24255,1
14641,24044,1
14641,25813,1
14642,21969,1
14642,23833,1
14643,11215,1
14643,23622,1
14644,5773,1
14644,5855,1
14644,20062,1
14644,23411,1
14645,23200,1
14646,22989,1
14647,9133,1
14647,22778,1
14647,22929,1
14648,5870,1
14648,22567,1
14649,22356,1
14650,22145,1
14650,27907,1
14651,21934,1
14651,32594,1
14652,1451,1
14652,3557,1
14652,21723,1
14653,21512,1
14654,21301,1
14655,9015,1
14655,21090,1
14655,29572,1
14656,11305,1
14656,20879,1
14657,20668,1
14658,17530,1
14658,20457,1
14658,20601,1
14658,31630,1
14659,14505,1
14659,20246,1
14660,20035,1
14661,3778,1
14661,8649,1
14661,19824,1
14661,22476,1
14662,19613,1
14662,30314,1
14663,18331,1
14663,19402,1
14663,26964,1
14663,27211,1
14664,18355,1
14664,19191,1
14665,18980,1
14666,18769,1
14667,7766,1
14667,16018,1
14667,18558,1
14668,18347,1
14669,18136,1
14669,24286,1
14670,7073,1
14670,12622,1
14670,17925,1
14671,17714,1
14672,11163,1
14672,17503,1
14673,17292,1
14674,17081,1
14674,22755,1
14675,16870,1
14675,26735,1
14676,16659,1
14677,16448,1
14678,16237,1
14679,16026,1
14680,15815,1
14681,15604,1
14682,15393,1
14682,15606,1
14683,6692,1
14683,15182,1
14683,27488,1
14683,28973,1
14684,14971,1
14684,28764,1
14685,6091,1
14685,14760,1
14686,11164,1
14686,14549,1
14686,23753,1
14686,26946,1
14687,14338,1
14688,9687,1
14688,14127,1
14688,29027,1
14689,5287,1
14689,13916,1
14689,23741,1
14690,13705,1
14691,13494,1
14692,13283,1
14693,9531,1
14693,13072,1
14693,24198,1
14694,12861,1
14694,23023,1
14695,12650,1
14695,32660,1
14696,5478,1
14696,12439,1
14696,25220,1
14697,1184,1
14697,12228,1
14697,32295,1
14698,12017,1
14698,30208,1
14699,1884,1
14699,11806,1
14699,12942,1
14700,11595,1
14701,11384,1
14702,2005,1
14702,3050,1
14702,11173,1
14703,4496,1
14703,10962,1
14703,19781,1
14703,23350,1
14704,10751,1
14704,30420,1
14704,31546,1
14705,6455,1
14705,10540,1
14705,19987,1
14706,10329,1
14707,7502,1
14707,10118,1
14707,20696,1
14708,9907,1
14708,29610,1
14709,9696,1
14710,9485,1
14711,9274,1
14712,9063,1
14712,11974,1
14712,15881,1
14712,15934,1
14713,8852,1
14714,8641,1
14714,13516,1
14714,22666,1
14715,8430,1
14715,21682,1
14716,8219,1
14717,7634,1
14717,8008,1
14717,27133,1
14718,7797,1
14719,6921,1
14719,7586,1
14720,7375,1
14720,32087,1
14721,7164,1
14722,1346,1
14722,5078,1
14722,6953,1
14722,21304,1
14722,29932,1
14723,6742,1
14724,6531,1
14725,6320,1
14725,13238,1
14725,25201,1
14726,6109,1
14727,5185,1
14727,5898,1
14727,15755,1
14728,5687,1
14728,14051,1
14729,5476,1
14729,11963,1
14730,5265,1
14731,5054,1
14731,6211,1
14731,23297,1
14732,4843,1
14732,6284,1
14732,24634,1
14733,4632,1
14734,4421,1
14734,9312,1
14735,4210,1
14736,3999,1
14736,26466,1
14736,28097,1
14737,3788,1
14738,3577,1
14738,18315,1
14738,21410,1
14739,3366,1
14740,3155,1
14740,3190,1
14740,15217,1
14741,2944,1
14742,2733,1
14742,5145,1
14742,6361,1
14743,2522,1
14744,2311,1
14744,29377,1
14745,2100,1
14745,30857,1
14746,1889,1
14746,12236,1
14747,1678,1
14748,1467,1
14748,24438,1
14748,31168,1
14749,1256,1
14750,1045,1
14750,22849,1
14751,834,1
14751,17842,1
14751,26859,1
14752,623,1
14752,6234,1
14753,412,1
14753,7315,1
14753,21495,1
14753,29297,1
14754,201,1
14754,29070,1
14755,27417,1
14755,32758,1
14756,10720,1
14756,32547,1
14757,32336,1
14758,9070,1
14758,20920,1
14758,32125,1
14759,2105,1
14759,11289,1
14759,31914,1
14760,10834,1
14760,26106,1
14760,31703,1
14761,1611,1
14761,31492,1
14762,17952,1
14762,30182,1
14762,31281,1
14763,15921,1
14763,26816,1
14763,31070,1
14764,30859,1
14765,6558,1
14765,30648,1
14766,30437,1
14767,10111,1
14767,20422,1
14767,30226,1
14768,7676,1
14768,16542,1
14768,30015,1
14768,30149,1
14769,29804,1
14770,25084,1
14770,29593,1
14771,29382,1
14772,7895,1
14772,28075,1
14772,29171,1
14773,28960,1
14774,7608,1
14774,24710,1
14774,26676,1
14774,28027,1
14774,28749,1
14774,29643,1
14775,28538,1
14776,10413,1
14776,16552,1
14776,21712,1
14776,28327,1
14777,6488,1
14777,28116,1
14778,27905,1
14778,28555,1
14779,5772,1
14779,27694,1
14780,27483,1
14781,14735,1
14781,27272,1
14782,9111,1
14782,27061,1
14783,4319,1
14783,25898,1
14783,26850,1
14784,26639,1
14785,23267,1
14785,26428,1
14786,4494,1
14786,15104,1
14786,26217,1
14786,30470,1
14787,26006,1
14788,11476,1
14788,17893,1
14788,25795,1
14789,2407,1
14789,25584,1
14790,23559,1
14790,25373,1
14791,10970,1
14791,17847,1
14791,22306,1
14791,25162,1
14792,9512,1
14792,24951,1
14793,4090,1
14793,24740,1
14793,32239,1
14794,24529,1
14795,58,1
14795,3188,1
14795,24318,1
14796,2448,1
14796,10047,1
14796,24107,1
14797,23823,1
14797,23896,1
14798,10626,1
14798,23685,1
14799,16963,1
14799,23474,1
14800,11781,1
14800,23263,1
14801,11596,1
14801,21820,1
14801,23052,1
14801,30867,1
14802,284,1
14802,15450,1
14802,16000,1
14802,22841,1
14803,22630,1
14804,22419,1
14805,22208,1
14806,4907,1
14806,17223,1
14806,21997,1
14807,1070,1
14807,21786,1
14808,5218,1
14808,11821,1
14808,21575,1
14809,21364,1
14810,8266,1
14810,21153,1
14811,20942,1
14812,19318,1
14812,20731,1
14813,20520,1
14814,11356,1
14814,20309,1
14815,5338,1
14815,18729,1
14815,20098,1
14815,29143,1
14816,9445,1
14816,13471,1
14816,19887,1
14817,19676,1
14817,29466,1
14818,3321,1
14818,6271,1
14818,12332,1
14818,19257,1
14818,19465,1
14819,19254,1
14820,19043,1
14821,6495,1
14821,18832,1
14822,18621,1
14823,18410,1
14823,29045,1
14824,5457,1
14824,18199,1
14825,17988,1
14825,18948,1
14826,13185,1
14826,17777,1
14827,10174,1
14827,17566,1
14828,7461,1
14828,16994,1
14828,17355,1
14829,17144,1
14830,16933,1
14831,16722,1
14831,17459,1
14831,23029,1
14831,29228,1
14832,10882,1
14832,16511,1
14832,25304,1
14833,16300,1
14833,22354,1
14834,11975,1
14834,12470,1
14834,16089,1
14834,25447,1
14835,15878,1
14835,28062,1
14836,6523,1
14836,15667,1
14837,15456,1
14838,10993,1
14838,15245,1
14839,4156,1
14839,4896,1
14839,15034,1
14839,31313,1
14840,9457,1
14840,12678,1
14840,14823,1
14841,14612,1
14841,15313,1
14842,14401,1
14843,5688,1
14843,14190,1
14844,13979,1
14844,25913,1
14844,31148,1
14845,7986,1
14845,13768,1
14845,17914,1
14846,7745,1
14846,13557,1
14847,13346,1
14847,23729,1
14848,13135,1
14848,28966,1
14849,7486,1
14849,8029,1
14849,12924,1
14849,32299,1
14850,12713,1
14850,20860,1
14850,26828,1
14851,12502,1
14852,12291,1
14853,8924,1
14853,12080,1
14853,16900,1
14854,11869,1
14854,14334,1
14854,30599,1
14855,6901,1
14855,11658,1
14855,32094,1
14855,32704,1
14856,11447,1
14857,7883,1
14857,11236,1
14858,11025,1
14859,10814,1
14860,4976,1
14860,10603,1
14860,27809,1
14861,10392,1
14861,28501,1
14862,10181,1
14863,9970,1
14863,10625,1
14863,30155,1
14864,9759,1
14864,17212,1
14864,18215,1
14864,18302,1
14865,9548,1
14866,9337,1
14867,9126,1
14867,32411,1
14868,1138,1
14868,8915,1
14869,1316,1
14869,8704,1
14870,8493,1
14871,8282,1
14872,8071,1
14873,7860,1
14874,7649,1
14875,7438,1
14875,32362,1
14876,4616,1
14876,7227,1
14876,31502,1
14877,7016,1
14877,24924,1
14878,6805,1
14878,27559,1
14879,6594,1
14880,6383,1
14881,6172,1
14881,20128,1
14882,5961,1
14882,6043,1
14882,15187,1
14883,5750,1
14883,16197,1
14883,26771,1
14884,5539,1
14885,5328,1
14886,5117,1
14886,9853,1
14886,15453,1
14887,4906,1
14887,10669,1
14887,22960,1
14888,4695,1
14889,4484,1
14889,17235,1
14889,24183,1
14890,3606,1
14890,4273,1
14891,4062,1
14892,3851,1
14892,5991,1
14893,3640,1
14894,3429,1
14894,15965,1
14894,17645,1
14894,26121,1
14895,2562,1
14895,3218,1
14895,20982,1
14896,2625,1
14896,3007,1
14897,2796,1
14898,2585,1
14898,3078,1
14898,8031,1
14898,9384,1
14898,25356,1
14899,2374,1
14899,24453,1
14900,2163,1
14900,13993,1
14901,1952,1
14901,29122,1
14902,1741,1
14902,18484,1
14903,1530,1
14903,24719,1
14904,1319,1
14904,4165,1
14904,20329,1
14904,30377,1
14905,1108,1
14906,897,1
14907,686,1
14908,475,1
14908,5130,1
14908,32265,1
14909,264,1
14909,18617,1
14910,53,1
14911,28170,1
14911,32610,1
14912,24202,1
14912,32399,1
14913,5544,1
14913,28773,1
14913,32188,1
14914,10891,1
14914,14888,1
14914,31977,1
14915,12705,1
14915,31766,1
14916,5851,1
14916,6113,1
14916,31555,1
14917,3312,1
14917,13094,1
14917,28825,1
14917,31344,1
14918,31133,1
14919,30922,1
14920,1240,1
14920,25057,1
14920,30711,1
14921,22054,1
14921,30500,1
14921,30695,1
14922,30289,1
14923,8068,1
14923,21863,1
14923,30078,1
14924,17754,1
14924,29867,1
14925,4508,1
14925,29656,1
14926,29445,1
14927,2795,1
14927,5898,1
14927,29234,1
14928,3416,1
14928,29023,1
14929,4362,1
14929,28812,1
14930,28601,1
14931,16253,1
14931,28390,1
14932,11404,1
14932,28179,1
14933,27349,1
14933,27968,1
14934,27757,1
14935,27546,1
14936,10769,1
14936,27335,1
14937,27124,1
14938,26913,1
14939,13549,1
14939,26702,1
14940,2075,1
14940,26465,1
14940,26491,1
14941,26280,1
14942,9328,1
14942,23234,1
14942,26069,1
14943,25858,1
14944,18532,1
14944,25647,1
14944,32003,1
14945,11299,1
14945,25436,1
14946,18027,1
14946,25225,1
14947,25014,1
14947,31900,1
14948,24803,1
14949,24592,1
14950,7872,1
14950,16765,1
14950,24381,1
14951,21727,1
14951,24170,1
14952,9655,1
14952,23959,1
14952,24010,1
14953,17588,1
14953,23748,1
14954,23537,1
14955,925,1
14955,18204,1
14955,23326,1
14956,2954,1
14956,23115,1
14957,15781,1
14957,22904,1
14958,22693,1
14959,22482,1
14959,25449,1
14960,5410,1
14960,6002,1
14960,22271,1
14961,16660,1
14961,22060,1
14962,21849,1
14963,16753,1
14963,21638,1
14964,6332,1
14964,21427,1
14965,11035,1
14965,21216,1
14965,26852,1
14966,10017,1
14966,21005,1
14966,31401,1
14967,4791,1
14967,20794,1
14968,3464,1
14968,20583,1
14969,20372,1
14970,3201,1
14970,20161,1
14971,19950,1
14972,19739,1
14973,1714,1
14973,19528,1
14974,19317,1
14974,26717,1
14974,27597,1
14975,3518,1
14975,15830,1
14975,19106,1
14976,5736,1
14976,7577,1
14976,18895,1
14976,31945,1
14977,13303,1
14977,18684,1
14978,15738,1
14978,18473,1
14979,18262,1
14979,18715,1
14980,18051,1
14980,19833,1
14981,11417,1
14981,17840,1
14981,23748,1
14982,4726,1
14982,17629,1
14982,23799,1
14982,28800,1
14983,6845,1
14983,15013,1
14983,17418,1
14984,17207,1
14985,16996,1
14985,19003,1
14985,23764,1
14986,5775,1
14986,7989,1
14986,11902,1
14986,16724,1
14986,16785,1
14987,16574,1
14987,21305,1
14988,16363,1
14989,5464,1
14989,16152,1
14989,21196,1
14990,15941,1
14990,21078,1
14991,15730,1
14992,15519,1
14993,13732,1
14993,15308,1
14993,30253,1
14993,32281,1
14994,15097,1
14995,7328,1
14995,14886,1
14995,30930,1
14996,14675,1
14996,30282,1
14997,14464,1
14997,25226,1
14998,11642,1
14998,14253,1
14999,14042,1
15000,9703,1
15000,13831,1
15001,13620,1
15002,13409,1
15002,30971,1
15003,13198,1
15004,12987,1
15005,1712,1
15005,12776,1
15005,32723,1
15006,12565,1
15006,30365,1
15007,12354,1
15007,18674,1
15008,12143,1
15008,24777,1
15009,11932,1
15010,3556,1
15010,11721,1
15011,11510,1
15011,28166,1
15012,11299,1
15012,15518,1
15013,8992,1
15013,11088,1
15013,20160,1
15013,26410,1
15014,10877,1
15014,14513,1
15014,28567,1
15015,10666,1
15015,23936,1
15016,10455,1
15017,10244,1
15017,28891,1
15018,10033,1
15018,23828,1
15019,9822,1
15019,10074,1
15020,9611,1
15021,9400,1
15022,2175,1
15022,9189,1
15023,8978,1
15023,10057,1
15023,12807,1
15024,8767,1
15024,20057,1
15025,3792,1
15025,8556,1
15026,8345,1
15026,30820,1
15027,8134,1
15028,7923,1
15028,9649,1
15028,23422,1
15029,7712,1
15030,5451,1
15030,7501,1
15031,7290,1
15032,7079,1
15033,5159,1
15033,6868,1
15034,3381,1
15034,6657,1
15034,11636,1
15035,2085,1
15035,6446,1
15035,9323,1
15035,15493,1
15035,24052,1
15036,6235,1
15036,6323,1
15036,8830,1
15036,24700,1
15037,6024,1
15038,5813,1
15039,5602,1
15039,21670,1
15040,5391,1
15041,5180,1
15042,4969,1
15042,17787,1
15042,22001,1
15042,30939,1
15043,4758,1
15044,4547,1
15044,7860,1
15044,8524,1
15044,11539,1
15044,18890,1
15045,4336,1
15046,4125,1
15047,3914,1
15048,56,1
15048,3703,1
15048,12654,1
15049,3492,1
15049,16917,1
15050,3281,1
15051,3070,1
15051,7041,1
15052,2859,1
15053,2648,1
15053,4049,1
15054,2437,1
15055,2226,1
15055,18133,1
15055,26215,1
15055,32634,1
15056,2015,1
15056,5453,1
15056,11413,1
15057,1804,1
15057,13552,1
15058,1593,1
15058,15617,1
15059,1382,1
15059,9107,1
15059,24932,1
15060,1171,1
15060,23322,1
15061,960,1
15061,17830,1
15062,749,1
15062,3661,1
15063,538,1
15064,327,1
15064,13117,1
15065,116,1
15066,444,1
15066,32673,1
15067,14091,1
15067,32462,1
15068,32251,1
15069,32040,1
15070,31829,1
15071,15691,1
15071,16508,1
15071,17103,1
15071,31618,1
15072,1639,1
15072,31407,1
15073,31196,1
15074,30985,1
15075,30774,1
15076,30563,1
15077,30352,1
15078,2410,1
15078,21574,1
15078,30141,1
15079,17759,1
15079,29930,1
15080,24538,1
15080,29719,1
15081,29508,1
15082,29297,1
15083,2543,1
15083,5304,1
15083,27782,1
15083,29086,1
15084,28875,1
15085,28664,1
15086,15311,1
15086,28453,1
15087,4085,1
15087,28242,1
15087,28345,1
15087,31746,1
15088,7487,1
15088,20615,1
15088,28031,1
15089,27820,1
15090,8732,1
15090,27609,1
15091,27251,1
15091,27398,1
15092,26261,1
15092,27187,1
15093,26976,1
15094,569,1
15094,3819,1
15094,26765,1
15095,26554,1
15096,19578,1
15096,26343,1
15097,26132,1
15098,25921,1
15099,15557,1
15099,25710,1
15099,29223,1
15100,11592,1
15100,25499,1
15101,25288,1
15102,20141,1
15102,25077,1
15103,24866,1
15104,24655,1
15104,29693,1
15105,959,1
15105,4582,1
15105,21475,1
15105,24444,1
15106,7687,1
15106,24233,1
15106,28938,1
15107,7856,1
15107,17456,1
15107,24022,1
15108,23811,1
15109,23600,1
15110,23389,1
15110,23451,1
15110,24495,1
15111,23178,1
15112,18199,1
15112,22967,1
15112,27729,1
15113,9514,1
15113,22756,1
15114,5206,1
15114,19803,1
15114,22545,1
15115,22334,1
15115,31853,1
15116,11683,1
15116,22123,1
15116,29397,1
15117,21912,1
15118,15011,1
15118,21701,1
15119,21490,1
15119,25368,1
15120,15365,1
15120,21279,1
15121,21068,1
15121,26165,1
15121,27903,1
15122,13857,1
15122,20857,1
15123,20646,1
15124,20435,1
15124,23718,1
15125,20224,1
15126,20013,1
15126,26131,1
15127,19802,1
15127,23057,1
15127,27877,1
15128,18547,1
15128,19591,1
15128,23108,1
15129,19380,1
15130,19169,1
15131,18958,1
15132,18747,1
15133,18536,1
15133,30278,1
15134,7698,1
15134,10846,1
15134,18325,1
15135,18114,1
15136,6473,1
15136,17903,1
15137,17692,1
15137,20222,1
15137,29896,1
15138,17481,1
15138,22819,1
15139,11696,1
15139,17270,1
15140,17059,1
15141,5788,1
15141,16848,1
15142,5210,1
15142,16637,1
15142,23446,1
15143,13166,1
15143,16426,1
15144,16215,1
15144,17531,1
15145,16004,1
15145,26837,1
15146,10341,1
15146,15793,1
15147,15582,1
15148,15371,1
15148,18862,1
15149,3470,1
15149,4629,1
15149,15160,1
15150,12329,1
15150,14949,1
15151,5080,1
15151,14738,1
15151,20992,1
15151,31979,1
15152,8659,1
15152,14527,1
15153,14316,1
15153,18186,1
15153,22160,1
15154,14105,1
15155,8635,1
15155,13894,1
15156,6123,1
15156,10937,1
15156,13683,1
15157,13472,1
15157,22527,1
15157,24486,1
15157,30376,1
15158,3753,1
15158,13261,1
15159,11132,1
15159,13050,1
15160,9137,1
15160,12839,1
15161,220,1
15161,12628,1
15161,16036,1
15162,12417,1
15163,12206,1
15163,14135,1
15164,3525,1
15164,11995,1
15165,11784,1
15165,15935,1
15166,11573,1
15167,11362,1
15168,10438,1
15168,11151,1
15168,15735,1
15169,10940,1
15170,10729,1
15170,10900,1
15170,11542,1
15170,20806,1
15170,28442,1
15171,10518,1
15171,30101,1
15172,7093,1
15172,10307,1
15172,28634,1
15173,10096,1
15173,10871,1
15174,9885,1
15175,286,1
15175,9674,1
15175,13852,1
15176,9463,1
15177,9252,1
15178,9041,1
15178,30811,1
15179,8432,1
15179,8830,1
15180,8619,1
15180,13043,1
15180,28909,1
15181,8408,1
15181,12004,1
15181,13317,1
15182,8197,1
15183,1922,1
15183,7986,1
15183,22412,1
15184,3186,1
15184,7775,1
15185,6628,1
15185,7564,1
15185,17395,1
15185,20772,1
15186,5533,1
15186,7353,1
15187,7142,1
15187,21791,1
15188,6931,1
15189,6720,1
15190,6509,1
15190,24863,1
15190,25774,1
15191,6298,1
15191,14506,1
15191,18804,1
15192,6087,1
15193,5876,1
15194,5665,1
15195,5454,1
15196,5243,1
15197,5032,1
15198,4821,1
15198,12347,1
15198,23913,1
15199,4610,1
15200,4399,1
15200,13210,1
15201,4188,1
15202,3977,1
15202,25245,1
15203,3766,1
15203,15009,1
15203,22086,1
15203,27114,1
15204,806,1
15204,3555,1
15204,8301,1
15205,3344,1
15206,3133,1
15206,24927,1
15206,25345,1
15207,2922,1
15208,2711,1
15208,17979,1
15209,2500,1
15210,2289,1
15211,2078,1
15211,20537,1
15211,21541,1
15211,27084,1
15212,1867,1
15213,1656,1
15213,2581,1
15214,1445,1
15215,1234,1
15215,27882,1
15216,1023,1
15217,812,1
15217,17152,1
15217,27662,1
15218,601,1
15218,2490,1
15219,390,1
15220,179,1
15220,17874,1
15221,17921,1
15221,32736,1
15222,7784,1
15222,32525,1
15223,32314,1
15224,24326,1
15224,32103,1
15225,23025,1
15225,27910,1
15225,31892,1
15226,5984,1
15226,14316,1
15226,31681,1
15227,16222,1
15227,23345,1
15227,29424,1
15227,31470,1
15228,18896,1
15228,31259,1
15229,31048,1
15230,26622,1
15230,30837,1
15231,129,1
15231,3614,1
15231,30626,1
15232,30415,1
15233,20402,1
15233,30204,1
15234,15850,1
15234,29993,1
15235,10289,1
15235,29782,1
15236,12402,1
15236,29571,1
15237,29360,1
15238,20550,1
15238,22025,1
15238,29149,1
15239,28938,1
15240,17096,1
15240,22397,1
15240,28727,1
15241,6793,1
15241,17384,1
15241,28516,1
15242,28305,1
15243,28094,1
15244,27883,1
15245,2509,1
15245,27672,1
15246,27461,1
15247,27250,1
15248,27039,1
15249,14413,1
15249,26828,1
15250,10812,1
15250,26617,1
15251,26406,1
15252,26195,1
15253,10305,1
15253,25984,1
15253,28721,1
15254,25773,1
15255,4633,1
15255,17040,1
15255,24140,1
15255,25562,1
15256,24340,1
15256,25351,1
15256,27735,1
15257,21947,1
15257,25140,1
15257,27528,1
15258,24929,1
15259,24718,1
15260,2411,1
15260,9428,1
15260,24507,1
15260,28135,1
15261,10640,1
15261,24296,1
15262,24085,1
15262,27319,1
15263,12268,1
15263,23874,1
15264,4081,1
15264,14482,1
15264,23663,1
15265,23452,1
15266,8738,1
15266,23241,1
15266,31897,1
15267,12935,1
15267,23030,1
15268,22819,1
15268,29036,1
15269,12390,1
15269,15665,1
15269,22608,1
15270,22397,1
15270,24861,1
15270,27125,1
15270,32764,1
15271,17347,1
15271,22186,1
15272,21975,1
15273,3160,1
15273,6047,1
15273,21764,1
15274,21553,1
15274,23723,1
15275,21342,1
15275,23165,1
15276,3728,1
15276,21131,1
15277,1516,1
15277,20920,1
15278,10219,1
15278,14368,1
15278,20709,1
15278,24707,1
15279,20498,1
15279,22202,1
15280,14365,1
15280,20287,1
15281,20076,1
15281,29359,1
15281,29923,1
15282,19865,1
15282,25791,1
15282,30049,1
15283,11207,1
15283,19654,1
15284,11790,1
15284,18082,1
15284,19443,1
15284,23848,1
15284,23861,1
15285,19232,1
15286,5386,1
15286,13187,1
15286,19021,1
15286,25886,1
15287,18810,1
15288,549,1
15288,4746,1
15288,6580,1
15288,18599,1
15289,18388,1
15290,18177,1
15291,7961,1
15291,12459,1
15291,16591,1
15291,17966,1
15291,31769,1
15292,17755,1
15293,17544,1
15294,15258,1
15294,16832,1
15294,17333,1
15295,13515,1
15295,17122,1
15295,28009,1
15296,16911,1
15297,16700,1
15298,15185,1
15298,16489,1
15298,17653,1
15299,13952,1
15299,16278,1
15299,27808,1
15300,16067,1
15300,19631,1
15300,26405,1
15301,5643,1
15301,15856,1
15302,1356,1
15302,15645,1
15303,15434,1
15303,25287,1
15303,31659,1
15304,15223,1
15305,8030,1
15305,15012,1
15306,14801,1
15307,14590,1
15307,29564,1
15308,14379,1
15309,14168,1
15309,20161,1
15310,8062,1
15310,13957,1
15311,10507,1
15311,13746,1
15311,23293,1
15312,13535,1
15312,15282,1
15312,28754,1
15313,13324,1
15313,26668,1
15314,13113,1
15315,12902,1
15315,26531,1
15316,12691,1
15316,15575,1
15317,10825,1
15317,12480,1
15318,12269,1
15318,31236,1
15318,31550,1
15319,12058,1
15320,8076,1
15320,11847,1
15320,27691,1
15321,11636,1
15321,14540,1
15321,17967,1
15322,11425,1
15323,11214,1
15323,12029,1
15323,15257,1
15324,11003,1
15324,17764,1
15324,28106,1
15325,10792,1
15325,20712,1
15326,10581,1
15327,10370,1
15328,10159,1
15329,401,1
15329,9948,1
15330,9737,1
15331,9526,1
15331,9552,1
15332,9315,1
15333,9104,1
15333,14941,1
15333,16710,1
15333,28316,1
15334,8893,1
15335,8682,1
15335,25620,1
15335,28321,1
15336,6268,1
15336,8471,1
15336,11262,1
15337,8260,1
15337,26794,1
15338,8049,1
15338,18788,1
15338,21032,1
15339,7838,1
15339,17156,1
15340,7627,1
15340,20644,1
15341,7416,1
15342,7205,1
15342,19046,1
15342,19351,1
15342,20172,1
15342,29224,1
15343,6994,1
15343,31676,1
15344,6783,1
15344,15525,1
15345,6572,1
15346,6361,1
15346,25607,1
15346,30668,1
15347,6150,1
15347,23028,1
15348,5939,1
15348,11170,1
15348,25809,1
15349,5728,1
15350,5517,1
15350,7807,1
15350,25743,1
15351,5306,1
15351,23014,1
15351,24827,1
15352,5095,1
15353,65,1
15353,4884,1
15353,14612,1
15354,4673,1
15355,3189,1
15355,4462,1
15355,10153,1
15355,28336,1
15356,4251,1
15356,8037,1
15357,4040,1
15358,3829,1
15359,3618,1
15360,3407,1
15360,3577,1
15360,12505,1
15361,3196,1
15362,2985,1
15362,11894,1
15363,2774,1
15364,2563,1
15364,11119,1
15364,18060,1
15365,2352,1
15365,4195,1
15365,5303,1
15365,7260,1
15366,2141,1
15366,3193,1
15366,32001,1
15367,1930,1
15368,902,1
15368,1719,1
15368,19536,1
15369,1508,1
15369,5163,1
15369,31058,1
15370,1297,1
15370,17534,1
15371,1086,1
15371,13724,1
15371,20950,1
15371,24093,1
15372,875,1
15372,19402,1
15373,664,1
15373,8376,1
15374,453,1
15374,6947,1
15374,26164,1
15375,242,1
15376,31,1
15377,11428,1
15377,29524,1
15377,32588,1
15378,14680,1
15378,32377,1
15379,11043,1
15379,32166,1
15380,27168,1
15380,31955,1
15381,7911,1
15381,31744,1
15382,10233,1
15382,22357,1
15382,28715,1
15382,31533,1
15383,31322,1
15383,31704,1
15384,4612,1
15384,22101,1
15384,31111,1
15385,23714,1
15385,30900,1
15386,30689,1
15387,14572,1
15387,30478,1
15388,9452,1
15388,30267,1
15389,1571,1
15389,8490,1
15389,9553,1
15389,27914,1
15389,30056,1
15390,15521,1
15390,29845,1
15391,19457,1
15391,24268,1
15391,29634,1
15392,9425,1
15392,22018,1
15392,29423,1
15392,29695,1
15393,29212,1
15393,31967,1
15394,2994,1
15394,13980,1
15394,20109,1
15394,29001,1
15394,31556,1
15395,19086,1
15395,28790,1
15396,28579,1
15396,31697,1
15397,28368,1
15398,14417,1
15398,28157,1
15399,27946,1
15400,27735,1
15401,10393,1
15401,27524,1
15401,32163,1
15402,21597,1
15402,27313,1
15403,5782,1
15403,7029,1
15403,17669,1
15403,27102,1
15404,26891,1
15405,724,1
15405,5959,1
15405,26680,1
15406,7667,1
15406,26469,1
15407,14881,1
15407,26258,1
15408,1979,1
15408,25747,1
15408,26047,1
15408,27940,1
15409,8655,1
15409,25836,1
15410,25625,1
15410,26679,1
15410,32345,1
15411,686,1
15411,1476,1
15411,25414,1
15411,30040,1
15412,6683,1
15412,14549,1
15412,25203,1
15412,29317,1
15413,1335,1
15413,11256,1
15413,24992,1
15414,24781,1
15415,24570,1
15416,22682,1
15416,24359,1
15417,11908,1
15417,12923,1
15417,22254,1
15417,23290,1
15417,24148,1
15418,14837,1
15418,23937,1
15418,32326,1
15419,23726,1
15419,26249,1
15420,23515,1
15420,24041,1
15421,23304,1
15422,7187,1
15422,19511,1
15422,23093,1
15423,22882,1
15424,7171,1
15424,22671,1
15425,3571,1
15425,8648,1
15425,22460,1
15426,22249,1
15426,30224,1
15427,22038,1
15428,7074,1
15428,21827,1
15429,21616,1
15429,22933,1
15430,9171,1
15430,21405,1
15431,21194,1
15432,20983,1
15432,23755,1
15433,193,1
15433,412,1
15433,20772,1
15433,28443,1
15434,20068,1
15434,20561,1
15434,22517,1
15435,20350,1
15436,1195,1
15436,20139,1
15436,26558,1
15437,19928,1
15438,19717,1
15438,19923,1
15438,29554,1
15439,17553,1
15439,19506,1
15440,19295,1
15441,19084,1
15442,18873,1
15443,1635,1
15443,5530,1
15443,7366,1
15443,18662,1
15444,18451,1
15445,18240,1
15445,19384,1
15446,18029,1
15447,17818,1
15448,17607,1
15449,13738,1
15449,17396,1
15449,21482,1
15450,5656,1
15450,17185,1
15450,23696,1
15451,16974,1
15452,16763,1
15453,16552,1
15454,16341,1
15454,30904,1
15455,11832,1
15455,16130,1
15456,15919,1
15457,15708,1
15458,15497,1
15459,5681,1
15459,7240,1
15459,15286,1
15460,15075,1
15461,14864,1
15461,19601,1
15462,14653,1
15463,838,1
15463,2779,1
15463,11069,1
15463,14442,1
15464,14231,1
15464,31878,1
15465,7065,1
15465,14020,1
15466,13809,1
15467,13598,1
15468,5150,1
15468,13387,1
15469,13176,1
15469,29843,1
15470,12965,1
15471,12754,1
15472,12543,1
15472,16956,1
15472,28630,1
15472,29482,1
15473,12332,1
15474,12121,1
15475,11910,1
15476,3344,1
15476,11699,1
15476,27675,1
15477,2397,1
15477,11488,1
15477,26595,1
15478,511,1
15478,11277,1
15479,11066,1
15479,26350,1
15480,8623,1
15480,10855,1
15481,10644,1
15482,3845,1
15482,4622,1
15482,10433,1
15483,10222,1
15484,10011,1
15484,12882,1
15484,14860,1
15485,9800,1
15486,9589,1
15486,16547,1
15486,18996,1
15487,9378,1
15488,9167,1
15488,13301,1
15488,17499,1
15489,7979,1
15489,8956,1
15489,11528,1
15489,14055,1
15489,15703,1
15489,26384,1
15490,8745,1
15490,12605,1
15491,8534,1
15491,30998,1
15492,8323,1
15492,8357,1
15492,21516,1
15493,4241,1
15493,8112,1
15493,30117,1
15494,7901,1
15495,7690,1
15495,10392,1
15495,22597,1
15495,24655,1
15496,7479,1
15496,14016,1
15497,7268,1
15497,17012,1
15497,32096,1
15498,3709,1
15498,7057,1
15498,22539,1
15499,4751,1
15499,6846,1
15499,17372,1
15500,1293,1
15500,5615,1
15500,6635,1
15501,6424,1
15502,6213,1
15502,17421,1
15502,30176,1
15503,6002,1
15503,13793,1
15504,392,1
15504,5791,1
15504,17639,1
15504,24922,1
15505,5580,1
15505,15653,1
15505,22878,1
15506,4503,1
15506,5369,1
15506,18553,1
15506,22882,1
15507,5158,1
15508,4947,1
15509,4736,1
15510,4525,1
15511,1434,1
15511,4314,1
15511,15395,1
15512,4103,1
15512,9652,1
15513,3892,1
15514,3681,1
15515,3470,1
15515,11395,1
15516,3259,1
15516,25626,1
15517,3048,1
15517,23925,1
15517,30102,1
15518,2837,1
15518,8056,1
15518,29205,1
15519,2626,1
15520,2415,1
15520,10672,1
15521,2204,1
15521,3967,1
15522,1494,1
15522,1993,1
15522,29728,1
15523,1782,1
15524,1571,1
15524,15590,1
15525,1360,1
15525,11971,1
15525,30140,1
15526,1149,1
15527,938,1
15528,727,1
15528,8386,1
15529,516,1
15529,8023,1
15529,31992,1
15530,305,1
15530,2644,1
15531,94,1
15532,29960,1
15532,32651,1
15533,32440,1
15534,10432,1
15534,32229,1
15535,11070,1
15535,32018,1
15536,11031,1
15536,31807,1
15537,31596,1
15537,32645,1
15538,7326,1
15538,23551,1
15538,31385,1
15539,31174,1
15540,30963,1
15541,29241,1
15541,30752,1
15542,30541,1
15543,28720,1
15543,30330,1
15544,24556,1
15544,30119,1
15545,29908,1
15546,2012,1
15546,12809,1
15546,19254,1
15546,29697,1
15547,24890,1
15547,29486,1
15548,13022,1
15548,29275,1
15549,14005,1
15549,21375,1
15549,29064,1
15550,28853,1
15550,29511,1
15551,15479,1
15551,28642,1
15552,1262,1
15552,28431,1
15553,431,1
15553,6182,1
15553,18907,1
15553,28220,1
15553,30577,1
15554,2400,1
15554,12735,1
15554,25112,1
15554,25939,1
15554,28009,1
15555,27798,1
15556,27587,1
15557,1309,1
15557,6543,1
15557,27376,1
15558,27165,1
15559,26954,1
15559,30136,1
15560,3171,1
15560,21802,1
15560,26743,1
15561,26532,1
15562,26321,1
15563,6203,1
15563,26110,1
15564,18463,1
15564,25899,1
15565,7588,1
15565,25688,1
15566,13579,1
15566,25477,1
15567,24934,1
15567,25266,1
15567,25579,1
15568,8174,1
15568,25055,1
15569,1407,1
15569,18389,1
15569,24844,1
15569,32021,1
15570,24633,1
15570,28597,1
15571,17413,1
15571,24379,1
15571,24422,1
15571,24850,1
15572,15570,1
15572,24211,1
15573,4606,1
15573,24000,1
15573,30426,1
15574,5620,1
15574,6039,1
15574,23789,1
15575,23578,1
15576,1365,1
15576,1992,1
15576,23367,1
15577,17120,1
15577,23156,1
15578,18962,1
15578,22945,1
15579,22734,1
15580,20436,1
15580,22523,1
15581,12144,1
15581,22312,1
15581,29247,1
15582,22101,1
15582,25299,1
15583,14866,1
15583,21890,1
15584,20496,1
15584,21679,1
15584,26407,1
15585,21468,1
15585,30123,1
15586,18104,1
15586,21257,1
15587,9395,1
15587,21046,1
15587,24649,1
15588,7329,1
15588,20835,1
15589,20624,1
15590,3146,1
15590,20413,1
15591,20202,1
15592,19991,1
15593,19780,1
15593,23073,1
15593,25919,1
15593,29386,1
15594,19569,1
15595,19358,1
15595,20499,1
15595,26031,1
15596,11638,1
15596,19147,1
15596,24446,1
15597,18936,1
15598,10012,1
15598,18725,1
15599,18514,1
15600,18303,1
15600,30642,1
15601,1257,1
15601,2905,1
15601,18092,1
15602,17881,1
15603,17670,1
15603,19019,1
15604,17459,1
15604,29850,1
15605,17248,1
15606,17037,1
15607,10204,1
15607,16826,1
15608,16615,1
15608,27706,1
15609,16404,1
15610,16193,1
15611,15982,1
15612,15771,1
15612,27815,1
15612,28603,1
15612,28858,1
15613,15560,1
15613,17600,1
15614,4401,1
15614,15349,1
15615,15138,1
15616,12767,1
15616,14927,1
15617,2619,1
15617,14716,1
15617,19360,1
15617,32306,1
15618,14505,1
15618,30378,1
15619,14294,1
15619,15891,1
15620,14083,1
15621,13872,1
15622,13661,1
15623,4076,1
15623,13450,1
15624,4964,1
15624,13239,1
15624,13464,1
15624,16751,1
15624,25931,1
15625,13028,1
15626,7631,1
15626,12817,1
15626,22379,1
15626,22625,1
15627,12606,1
15627,20851,1
15627,21154,1
15628,12395,1
15628,14687,1
15629,4592,1
15629,7273,1
15629,12184,1
15630,10027,1
15630,11973,1
15631,11762,1
15631,21594,1
15632,11551,1
15632,19496,1
15633,1057,1
15633,11340,1
15633,29974,1
15634,11129,1
15634,16185,1
15634,31582,1
15635,10918,1
15636,10707,1
15636,20207,1
15637,2801,1
15637,10496,1
15638,10285,1
15638,17678,1
15638,22137,1
15639,10074,1
15639,12988,1
15639,22714,1
15640,9863,1
15640,22213,1
15640,24764,1
15641,8075,1
15641,9652,1
15641,11122,1
15641,32510,1
15642,9441,1
15643,9230,1
15644,9019,1
15645,8808,1
15645,28886,1
15646,2673,1
15646,8597,1
15647,8386,1
15648,8175,1
15648,31895,1
15649,7964,1
15649,11631,1
15649,13655,1
15650,7753,1
15650,23785,1
15651,1963,1
15651,3797,1
15651,7542,1
15652,7331,1
15652,10063,1
15653,4122,1
15653,7120,1
15653,14592,1
15654,6024,1
15654,6909,1
15655,6698,1
15655,11817,1
15656,2889,1
15656,6487,1
15656,29281,1
15657,6276,1
15657,6483,1
15658,6065,1
15658,20342,1
15659,5854,1
15660,5643,1
15661,4347,1
15661,5432,1
15662,5221,1
15662,22290,1
15663,5010,1
15664,4799,1
15665,4588,1
15666,4377,1
15666,5195,1
15666,22267,1
15667,4166,1
15667,11062,1
15667,28806,1
15668,3955,1
15668,32459,1
15669,3744,1
15669,4704,1
15670,3275,1
15670,3533,1
15671,3322,1
15671,24493,1
15672,3111,1
15673,669,1
15673,2900,1
15673,11729,1
15673,18117,1
15674,2689,1
15675,2478,1
15676,2267,1
15676,26584,1
15677,2056,1
15678,1845,1
15679,1634,1
15679,12292,1
15679,13504,1
15679,21192,1
15680,1423,1
15680,23222,1
15681,1212,1
15681,18801,1
15682,1001,1
15682,1006,1
15682,6065,1
15682,23230,1
15683,790,1
15683,29680,1
15684,579,1
15685,368,1
15685,5359,1
15685,5762,1
15686,157,1
15687,32714,1
15688,4303,1
15688,9489,1
15688,14726,1
15688,30301,1
15688,32503,1
15689,28515,1
15689,32292,1
15690,29744,1
15690,32081,1
15691,31870,1
15692,1033,1
15692,9357,1
15692,16455,1
15692,31659,1
15693,31448,1
15694,1621,1
15694,21952,1
15694,26203,1
15694,31237,1
15695,26638,1
15695,31026,1
15696,1818,1
15696,15205,1
15696,22833,1
15696,30815,1
15697,24613,1
15697,30604,1
15698,19271,1
15698,30393,1
15698,30654,1
15699,30182,1
15700,24119,1
15700,26776,1
15700,29971,1
15701,1925,1
15701,9018,1
15701,29760,1
15702,8293,1
15702,23921,1
15702,29549,1
15703,21264,1
15703,29338,1
15704,29127,1
15705,12706,1
15705,28916,1
15706,3402,1
15706,28705,1
15707,28494,1
15707,29190,1
15708,11656,1
15708,22699,1
15708,28283,1
15709,28072,1
15710,7381,1
15710,27861,1
15711,5222,1
15711,27650,1
15712,23091,1
15712,27439,1
15713,11934,1
15713,27228,1
15714,27017,1
15715,6680,1
15715,26806,1
15716,26595,1
15717,3697,1
15717,26384,1
15718,5519,1
15718,12148,1
15718,26173,1
15718,30256,1
15719,25962,1
15719,28448,1
15720,25751,1
15721,16695,1
15721,25540,1
15722,25329,1
15723,25118,1
15724,24907,1
15725,13610,1
15725,24696,1
15726,9935,1
15726,24485,1
15727,24274,1
15727,27265,1
15728,9017,1
15728,10452,1
15728,24063,1
15728,24625,1
15729,23852,1
15729,31025,1
15730,20385,1
15730,21640,1
15730,23641,1
15730,28929,1
15730,30319,1
15731,23430,1
15732,23219,1
15733,23008,1
15734,22797,1
15735,22586,1
15736,4269,1
15736,7959,1
15736,20401,1
15736,22375,1
15736,29881,1
15736,31672,1
15737,22164,1
15738,21953,1
15739,21742,1
15740,21531,1
15741,21320,1
15742,21109,1
15743,13294,1
15743,20898,1
15744,2662,1
15744,14124,1
15744,20687,1
15744,21497,1
15745,14112,1
15745,20476,1
15746,11191,1
15746,20265,1
15746,28141,1
15747,20054,1
15748,19843,1
15748,20049,1
15749,17550,1
15749,19632,1
15750,19421,1
15751,19210,1
15751,22177,1
15751,25489,1
15751,26952,1
15751,28408,1
15751,32684,1
15752,123,1
15752,5543,1
15752,10475,1
15752,11906,1
15752,18999,1
15752,23657,1
15753,18788,1
15753,31735,1
15754,18577,1
15755,4230,1
15755,13244,1
15755,14358,1
15755,18366,1
15756,14088,1
15756,18155,1
15757,17944,1
15757,19752,1
15757,23796,1
15758,17733,1
15759,3071,1
15759,9302,1
15759,17522,1
15759,30958,1
15760,17311,1
15760,28532,1
15761,17100,1
15762,12059,1
15762,16889,1
15763,5212,1
15763,16678,1
15764,16467,1
15764,25371,1
15765,16256,1
15766,15376,1
15766,16045,1
15767,15834,1
15768,15623,1
15769,15412,1
15770,15201,1
15771,1157,1
15771,14990,1
15771,27019,1
15772,6522,1
15772,14779,1
15773,14568,1
15773,22820,1
15773,31922,1
15774,14357,1
15774,23040,1
15774,30893,1
15775,14146,1
15775,23744,1
15776,13935,1
15777,1684,1
15777,13724,1
15777,24571,1
15778,10504,1
15778,13513,1
15779,6393,1
15779,13302,1
15780,13091,1
15781,12880,1
15781,26722,1
15782,12669,1
15782,29621,1
15783,782,1
15783,7835,1
15783,12458,1
15783,21774,1
15784,12247,1
15784,14385,1
15784,31238,1
15785,9120,1
15785,12036,1
15785,22386,1
15786,7781,1
15786,11825,1
15787,11614,1
15787,14894,1
15788,11403,1
15789,269,1
15789,11192,1
15789,18301,1
15790,10981,1
15791,10770,1
15791,23572,1
15791,26297,1
15791,30220,1
15792,10559,1
15792,24929,1
15793,10348,1
15794,10137,1
15794,16516,1
15795,9926,1
15795,15955,1
15796,9715,1
15796,16485,1
15796,22475,1
15797,9504,1
15797,18922,1
15797,20642,1
15798,9293,1
15799,9082,1
15799,9845,1
15799,21173,1
15800,8871,1
15800,30445,1
15801,8660,1
15802,8449,1
15803,8238,1
15804,8027,1
15804,9346,1
15805,7547,1
15805,7816,1
15806,7605,1
15807,7394,1
15807,8354,1
15808,7183,1
15809,5302,1
15809,6972,1
15810,6761,1
15811,6550,1
15811,9443,1
15812,1348,1
15812,6339,1
15812,22063,1
15812,30200,1
15813,6128,1
15813,25213,1
15814,5917,1
15814,8881,1
15814,10579,1
15815,5706,1
15816,4224,1
15816,5495,1
15817,5284,1
15818,5073,1
15819,4862,1
15820,4651,1
15820,9022,1
15820,27585,1
15821,4440,1
15822,4229,1
15822,4637,1
15822,17680,1
15823,4018,1
15824,3807,1
15824,5892,1
15824,7875,1
15824,32653,1
15825,3596,1
15826,3385,1
15827,3174,1
15827,16677,1
15827,27302,1
15827,27748,1
15828,2963,1
15828,11907,1
15829,2752,1
15830,2541,1
15830,14797,1
15830,21639,1
15831,2330,1
15831,2580,1
15831,16101,1
15832,2119,1
15833,1908,1
15833,14964,1
15833,27395,1
15834,1697,1
15835,1486,1
15836,1275,1
15837,1064,1
15838,853,1
15838,1640,1
15838,7890,1
15839,642,1
15839,15419,1
15840,431,1
15840,7213,1
15840,12759,1
15840,28478,1
15841,220,1
15841,18369,1
15841,21573,1
15842,9,1
15842,15667,1
15842,27031,1
15843,32566,1
15844,32355,1
15845,2307,1
15845,17425,1
15845,32144,1
15846,31933,1
15847,31722,1
15848,27710,1
15848,31511,1
15849,31300,1
15850,6409,1
15850,25755,1
15850,31089,1
15851,4619,1
15851,30878,1
15852,30667,1
15853,30456,1
15853,31700,1
15854,8947,1
15854,13091,1
15854,30245,1
15855,7985,1
15855,15810,1
15855,23676,1
15855,30034,1
15856,29823,1
15857,29612,1
15857,31778,1
15858,29401,1
15859,29190,1
15860,1444,1
15860,14453,1
15860,20847,1
15860,28979,1
15861,3852,1
15861,15636,1
15861,28768,1
15862,28557,1
15863,28346,1
15864,8014,1
15864,9001,1
15864,28135,1
15865,27924,1
15866,15547,1
15866,27713,1
15866,30486,1
15867,6435,1
15867,27502,1
15868,25926,1
15868,27291,1
15869,27080,1
15870,4520,1
15870,17304,1
15870,26869,1
15871,4171,1
15871,4233,1
15871,5754,1
15871,26658,1
15871,30696,1
15872,26447,1
15873,26236,1
15874,25918,1
15874,26025,1
15875,22243,1
15875,25814,1
15876,7739,1
15876,25603,1
15877,25392,1
15878,1686,1
15878,20444,1
15878,25181,1
15879,24970,1
15880,24759,1
15881,6178,1
15881,24548,1
15881,25058,1
15881,32378,1
15882,24337,1
15883,18618,1
15883,24126,1
15883,32198,1
15884,23915,1
15885,23704,1
15886,19871,1
15886,23493,1
15887,23282,1
15888,5155,1
15888,18155,1
15888,23071,1
15888,24742,1
15889,20745,1
15889,22860,1
15889,26822,1
15890,14781,1
15890,22649,1
15890,23335,1
15891,22438,1
15892,10602,1
15892,22227,1
15892,31032,1
15893,960,1
15893,2275,1
15893,22016,1
15893,23684,1
15894,3019,1
15894,21805,1
15895,21188,1
15895,21594,1
15896,13142,1
15896,21383,1
15897,10930,1
15897,21172,1
15897,25021,1
15897,29508,1
15898,20961,1
15898,29040,1
15899,20750,1
15900,9688,1
15900,9963,1
15900,16663,1
15900,20539,1
15901,20328,1
15902,20117,1
15903,19906,1
15904,19695,1
15905,13251,1
15905,19484,1
15906,2403,1
15906,19273,1
15907,1848,1
15907,19062,1
15907,22674,1
15908,18851,1
15908,22480,1
15908,24030,1
15909,5741,1
15909,18640,1
15909,21843,1
15910,9218,1
15910,18429,1
15911,6826,1
15911,18218,1
15912,18007,1
15913,12110,1
15913,12225,1
15913,17796,1
15913,24523,1
15913,27035,1
15914,6467,1
15914,7084,1
15914,17585,1
15915,17374,1
15916,17163,1
15917,16952,1
15918,16741,1
15918,23016,1
15919,16530,1
15919,29919,1
15920,16319,1
15920,27890,1
15921,16108,1
15921,30688,1
15922,15897,1
15923,8155,1
15923,9414,1
15923,10076,1
15923,15686,1
15923,21370,1
15924,15475,1
15925,15264,1
15925,17685,1
15926,4128,1
15926,12740,1
15926,15053,1
15927,6023,1
15927,14842,1
15928,4033,1
15928,14631,1
15929,14420,1
15929,22584,1
15929,27661,1
15930,14209,1
15930,29812,1
15931,7282,1
15931,13998,1
15932,13787,1
15932,31836,1
15933,13576,1
15933,28074,1
15934,13365,1
15935,13154,1
15935,20983,1
15936,6823,1
15936,12943,1
15937,12732,1
15937,25061,1
15938,7537,1
15938,12521,1
15938,24120,1
15939,12310,1
15940,12099,1
15940,12888,1
15941,11888,1
15942,11677,1
15943,11466,1
15943,26578,1
15943,29860,1
15944,4493,1
15944,11255,1
15945,11044,1
15945,12880,1
15945,19477,1
15946,10833,1
15947,10622,1
15948,9275,1
15948,10411,1
15948,12865,1
15949,10200,1
15949,25997,1
15950,9989,1
15950,21034,1
15951,9778,1
15952,9567,1
15952,31541,1
15953,2547,1
15953,9356,1
15954,9145,1
15955,8934,1
15955,19010,1
15955,20180,1
15956,8723,1
15957,8512,1
15958,2499,1
15958,8301,1
15958,29261,1
15959,8090,1
15959,15183,1
15959,32550,1
15960,5665,1
15960,7879,1
15960,21517,1
15960,30536,1
15961,7668,1
15961,18020,1
15961,28998,1
15962,7457,1
15963,7246,1
15964,7035,1
15965,6824,1
15965,32232,1
15966,6613,1
15966,22715,1
15967,6402,1
15967,13245,1
15968,6191,1
15968,15813,1
15969,5980,1
15970,2702,1
15970,5769,1
15971,5558,1
15971,9801,1
15972,5347,1
15973,4870,1
15973,5136,1
15974,4925,1
15974,8954,1
15975,4714,1
15976,4503,1
15977,1366,1
15977,4292,1
15978,4081,1
15978,31807,1
15979,3870,1
15979,12768,1
15980,3659,1
15980,14528,1
15981,3448,1
15982,3237,1
15983,3026,1
15984,2815,1
15985,2604,1
15985,5446,1
15985,10832,1
15985,11023,1
15986,2393,1
15986,19553,1
15987,2182,1
15987,21923,1
15987,22624,1
15987,31072,1
15988,1971,1
15988,4777,1
15988,25551,1
15989,1760,1
15990,1549,1
15990,9153,1
15991,1338,1
15991,25249,1
15992,1127,1
15992,1704,1
15993,916,1
15994,705,1
15995,494,1
15996,283,1
15996,4330,1
15997,72,1
15998,593,1
15998,32629,1
15999,32418,1
15999,32478,1
16000,19166,1
16000,32207,1
16001,31996,1
16002,3628,1
16002,10945,1
16002,31785,1
16003,11813,1
16003,31574,1
16004,19335,1
16004,31363,1
16005,23571,1
16005,27255,1
16005,31152,1
16006,30941,1
16007,695,1
16007,30730,1
16008,13666,1
16008,30519,1
16009,27378,1
16009,30308,1
16010,30097,1
16011,27615,1
16011,29886,1
16012,3749,1
16012,29675,1
16013,29464,1
16014,29253,1
16015,29042,1
16016,22962,1
16016,28831,1
16017,28620,1
16017,29358,1
16017,31129,1
16018,28409,1
16019,2602,1
16019,8912,1
16019,25586,1
16019,28198,1
16020,19590,1
16020,27987,1
16021,27776,1
16022,6618,1
16022,27565,1
16023,27354,1
16024,26948,1
16024,27143,1
16024,29722,1
16025,20371,1
16025,26932,1
16026,26721,1
16027,26510,1
16028,16147,1
16028,26299,1
16029,26088,1
16030,20530,1
16030,25877,1
16031,3873,1
16031,25666,1
16032,25455,1
16033,3054,1
16033,10551,1
16033,25244,1
16034,13713,1
16034,25033,1
16035,9911,1
16035,24822,1
16035,25980,1
16035,30276,1
16036,24611,1
16037,5578,1
16037,19361,1
16037,24400,1
16038,24189,1
16039,23978,1
16040,23767,1
16041,5731,1
16041,6783,1
16041,23556,1
16042,21782,1
16042,23345,1
16043,18737,1
16043,23134,1
16044,13213,1
16044,17659,1
16044,22923,1
16045,8687,1
16045,9945,1
16045,22712,1
16046,22501,1
16047,1116,1
16047,13076,1
16047,22290,1
16048,22079,1
16049,21868,1
16049,25812,1
16050,21657,1
16051,21446,1
16052,21235,1
16053,21024,1
16053,28145,1
16054,20813,1
16054,21125,1
16055,14808,1
16055,18218,1
16055,20602,1
16056,7709,1
16056,9929,1
16056,20391,1
16056,23036,1
16057,20180,1
16057,31224,1
16058,5724,1
16058,19969,1
16059,19758,1
16059,30613,1
16060,16328,1
16060,19547,1
16060,22985,1
16061,18472,1
16061,19336,1
16062,19125,1
16063,18914,1
16063,24808,1
16064,18703,1
16064,23332,1
16065,18492,1
16066,18281,1
16067,18070,1
16068,17859,1
16069,3717,1
16069,17648,1
16069,19864,1
16070,17437,1
16070,30038,1
16070,31543,1
16071,7656,1
16071,17226,1
16072,9591,1
16072,13039,1
16072,17015,1
16072,20168,1
16073,16804,1
16073,32677,1
16074,6946,1
16074,16593,1
16075,16382,1
16076,16171,1
16076,31623,1
16077,15960,1
16078,4500,1
16078,15749,1
16078,28897,1
16079,15538,1
16079,29855,1
16080,1852,1
16080,15327,1
16081,6106,1
16081,15116,1
16082,277,1
16082,14905,1
16083,14694,1
16084,4408,1
16084,13179,1
16084,14483,1
16084,22815,1
16084,25362,1
16085,14272,1
16085,23839,1
16086,14061,1
16086,29908,1
16087,13850,1
16088,10382,1
16088,13639,1
16088,26875,1
16089,13428,1
16090,13217,1
16091,13006,1
16092,8471,1
16092,12795,1
16093,12584,1
16094,12373,1
16094,29263,1
16095,12162,1
16095,13151,1
16096,11951,1
16096,19222,1
16097,11740,1
16097,20344,1
16097,30273,1
16098,11529,1
16099,11318,1
16100,11107,1
16100,13999,1
16101,6486,1
16101,10896,1
16102,10685,1
16103,10474,1
16104,10263,1
16104,17619,1
16105,9274,1
16105,10052,1
16106,9841,1
16107,6422,1
16107,9630,1
16107,15303,1
16108,9419,1
16109,4044,1
16109,9208,1
16109,11435,1
16110,8997,1
16111,8786,1
16112,8575,1
16113,8364,1
16114,8153,1
16115,7942,1
16116,768,1
16116,7731,1
16116,10455,1
16117,7520,1
16118,7309,1
16119,7098,1
16119,7569,1
16120,6887,1
16121,4242,1
16121,6676,1
16122,381,1
16122,6465,1
16122,6868,1
16123,6254,1
16124,6043,1
16125,3558,1
16125,5832,1
16125,5893,1
16125,25568,1
16126,5621,1
16126,25850,1
16127,5410,1
16127,7435,1
16128,3322,1
16128,5199,1
16128,19190,1
16128,24452,1
16129,4988,1
16130,4777,1
16130,4786,1
16131,4566,1
16132,997,1
16132,4355,1
16133,4144,1
16134,1878,1
16134,3933,1
16134,14041,1
16134,24348,1
16135,3722,1
16135,22893,1
16136,3511,1
16137,3300,1
16138,3089,1
16138,9728,1
16139,2878,1
16139,19826,1
16140,2667,1
16140,4288,1
16141,2456,1
16141,10399,1
16142,2245,1
16143,2034,1
16143,4919,1
16143,6277,1
16143,9469,1
16144,1823,1
16144,25751,1
16145,1612,1
16145,17100,1
16146,1401,1
16147,1190,1
16147,15396,1
16148,979,1
16149,768,1
16149,17884,1
16150,557,1
16151,346,1
16152,135,1
16152,1131,1
16153,32692,1
16154,26155,1
16154,32481,1
16155,11331,1
16155,29392,1
16155,32270,1
16156,9122,1
16156,17003,1
16156,32059,1
16157,16379,1
16157,16867,1
16157,20810,1
16157,23763,1
16157,31848,1
16158,16735,1
16158,31637,1
16158,31818,1
16159,1229,1
16159,26033,1
16159,31426,1
16160,11113,1
16160,29995,1
16160,31215,1
16161,6656,1
16161,31004,1
16162,30793,1
16162,31988,1
16163,23356,1
16163,30582,1
16164,21797,1
16164,30371,1
16164,31911,1
16165,30160,1
16166,29949,1
16167,27932,1
16167,29738,1
16168,29527,1
16169,29316,1
16170,22861,1
16170,29105,1
16171,28894,1
16172,28683,1
16173,10299,1
16173,16595,1
16173,21733,1
16173,28472,1
16174,28261,1
16175,28050,1
16176,1242,1
16176,27839,1
16177,27628,1
16178,25163,1
16178,27417,1
16179,26047,1
16179,27206,1
16179,31036,1
16180,4311,1
16180,12897,1
16180,18408,1
16180,23327,1
16180,26995,1
16181,26784,1
16182,3253,1
16182,26573,1
16183,25569,1
16183,26362,1
16184,26151,1
16185,25940,1
16186,53,1
16186,19968,1
16186,22791,1
16186,25729,1
16187,433,1
16187,4677,1
16187,25518,1
16188,25307,1
16189,8673,1
16189,12623,1
16189,25096,1
16190,121,1
16190,18290,1
16190,24885,1
16191,4833,1
16191,24674,1
16192,24463,1
16193,2413,1
16193,24252,1
16194,1209,1
16194,24041,1
16194,27174,1
16194,27463,1
16195,23830,1
16196,17407,1
16196,23619,1
16197,23408,1
16198,23197,1
16199,8323,1
16199,9657,1
16199,22986,1
16200,22775,1
16200,26613,1
16200,32472,1
16201,2135,1
16201,22564,1
16202,22353,1
16203,18140,1
16203,22142,1
16203,27698,1
16204,21931,1
16205,21720,1
16205,27963,1
16206,21509,1
16207,21298,1
16208,21087,1
16208,23779,1
16209,20876,1
16210,20665,1
16211,20454,1
16211,29289,1
16212,13647,1
16212,20243,1
16213,20032,1
16214,19821,1
16215,6052,1
16215,19610,1
16216,8045,1
16216,19399,1
16217,19188,1
16218,8574,1
16218,16400,1
16218,18977,1
16218,26189,1
16219,6940,1
16219,18766,1
16220,18555,1
16221,18344,1
16222,7452,1
16222,18133,1
16223,17922,1
16224,17711,1
16224,17879,1
16225,17500,1
16226,17289,1
16226,29782,1
16227,17078,1
16227,18718,1
16228,16867,1
16229,16656,1
16229,20039,1
16229,25516,1
16230,16445,1
16230,21329,1
16230,32110,1
16231,16234,1
16231,32735,1
16232,16023,1
16233,6883,1
16233,15812,1
16234,15601,1
16234,29052,1
16235,15390,1
16236,71,1
16236,1298,1
16236,15179,1
16236,30359,1
16237,14174,1
16237,14968,1
16238,14757,1
16239,14546,1
16240,14335,1
16241,14124,1
16242,13913,1
16243,12313,1
16243,13702,1
16243,17679,1
16244,13491,1
16245,6269,1
16245,12858,1
16245,13280,1
16245,18930,1
16245,22285,1
16246,13069,1
16247,12858,1
16248,12647,1
16248,20356,1
16249,10529,1
16249,12436,1
16250,12225,1
16251,12014,1
16251,13838,1
16251,14410,1
16251,21017,1
16252,11343,1
16252,11803,1
16253,11592,1
16254,11381,1
16254,29980,1
16254,32301,1
16255,11170,1
16256,10959,1
16256,12866,1
16256,25995,1
16257,10748,1
16258,10537,1
16259,10326,1
16260,10115,1
16260,15305,1
16261,9904,1
16262,9693,1
16262,17297,1
16263,9482,1
16264,9271,1
16264,9519,1
16264,21750,1
16265,9060,1
16266,2689,1
16266,8849,1
16266,32705,1
16267,8638,1
16268,3035,1
16268,8427,1
16269,8216,1
16269,13871,1
16269,23850,1
16270,1698,1
16270,8005,1
16271,7794,1
16271,14997,1
16271,16551,1
16272,7583,1
16273,7372,1
16274,7161,1
16275,6950,1
16275,18888,1
16275,25640,1
16275,32708,1
16276,6739,1
16277,4866,1
16277,6439,1
16277,6528,1
16277,8982,1
16277,19401,1
16278,6317,1
16278,16012,1
16278,18278,1
16278,23860,1
16279,6106,1
16279,22099,1
16280,5895,1
16281,5684,1
16281,31643,1
16282,5473,1
16282,17777,1
16283,5262,1
16284,5051,1
16285,4840,1
16286,3286,1
16286,4629,1
16286,29943,1
16287,4418,1
16288,4207,1
16289,3996,1
16290,1125,1
16290,3785,1
16290,4201,1
16291,3574,1
16291,8497,1
16291,13060,1
16292,3363,1
16293,3152,1
16293,22536,1
16294,2941,1
16294,12931,1
16294,16331,1
16295,2730,1
16295,7264,1
16295,12798,1
16296,2519,1
16297,2308,1
16297,10804,1
16298,2097,1
16298,24406,1
16299,1886,1
16300,1675,1
16300,6973,1
16300,10872,1
16300,14068,1
16300,20997,1
16301,1464,1
16301,29915,1
16302,1253,1
16303,1042,1
16304,831,1
16304,11110,1
16305,620,1
16306,409,1
16306,27677,1
16307,198,1
16307,1361,1
16307,20202,1
16307,32032,1
16307,32511,1
16308,2933,1
16308,32755,1
16309,2768,1
16309,4878,1
16309,9781,1
16309,32544,1
16310,18936,1
16310,32333,1
16311,25300,1
16311,32122,1
16312,11689,1
16312,31911,1
16313,2190,1
16313,5026,1
16313,31700,1
16314,28260,1
16314,31489,1
16315,31278,1
16316,23186,1
16316,29417,1
16316,31067,1
16317,30856,1
16318,20097,1
16318,30645,1
16319,30434,1
16320,30223,1
16321,30012,1
16322,8788,1
16322,29801,1
16323,11593,1
16323,29590,1
16324,29379,1
16325,20822,1
16325,29168,1
16325,29628,1
16326,19451,1
16326,23526,1
16326,28957,1
16327,22382,1
16327,28691,1
16327,28746,1
16328,27374,1
16328,28535,1
16329,3835,1
16329,28324,1
16330,28113,1
16331,7008,1
16331,27618,1
16331,27902,1
16332,27691,1
16333,4830,1
16333,27480,1
16334,21523,1
16334,27269,1
16335,27058,1
16336,26847,1
16337,26636,1
16338,26425,1
16339,26214,1
16340,26003,1
16341,11707,1
16341,15711,1
16341,25792,1
16342,5030,1
16342,25581,1
16343,10155,1
16343,25370,1
16344,3005,1
16344,25159,1
16345,24948,1
16346,24737,1
16347,24526,1
16348,24315,1
16349,23820,1
16349,24104,1
16350,23893,1
16350,29648,1
16351,16470,1
16351,23682,1
16351,24743,1
16351,26092,1
16351,28508,1
16351,29034,1
16351,31196,1
16352,23471,1
16353,23260,1
16354,67,1
16354,3814,1
16354,4563,1
16354,23049,1
16354,29837,1
16355,4877,1
16355,22838,1
16355,28552,1
16355,32297,1
16356,22627,1
16357,6224,1
16357,22416,1
16357,24694,1
16358,21101,1
16358,22205,1
16359,21994,1
16360,13824,1
16360,21783,1
16360,23653,1
16361,21572,1
16361,31841,1
16362,21361,1
16363,8589,1
16363,21150,1
16364,20939,1
16364,23129,1
16364,27762,1
16365,18901,1
16365,20728,1
16365,22027,1
16366,34,1
16366,17605,1
16366,20517,1
16367,20306,1
16368,18134,1
16368,20095,1
16369,12061,1
16369,19884,1
16370,19673,1
16370,23193,1
16371,19462,1
16372,5516,1
16372,19251,1
16373,19040,1
16374,18829,1
16374,28393,1
16375,3880,1
16375,18618,1
16376,3973,1
16376,16117,1
16376,18407,1
16376,21092,1
16377,18196,1
16377,32525,1
16378,10627,1
16378,17985,1
16379,841,1
16379,17774,1
16379,25123,1
16379,27577,1
16380,17563,1
16380,24420,1
16381,17352,1
16382,15387,1
16382,17141,1
16383,10774,1
16383,16930,1
16384,16719,1
16385,16508,1
16386,16297,1
16387,16086,1
16387,28655,1
16388,13202,1
16388,15875,1
16388,17325,1
16388,31139,1
16389,6767,1
16389,15664,1
16390,15453,1
16391,15242,1
16392,15031,1
16392,22371,1
16393,14820,1
16393,15687,1
16394,5263,1
16394,6968,1
16394,14609,1
16395,8008,1
16395,14398,1
16395,29925,1
16396,1287,1
16396,14187,1
16397,13976,1
16397,30651,1
16398,12074,1
16398,13765,1
16399,13554,1
16400,2088,1
16400,13343,1
16400,16526,1
16401,7378,1
16401,13132,1
16401,25881,1
16402,12921,1
16402,13974,1
16403,12710,1
16403,29743,1
16404,1379,1
16404,12499,1
16404,29858,1
16405,11775,1
16405,12288,1
16406,12077,1
16407,11866,1
16408,11655,1
16408,12055,1
16409,11444,1
16409,12400,1
16409,28146,1
16410,11233,1
16410,20829,1
16411,9456,1
16411,11022,1
16411,13449,1
16412,10811,1
16412,14244,1
16412,29979,1
16413,10600,1
16413,11814,1
16413,24687,1
16414,10389,1
16414,11499,1
16414,30471,1
16415,10178,1
16415,32611,1
16416,9967,1
16416,30058,1
16417,9756,1
16418,9545,1
16418,10631,1
16419,5209,1
16419,6939,1
16419,9334,1
16420,9123,1
16420,15587,1
16421,8912,1
16422,8701,1
16422,23503,1
16423,8490,1
16423,11347,1
16424,8279,1
16424,15354,1
16424,17058,1
16424,24027,1
16425,8068,1
16425,16215,1
16425,28713,1
16426,7857,1
16426,20235,1
16426,25614,1
16426,27365,1
16427,7646,1
16428,3952,1
16428,7435,1
16428,15247,1
16429,7224,1
16430,7013,1
16431,6802,1
16432,6591,1
16432,15500,1
16433,6380,1
16433,7829,1
16434,6169,1
16435,5958,1
16436,5747,1
16436,7259,1
16436,28412,1
16437,5536,1
16438,5325,1
16439,5114,1
16439,21421,1
16440,4903,1
16440,18933,1
16441,4459,1
16441,4692,1
16442,3425,1
16442,4481,1
16443,4270,1
16443,13310,1
16444,4059,1
16445,613,1
16445,3848,1
16445,30663,1
16446,3637,1
16446,29682,1
16447,799,1
16447,3426,1
16447,16949,1
16447,24139,1
16448,3215,1
16449,3004,1
16449,11833,1
16449,14820,1
16450,2793,1
16451,2582,1
16451,4664,1
16451,10862,1
16451,11552,1
16451,32366,1
16452,2371,1
16452,22225,1
16453,2160,1
16453,6576,1
16454,1949,1
16454,13024,1
16455,1027,1
16455,1738,1
16456,1527,1
16457,1316,1
16457,9311,1
16458,1105,1
16459,894,1
16459,13087,1
16459,16038,1
16459,26282,1
16460,683,1
16460,13635,1
16460,22343,1
16461,472,1
16461,8869,1
16462,261,1
16462,22104,1
16463,50,1
16463,15770,1
16464,20377,1
16464,32607,1
16465,6745,1
16465,32396,1
16466,4864,1
16466,32185,1
16467,16183,1
16467,22338,1
16467,24972,1
16467,31974,1
16468,31763,1
16469,31552,1
16470,3678,1
16470,15615,1
16470,22423,1
16470,31341,1
16471,4243,1
16471,24274,1
16471,31130,1
16471,31933,1
16472,3528,1
16472,16450,1
16472,30919,1
16473,12345,1
16473,12835,1
16473,28732,1
16473,30708,1
16474,20909,1
16474,30497,1
16475,16523,1
16475,25967,1
16475,26756,1
16475,30286,1
16476,30075,1
16477,17798,1
16477,28970,1
16477,29864,1
16478,29653,1
16478,31141,1
16479,29442,1
16480,13799,1
16480,29231,1
16481,8550,1
16481,22630,1
16481,29020,1
16482,15230,1
16482,26821,1
16482,28809,1
16483,15012,1
16483,28598,1
16484,27287,1
16484,28387,1
16485,28176,1
16486,20544,1
16486,27965,1
16487,27754,1
16488,27543,1
16489,24417,1
16489,27332,1
16490,27121,1
16491,5638,1
16491,9850,1
16491,26910,1
16492,7954,1
16492,26699,1
16493,26488,1
16494,11390,1
16494,26277,1
16495,22648,1
16495,26066,1
16496,25855,1
16497,1296,1
16497,8817,1
16497,25644,1
16498,8878,1
16498,25433,1
16499,25222,1
16500,13480,1
16500,21018,1
16500,25011,1
16501,24800,1
16502,21828,1
16502,24589,1
16503,9352,1
16503,24378,1
16504,24167,1
16504,30121,1
16505,23956,1
16505,28574,1
16506,23745,1
16507,2064,1
16507,23534,1
16508,23323,1
16509,21834,1
16509,23112,1
16510,9654,1
16510,14285,1
16510,14412,1
16510,22901,1
16510,28693,1
16511,22690,1
16512,3551,1
16512,22479,1
16513,22268,1
16514,22057,1
16514,25258,1
16515,21846,1
16516,21635,1
16517,4431,1
16517,21424,1
16518,1969,1
16518,5818,1
16518,14774,1
16518,21213,1
16519,21002,1
16520,20791,1
16520,32629,1
16521,14842,1
16521,20580,1
16521,21435,1
16522,4986,1
16522,20369,1
16523,20158,1
16524,19947,1
16525,13653,1
16525,19736,1
16526,19525,1
16527,12710,1
16527,19314,1
16528,19103,1
16528,27681,1
16528,30753,1
16529,9516,1
16529,18892,1
16530,18681,1
16530,30836,1
16531,4514,1
16531,18470,1
16532,18259,1
16533,17670,1
16533,18048,1
16533,18591,1
16534,2862,1
16534,9927,1
16534,14187,1
16534,17837,1
16535,4959,1
16535,10972,1
16535,17626,1
16536,6672,1
16536,17415,1
16536,24109,1
16536,24849,1
16537,17204,1
16538,16993,1
16538,28055,1
16539,16782,1
16539,18585,1
16539,18874,1
16539,29403,1
16540,16571,1
16541,16360,1
16541,19710,1
16542,16149,1
16542,17418,1
16543,15938,1
16543,29008,1
16544,15727,1
16545,4486,1
16545,15516,1
16546,1624,1
16546,11125,1
16546,15305,1
16546,29871,1
16547,2510,1
16547,5520,1
16547,15094,1
16547,22595,1
16548,14883,1
16548,30212,1
16549,8653,1
16549,14672,1
16550,5439,1
16550,14461,1
16551,1405,1
16551,14250,1
16552,14039,1
16553,13828,1
16553,24579,1
16554,13617,1
16554,24965,1
16555,13406,1
16555,27065,1
16556,9181,1
16556,13195,1
16556,13805,1
16556,25803,1
16557,12984,1
16558,2941,1
16558,12773,1
16559,12562,1
16560,12351,1
16560,25478,1
16560,28690,1
16561,12140,1
16561,26653,1
16562,7904,1
16562,11929,1
16563,11718,1
16564,11507,1
16564,18259,1
16565,11296,1
16566,11085,1
16566,11266,1
16567,10874,1
16568,10663,1
16569,10452,1
16570,10241,1
16570,23959,1
16571,10030,1
16571,12189,1
16572,9819,1
16572,14778,1
16573,602,1
16573,9608,1
16574,9397,1
16574,10019,1
16575,9186,1
16575,22606,1
16576,8975,1
16577,8764,1
16577,31441,1
16578,8553,1
16578,12609,1
16579,8342,1
16580,6194,1
16580,8131,1
16580,32332,1
16581,7920,1
16581,17524,1
16582,1952,1
16582,4753,1
16582,4834,1
16582,7709,1
16583,7498,1
16583,10802,1
16584,7287,1
16584,7826,1
16584,24391,1
16585,7076,1
16585,13959,1
16586,5636,1
16586,6865,1
16586,12343,1
16587,6654,1
16587,10620,1
16588,6443,1
16588,6574,1
16588,14623,1
16589,6232,1
16590,6021,1
16590,6648,1
16590,16089,1
16591,5810,1
16592,5599,1
16593,5388,1
16594,5177,1
16595,4966,1
16595,11706,1
16596,4755,1
16596,23767,1
16596,29739,1
16597,75,1
16597,4544,1
16598,3806,1
16598,4333,1
16599,4122,1
16600,2822,1
16600,3911,1
16601,3700,1
16602,3489,1
16602,14567,1
16602,18919,1
16603,3278,1
16603,4579,1
16603,6146,1
16603,10098,1
16604,3067,1
16605,2856,1
16605,15882,1
16606,2645,1
16607,2434,1
16608,2223,1
16608,11737,1
16608,15593,1
16609,2012,1
16609,27392,1
16609,32184,1
16610,1801,1
16611,1590,1
16611,5913,1
16612,1379,1
16613,1168,1
16613,9914,1
16613,25754,1
16614,957,1
16615,746,1
16616,535,1
16616,7755,1
16617,324,1
16618,113,1
16618,10065,1
16619,7078,1
16619,7195,1
16619,29683,1
16619,32670,1
16620,32459,1
16621,20957,1
16621,32248,1
16622,31393,1
16622,32037,1
16623,3385,1
16623,10853,1
16623,31826,1
16624,31615,1
16625,27516,1
16625,31404,1
16625,32147,1
16626,22199,1
16626,31193,1
16627,24346,1
16627,30545,1
16627,30982,1
16628,30771,1
16629,30560,1
16630,465,1
16630,14383,1
16630,30349,1
16631,30138,1
16632,29927,1
16633,3291,1
16633,29716,1
16633,29726,1
16634,13078,1
16634,29505,1
16635,5369,1
16635,29294,1
16636,29083,1
16637,28872,1
16638,171,1
16638,28661,1
16639,28176,1
16639,28450,1
16640,28239,1
16640,29659,1
16641,28028,1
16642,3388,1
16642,10941,1
16642,27817,1
16643,2342,1
16643,27606,1
16644,1455,1
16644,4472,1
16644,21946,1
16644,27395,1
16645,27184,1
16646,26973,1
16647,6046,1
16647,26762,1
16648,21067,1
16648,26551,1
16649,26340,1
16650,1238,1
16650,26129,1
16651,19352,1
16651,25918,1
16652,25707,1
16653,25496,1
16653,26365,1
16654,20779,1
16654,25285,1
16655,4511,1
16655,25074,1
16655,28837,1
16656,21378,1
16656,24863,1
16656,27166,1
16656,32734,1
16657,24652,1
16658,2023,1
16658,2370,1
16658,14823,1
16658,21762,1
16658,24441,1
16659,24230,1
16660,12836,1
16660,20054,1
16660,23309,1
16660,24019,1
16661,6960,1
16661,22626,1
16661,23808,1
16662,23597,1
16663,14163,1
16663,22262,1
16663,23386,1
16664,18156,1
16664,23175,1
16665,22964,1
16665,27209,1
16666,16001,1
16666,22753,1
16667,15326,1
16667,22542,1
16668,22331,1
16669,3185,1
16669,3612,1
16669,3836,1
16669,17249,1
16669,22120,1
16670,21909,1
16671,21698,1
16671,23489,1
16672,21487,1
16673,19031,1
16673,21276,1
16674,15165,1
16674,21065,1
16675,10346,1
16675,20854,1
16676,20643,1
16677,20432,1
16678,1045,1
16678,20221,1
16678,25297,1
16678,30940,1
16678,31989,1
16679,20010,1
16680,11655,1
16680,19799,1
16680,20715,1
16681,792,1
16681,19588,1
16682,1839,1
16682,19377,1
16683,11419,1
16683,19166,1
16683,19202,1
16684,14608,1
16684,14783,1
16684,18955,1
16684,31909,1
16685,18744,1
16686,18533,1
16687,18322,1
16688,18111,1
16688,22301,1
16689,17900,1
16690,2078,1
16690,17689,1
16691,9449,1
16691,10571,1
16691,17478,1
16692,17267,1
16693,17056,1
16693,22611,1
16694,16845,1
16695,5239,1
16695,16634,1
16696,15661,1
16696,16423,1
16696,17816,1
16697,2176,1
16697,14751,1
16697,16212,1
16697,24272,1
16697,25485,1
16697,28811,1
16698,16001,1
16698,25498,1
16699,15790,1
16699,17113,1
16700,480,1
16700,4850,1
16700,15579,1
16701,15368,1
16702,15157,1
16703,14946,1
16703,16417,1
16703,28370,1
16704,14735,1
16704,26109,1
16705,14524,1
16706,14313,1
16706,24793,1
16707,14102,1
16707,19104,1
16708,13891,1
16709,4310,1
16709,6411,1
16709,13680,1
16710,13469,1
16711,13258,1
16712,4223,1
16712,13047,1
16713,12836,1
16714,3445,1
16714,12625,1
16715,1643,1
16715,12414,1
16716,12203,1
16716,25993,1
16716,31611,1
16717,11992,1
16717,24484,1
16718,6534,1
16718,11759,1
16718,11781,1
16718,22363,1
16719,11570,1
16719,12147,1
16719,31839,1
16720,11359,1
16721,11148,1
16722,10937,1
16722,16977,1
16722,22002,1
16723,9578,1
16723,10726,1
16723,32728,1
16724,2157,1
16724,10515,1
16725,3653,1
16725,10304,1
16726,10093,1
16727,9882,1
16728,9671,1
16729,1317,1
16729,9460,1
16730,589,1
16730,9249,1
16731,5572,1
16731,9038,1
16731,14844,1
16732,4603,1
16732,7952,1
16732,8827,1
16733,8616,1
16734,5635,1
16734,6193,1
16734,8405,1
16734,10352,1
16734,32549,1
16735,8194,1
16736,5256,1
16736,7983,1
16736,14143,1
16737,7772,1
16738,7561,1
16739,7350,1
16739,10564,1
16739,16124,1
16739,26493,1
16740,7139,1
16741,6928,1
16742,5371,1
16742,6717,1
16743,6506,1
16744,6295,1
16745,6084,1
16745,13698,1
16746,5873,1
16747,5662,1
16747,18064,1
16748,5451,1
16749,5240,1
16749,11219,1
16749,16422,1
16749,20632,1
16749,23541,1
16750,5029,1
16750,5062,1
16750,13129,1
16750,17760,1
16751,4818,1
16752,4607,1
16753,978,1
16753,4396,1
16754,4185,1
16754,24075,1
16755,3974,1
16755,10312,1
16756,3763,1
16756,6816,1
16757,3552,1
16758,3341,1
16758,24626,1
16759,3130,1
16759,6685,1
16759,11836,1
16760,2919,1
16761,2708,1
16762,2497,1
16762,20770,1
16762,25802,1
16763,2286,1
16763,15126,1
16764,2075,1
16764,2623,1
16764,23899,1
16765,1864,1
16765,11323,1
16766,1653,1
16767,1442,1
16768,1231,1
16769,1020,1
16769,7247,1
16769,10110,1
16770,809,1
16770,28596,1
16771,598,1
16771,2561,1
16772,387,1
16772,21908,1
16773,176,1
16774,3857,1
16774,5060,1
16774,8052,1
16774,21163,1
16774,32733,1
16775,10816,1
16775,11144,1
16775,32522,1
16776,369,1
16776,19404,1
16776,32311,1
16777,32100,1
16778,31889,1
16779,13898,1
16779,31678,1
16780,26593,1
16780,31467,1
16781,11570,1
16781,31256,1
16782,19789,1
16782,31045,1
16783,1137,1
16783,30834,1
16784,11223,1
16784,13609,1
16784,30623,1
16785,8529,1
16785,30234,1
16785,30412,1
16786,30201,1
16786,30591,1
16787,10337,1
16787,16265,1
16787,27912,1
16787,29990,1
16788,2759,1
16788,6066,1
16788,29779,1
16789,29568,1
16790,19552,1
16790,29357,1
16791,2892,1
16791,29146,1
16792,8117,1
16792,20606,1
16792,28935,1
16793,28724,1
16794,28513,1
16795,19972,1
16795,28302,1
16796,24296,1
16796,28091,1
16796,32055,1
16797,6189,1
16797,27880,1
16797,31780,1
16798,20627,1
16798,27669,1
16798,29360,1
16799,27458,1
16800,15556,1
16800,27247,1
16801,23790,1
16801,26928,1
16801,27036,1
16802,18777,1
16802,21442,1
16802,26825,1
16803,26614,1
16804,19961,1
16804,26403,1
16805,5011,1
16805,26192,1
16806,25981,1
16807,246,1
16807,25770,1
16808,1052,1
16808,7649,1
16808,25559,1
16809,14425,1
16809,19706,1
16809,21077,1
16809,25348,1
16810,7465,1
16810,12421,1
16810,25137,1
16810,25494,1
16811,24926,1
16812,24715,1
16813,24504,1
16814,24293,1
16814,27543,1
16815,15645,1
16815,24082,1
16816,10966,1
16816,23871,1
16817,23660,1
16818,11731,1
16818,23449,1
16819,23238,1
16819,31159,1
16820,7087,1
16820,23027,1
16821,22816,1
16822,6051,1
16822,22605,1
16823,1729,1
16823,22394,1
16824,22183,1
16824,30449,1
16825,21972,1
16825,23391,1
16826,16003,1
16826,21761,1
16827,49,1
16827,516,1
16827,12932,1
16827,21550,1
16828,21339,1
16829,21128,1
16830,20917,1
16831,14042,1
16831,20706,1
16831,26654,1
16832,20495,1
16833,20284,1
16833,31962,1
16834,3870,1
16834,20073,1
16835,1036,1
16835,19862,1
16835,31114,1
16836,14004,1
16836,19651,1
16837,19440,1
16837,22413,1
16837,32008,1
16837,32277,1
16838,16775,1
16838,19229,1
16839,19018,1
16839,26404,1
16840,18807,1
16841,9760,1
16841,18596,1
16841,23434,1
16842,18385,1
16843,18174,1
16844,17963,1
16845,16073,1
16845,17752,1
16846,17541,1
16846,22244,1
16847,17330,1
16848,17119,1
16849,16908,1
16850,16697,1
16851,5707,1
16851,15876,1
16851,16486,1
16852,4251,1
16852,16275,1
16853,16064,1
16854,15853,1
16854,17301,1
16855,496,1
16855,15642,1
16856,15431,1
16856,22176,1
16857,15220,1
16858,12649,1
16858,15009,1
16859,14798,1
16859,29168,1
16859,29725,1
16860,14053,1
16860,14587,1
16861,14376,1
16862,5802,1
16862,14165,1
16863,13954,1
16864,2872,1
16864,13743,1
16864,27843,1
16865,13532,1
16865,20504,1
16865,20881,1
16866,12321,1
16866,13321,1
16867,13110,1
16868,2970,1
16868,12899,1
16868,28314,1
16869,12688,1
16869,27194,1
16869,28647,1
16870,1072,1
16870,2330,1
16870,6468,1
16870,11765,1
16870,12477,1
16870,17963,1
16870,19630,1
16870,19645,1
16870,23072,1
16871,1699,1
16871,6657,1
16871,12266,1
16872,2637,1
16872,12055,1
16872,20935,1
16873,6520,1
16873,11844,1
16873,13108,1
16873,23455,1
16874,7262,1
16874,11633,1
16874,12221,1
16874,15859,1
16874,26716,1
16875,11422,1
16876,11211,1
16876,22955,1
16876,31269,1
16877,11000,1
16877,27800,1
16878,10789,1
16879,10578,1
16879,18856,1
16880,10367,1
16881,10156,1
16881,27613,1
16882,9945,1
16883,9734,1
16883,23771,1
16884,9523,1
16884,20886,1
16884,31899,1
16885,9312,1
16886,9101,1
16886,17612,1
16887,8890,1
16888,4390,1
16888,8679,1
16888,18999,1
16889,8468,1
16890,8257,1
16891,8046,1
16891,16241,1
16891,19429,1
16891,23472,1
16891,28416,1
16892,4564,1
16892,7835,1
16893,7624,1
16894,7413,1
16894,28575,1
16895,7202,1
16895,10752,1
16896,6991,1
16896,9447,1
16896,27373,1
16897,4700,1
16897,6780,1
16897,20437,1
16897,21671,1
16897,21741,1
16898,6569,1
16899,6358,1
16900,6147,1
16901,5936,1
16902,764,1
16902,5725,1
16902,12319,1
16902,26932,1
16903,5514,1
16904,5303,1
16905,5092,1
16905,15362,1
16905,21801,1
16906,4881,1
16907,4670,1
16907,13164,1
16907,15932,1
16907,20522,1
16907,25934,1
16907,31013,1
16908,4459,1
16908,21839,1
16908,23591,1
16909,4248,1
16909,4353,1
16910,4037,1
16910,7168,1
16910,9079,1
16910,29434,1
16911,3826,1
16911,29156,1
16911,32506,1
16912,3615,1
16913,3404,1
16914,3193,1
16914,28518,1
16915,2982,1
16916,2771,1
16916,15063,1
16917,2560,1
16918,2349,1
16919,2138,1
16919,8990,1
16919,14117,1
16920,1927,1
16920,32495,1
16921,1716,1
16921,21066,1
16921,30703,1
16922,1505,1
16923,1294,1
16924,1083,1
16924,8683,1
16924,11340,1
16924,22033,1
16925,872,1
16926,426,1
16926,661,1
16926,17548,1
16926,17570,1
16927,450,1
16927,8643,1
16928,239,1
16928,12217,1
16929,28,1
16930,4385,1
16930,32585,1
16931,159,1
16931,9147,1
16931,15425,1
16931,32374,1
16932,22149,1
16932,32163,1
16933,31952,1
16934,3746,1
16934,7694,1
16934,31741,1
16935,31530,1
16936,2525,1
16936,26761,1
16936,31319,1
16937,31108,1
16938,3207,1
16938,30897,1
16938,31720,1
16939,1245,1
16939,24367,1
16939,28258,1
16939,30686,1
16940,18991,1
16940,26903,1
16940,30475,1
16941,30264,1
16942,30053,1
16943,17314,1
16943,29842,1
16944,29631,1
16945,12222,1
16945,29420,1
16946,1893,1
16946,19011,1
16946,29209,1
16947,28998,1
16947,30171,1
16948,2564,1
16948,13454,1
16948,28787,1
16949,28576,1
16950,4632,1
16950,5908,1
16950,28365,1
16951,13257,1
16951,28154,1
16952,27943,1
16953,27732,1
16954,20991,1
16954,27146,1
16954,27521,1
16955,25480,1
16955,27310,1
16956,27099,1
16957,26888,1
16958,13997,1
16958,23803,1
16958,26677,1
16959,26466,1
16960,5274,1
16960,12550,1
16960,15751,1
16960,26255,1
16961,26044,1
16961,29642,1
16962,11944,1
16962,25833,1
16963,25622,1
16964,16310,1
16964,21767,1
16964,25411,1
16965,10495,1
16965,25200,1
16966,7958,1
16966,23659,1
16966,24989,1
16967,1731,1
16967,8335,1
16967,15712,1
16967,24778,1
16968,24567,1
16969,11321,1
16969,24356,1
16970,9588,1
16970,24145,1
16971,23934,1
16972,23723,1
16973,23512,1
16974,13598,1
16974,23301,1
16975,301,1
16975,17215,1
16975,23090,1
16976,19786,1
16976,22879,1
16977,2376,1
16977,20031,1
16977,22668,1
16977,30803,1
16978,10766,1
16978,22457,1
16978,29868,1
16979,22246,1
16980,10870,1
16980,22035,1
16981,21824,1
16981,23802,1
16982,11810,1
16982,21613,1
16982,22528,1
16983,21402,1
16983,29198,1
16984,5242,1
16984,11809,1
16984,21191,1
16985,305,1
16985,20980,1
16985,26730,1
16986,20769,1
16987,15368,1
16987,20558,1
16988,8022,1
16988,10479,1
16988,20347,1
16989,20136,1
16990,19925,1
16991,19714,1
16991,21951,1
16992,7876,1
16992,19503,1
16993,19292,1
16994,851,1
16994,19081,1
16995,18870,1
16996,8904,1
16996,18659,1
16997,18448,1
16997,22735,1
16998,5728,1
16998,18237,1
16999,18026,1
17000,17815,1
17001,17604,1
17002,17393,1
17003,17182,1
17003,23389,1
17004,16971,1
17005,16760,1
17006,9368,1
17006,16536,1
17006,16549,1
17007,16338,1
17008,4481,1
17008,10385,1
17008,16127,1
17009,14826,1
17009,15916,1
17010,15705,1
17011,15494,1
17011,23382,1
17012,15283,1
17012,28138,1
17013,15072,1
17014,14416,1
17014,14861,1
17015,14650,1
17016,14439,1
17017,14228,1
17018,14017,1
17018,19225,1
17019,13806,1
17019,19009,1
17020,13595,1
17021,13384,1
17021,26250,1
17022,10414,1
17022,13173,1
17022,21276,1
17023,12962,1
17024,12751,1
17025,6154,1
17025,12540,1
17026,12329,1
17026,15963,1
17027,12118,1
17028,11907,1
17028,26146,1
17029,11696,1
17029,19083,1
17029,19925,1
17030,11485,1
17031,11274,1
17032,9453,1
17032,11063,1
17032,14512,1
17033,10852,1
17033,21872,1
17033,22353,1
17034,10641,1
17034,14963,1
17035,9913,1
17035,10430,1
17035,26737,1
17035,32247,1
17036,10219,1
17037,10008,1
17038,9797,1
17038,10254,1
17039,9586,1
17040,8728,1
17040,9375,1
17040,24076,1
17041,9164,1
17041,12857,1
17041,28851,1
17042,8953,1
17043,4467,1
17043,6768,1
17043,8742,1
17043,12069,1
17044,8531,1
17045,8320,1
17046,8109,1
17046,12634,1
17047,7898,1
17047,16281,1
17048,7687,1
17048,24017,1
17049,7476,1
17050,7265,1
17051,7054,1
17052,6843,1
17052,25147,1
17053,6632,1
17054,6205,1
17054,6421,1
17054,20015,1
17054,24570,1
17055,6210,1
17055,30603,1
17056,5999,1
17057,5788,1
17058,5577,1
17059,5366,1
17060,5155,1
17061,4944,1
17061,9361,1
17061,28211,1
17062,163,1
17062,4733,1
17062,14739,1
17062,24206,1
17063,4522,1
17063,14108,1
17063,15103,1
17064,4311,1
17065,1986,1
17065,4100,1
17065,14226,1
17065,18014,1
17066,3889,1
17066,16071,1
17067,3678,1
17068,3467,1
17069,3256,1
17070,3045,1
17070,6462,1
17071,2834,1
17072,2623,1
17073,2412,1
17073,13895,1
17073,20163,1
17073,30444,1
17074,2201,1
17074,15635,1
17075,1990,1
17075,21364,1
17075,32471,1
17076,977,1
17076,1779,1
17076,7655,1
17076,25440,1
17077,1568,1
17078,1357,1
17078,26228,1
17079,1146,1
17079,30075,1
17080,935,1
17080,29783,1
17081,724,1
17081,25890,1
17082,513,1
17082,5933,1
17082,31629,1
17083,302,1
17084,91,1
17085,23745,1
17085,27149,1
17085,32648,1
17086,8726,1
17086,8872,1
17086,32437,1
17087,24806,1
17087,32226,1
17088,7225,1
17088,11183,1
17088,32015,1
17089,12721,1
17089,31804,1
17090,155,1
17090,9566,1
17090,24190,1
17090,31593,1
17091,31382,1
17092,16052,1
17092,17665,1
17092,30649,1
17092,31171,1
17092,31383,1
17092,31426,1
17093,4356,1
17093,23812,1
17093,26682,1
17093,30960,1
17094,21122,1
17094,30749,1
17095,30538,1
17096,30327,1
17097,30116,1
17098,5514,1
17098,29905,1
17099,7417,1
17099,29694,1
17100,29483,1
17101,4855,1
17101,29272,1
17102,29061,1
17103,512,1
17103,28850,1
17104,1029,1
17104,28639,1
17105,1063,1
17105,28428,1
17106,28217,1
17107,21127,1
17107,22967,1
17107,23008,1
17107,28006,1
17108,27795,1
17109,27584,1
17110,18654,1
17110,21099,1
17110,27373,1
17111,27162,1
17112,26951,1
17113,26740,1
17113,27638,1
17114,15851,1
17114,26529,1
17114,31144,1
17114,31812,1
17115,8720,1
17115,26318,1
17115,31431,1
17116,1949,1
17116,24648,1
17116,26107,1
17117,25896,1
17118,25685,1
17119,1363,1
17119,25474,1
17120,23103,1
17120,25263,1
17121,3374,1
17121,13296,1
17121,25052,1
17121,25078,1
17122,24841,1
17122,26418,1
17123,7996,1
17123,13888,1
17123,24630,1
17124,3478,1
17124,16511,1
17124,24419,1
17125,7897,1
17125,24208,1
17125,28826,1
17126,12262,1
17126,23134,1
17126,23997,1
17127,23786,1
17128,9464,1
17128,11412,1
17128,23575,1
17129,23364,1
17130,23153,1
17130,27367,1
17130,27713,1
17131,10644,1
17131,19315,1
17131,22942,1
17131,27427,1
17132,2916,1
17132,22731,1
17133,20331,1
17133,22520,1
17134,22309,1
17135,22098,1
17136,20894,1
17136,21887,1
17137,21676,1
17137,23182,1
17137,30702,1
17138,21465,1
17139,17966,1
17139,21254,1
17140,21043,1
17140,25029,1
17141,20832,1
17142,20621,1
17143,20410,1
17143,28943,1
17144,20199,1
17144,21657,1
17145,4219,1
17145,17732,1
17145,19988,1
17146,19777,1
17147,8184,1
17147,19566,1
17147,31946,1
17148,19355,1
17149,19144,1
17149,19817,1
17150,18933,1
17150,22297,1
17151,18722,1
17152,18511,1
17152,21327,1
17153,18300,1
17154,2311,1
17154,18089,1
17154,26277,1
17155,15316,1
17155,17878,1
17156,17667,1
17156,17714,1
17157,10306,1
17157,16898,1
17157,17456,1
17158,7804,1
17158,17245,1
17159,9335,1
17159,17034,1
17160,4204,1
17160,16823,1
17161,16612,1
17161,20325,1
17162,15280,1
17162,16401,1
17162,26464,1
17163,16190,1
17164,15979,1
17164,31059,1
17165,15768,1
17166,15557,1
17166,25822,1
17167,12191,1
17167,15346,1
17168,15135,1
17168,25379,1
17168,26352,1
17169,767,1
17169,14924,1
17169,16675,1
17170,14713,1
17170,18409,1
17170,24269,1
17171,14502,1
17172,10420,1
17172,14291,1
17173,4570,1
17173,14080,1
17174,13869,1
17175,13658,1
17176,8288,1
17176,13447,1
17176,16630,1
17176,24311,1
17177,13236,1
17178,13025,1
17179,12814,1
17179,29180,1
17180,12603,1
17181,10380,1
17181,12392,1
17181,19604,1
17182,12181,1
17182,31925,1
17183,11970,1
17183,26940,1
17184,4767,1
17184,11759,1
17184,17886,1
17184,30623,1
17185,8032,1
17185,11548,1
17186,11337,1
17187,4682,1
17187,6308,1
17187,11126,1
17187,22642,1
17188,10915,1
17189,10704,1
17189,22710,1
17189,24191,1
17190,10493,1
17190,13459,1
17190,23604,1
17191,7175,1
17191,10282,1
17191,11541,1
17192,10071,1
17192,24470,1
17192,29152,1
17193,9860,1
17194,2764,1
17194,9649,1
17195,9438,1
17196,5912,1
17196,9227,1
17197,9016,1
17197,16901,1
17198,790,1
17198,8805,1
17198,19738,1
17199,5820,1
17199,8594,1
17199,22691,1
17200,8383,1
17200,19231,1
17201,8172,1
17202,7961,1
17203,1627,1
17203,7750,1
17203,15150,1
17204,7539,1
17204,14273,1
17205,7328,1
17205,31033,1
17206,5341,1
17206,7117,1
17207,6906,1
17207,12689,1
17208,6695,1
17209,2885,1
17209,6484,1
17210,6273,1
17210,20299,1
17210,21120,1
17211,6062,1
17211,13671,1
17211,23378,1
17211,29197,1
17212,5851,1
17212,14183,1
17213,5640,1
17214,5429,1
17214,10740,1
17214,28427,1
17214,29269,1
17215,5218,1
17215,18157,1
17216,144,1
17216,5007,1
17217,4796,1
17218,4585,1
17218,7390,1
17218,16981,1
17218,21082,1
17219,1496,1
17219,4374,1
17220,4163,1
17220,6420,1
17220,18732,1
17220,23574,1
17220,32635,1
17221,3952,1
17222,3741,1
17222,4731,1
17222,21556,1
17222,26173,1
17222,30873,1
17222,32667,1
17223,3530,1
17223,6198,1
17223,27414,1
17223,30063,1
17224,3319,1
17225,3108,1
17225,17647,1
17225,26667,1
17226,2897,1
17227,2686,1
17227,2726,1
17228,2475,1
17229,2264,1
17229,4725,1
17229,7349,1
17230,2053,1
17230,11930,1
17231,1842,1
17231,25421,1
17232,1631,1
17232,18106,1
17233,1420,1
17233,6586,1
17234,1209,1
17235,998,1
17236,787,1
17237,576,1
17238,365,1
17238,20574,1
17239,154,1
17239,30746,1
17239,30792,1
17240,32711,1
17241,32500,1
17242,32289,1
17243,23606,1
17243,32078,1
17244,1475,1
17244,17736,1
17244,31867,1
17245,14984,1
17245,20526,1
17245,31656,1
17245,31773,1
17246,23680,1
17246,31123,1
17246,31445,1
17247,31234,1
17248,19377,1
17248,31023,1
17249,30812,1
17250,30601,1
17251,30390,1
17252,26528,1
17252,30179,1
17253,18881,1
17253,29968,1
17254,29757,1
17255,29546,1
17256,29335,1
17257,22708,1
17257,29124,1
17258,28913,1
17259,28702,1
17259,28917,1
17260,8525,1
17260,14915,1
17260,28491,1
17261,28280,1
17262,8216,1
17262,28069,1
17263,27858,1
17264,21109,1
17264,22705,1
17264,27647,1
17265,27436,1
17266,27225,1
17267,27014,1
17267,27730,1
17268,17744,1
17268,26803,1
17269,26592,1
17270,4515,1
17270,26381,1
17271,5332,1
17271,26170,1
17272,25959,1
17273,25748,1
17274,10221,1
17274,25537,1
17275,25326,1
17275,28853,1
17276,25115,1
17277,4837,1
17277,11801,1
17277,24904,1
17278,8143,1
17278,12153,1
17278,24693,1
17279,24482,1
17280,24170,1
17280,24271,1
17281,20030,1
17281,24060,1
17282,22583,1
17282,23849,1
17282,30643,1
17282,32209,1
17283,23638,1
17284,23427,1
17285,23216,1
17286,23005,1
17287,22794,1
17287,28972,1
17288,14638,1
17288,22583,1
17288,30871,1
17289,1892,1
17289,22372,1
17290,22161,1
17291,21950,1
17291,23453,1
17291,28625,1
17292,21739,1
17292,30993,1
17293,21528,1
17294,21317,1
17294,21675,1
17295,16584,1
17295,21106,1
17296,1947,1
17296,13750,1
17296,20895,1
17296,24440,1
17297,7358,1
17297,20684,1
17298,20473,1
17299,20262,1
17299,32078,1
17300,20051,1
17301,8532,1
17301,19840,1
17302,11621,1
17302,19629,1
17302,21737,1
17302,31794,1
17303,12703,1
17303,13216,1
17303,19418,1
17304,14833,1
17304,19207,1
17305,18996,1
17306,18785,1
17306,22420,1
17307,3405,1
17307,18574,1
17308,18363,1
17309,18152,1
17310,17941,1
17310,29792,1
17310,31483,1
17310,32513,1
17311,6145,1
17311,17730,1
17312,7791,1
17312,17519,1
17312,27376,1
17313,17308,1
17314,15262,1
17314,17097,1
17315,16886,1
17316,16675,1
17317,16464,1
17318,3420,1
17318,16253,1
17319,16042,1
17319,17085,1
17320,282,1
17320,15831,1
17321,15620,1
17321,28090,1
17322,15409,1
17323,15198,1
17323,18627,1
17324,14987,1
17325,14745,1
17325,14776,1
17325,15119,1
17325,27973,1
17326,14565,1
17327,14354,1
17327,25785,1
17327,29239,1
17328,14143,1
17328,23970,1
17329,8520,1
17329,13932,1
17329,20261,1
17330,13721,1
17331,13510,1
17331,24893,1
17332,13299,1
17333,13088,1
17334,12877,1
17334,23520,1
17335,12666,1
17335,14787,1
17336,12455,1
17337,12244,1
17337,30951,1
17338,12033,1
17339,6217,1
17339,11822,1
17339,14376,1
17340,11611,1
17340,24169,1
17341,11400,1
17342,57,1
17342,5624,1
17342,11189,1
17343,10978,1
17343,17298,1
17344,10767,1
17344,20269,1
17344,28962,1
17345,10556,1
17345,17646,1
17345,17811,1
17346,10345,1
17347,10134,1
17347,14375,1
17347,30526,1
17347,32559,1
17348,9923,1
17349,9712,1
17349,21514,1
17350,9501,1
17350,29066,1
17351,4196,1
17351,9290,1
17351,15805,1
17351,31923,1
17352,5649,1
17352,9079,1
17352,13584,1
17353,8868,1
17353,10327,1
17353,14052,1
17354,8657,1
17355,8446,1
17355,26322,1
17355,30077,1
17356,8235,1
17357,8024,1
17357,18956,1
17358,7813,1
17359,7602,1
17360,7391,1
17361,7180,1
17362,6969,1
17362,12485,1
17362,19279,1
17363,6758,1
17364,4048,1
17364,6547,1
17364,29202,1
17365,6336,1
17366,6125,1
17366,11263,1
17366,19567,1
17367,5914,1
17367,7696,1
17368,5703,1
17369,5492,1
17369,27334,1
17369,31707,1
17369,32711,1
17370,5281,1
17370,20466,1
17371,1172,1
17371,5070,1
17371,14818,1
17372,4859,1
17372,17779,1
17372,29544,1
17372,29581,1
17373,4648,1
17374,4437,1
17375,4226,1
17375,26369,1
17376,1243,1
17376,4015,1
17377,3804,1
17377,20561,1
17378,3593,1
17378,31012,1
17379,3382,1
17380,3171,1
17380,5840,1
17380,22616,1
17380,23997,1
17381,2960,1
17381,4795,1
17382,2749,1
17382,14779,1
17383,1456,1
17383,2538,1
17383,8048,1
17383,10721,1
17383,21580,1
17383,28712,1
17383,32076,1
17384,2327,1
17384,11458,1
17385,2116,1
17385,15235,1
17386,1905,1
17387,1694,1
17387,27859,1
17388,1483,1
17388,6405,1
17389,1272,1
17389,26036,1
17390,1061,1
17390,2081,1
17391,850,1
17391,7314,1
17392,639,1
17392,6396,1
17392,12361,1
17392,29251,1
17393,428,1
17393,10898,1
17393,13432,1
17394,217,1
17395,6,1
17395,21960,1
17396,32563,1
17397,26929,1
17397,32352,1
17398,32141,1
17399,16435,1
17399,31930,1
17400,31719,1
17401,31508,1
17402,31297,1
17403,24159,1
17403,31086,1
17404,7426,1
17404,13507,1
17404,20266,1
17404,30875,1
17405,30664,1
17406,17583,1
17406,30453,1
17407,30242,1
17408,30031,1
17409,2306,1
17409,21788,1
17409,29820,1
17410,29609,1
17411,29398,1
17412,29187,1
17412,29794,1
17413,18015,1
17413,28976,1
17414,12177,1
17414,28765,1
17415,23581,1
17415,28554,1
17416,28343,1
17417,4279,1
17417,28132,1
17418,27921,1
17418,30844,1
17419,14766,1
17419,27710,1
17420,27499,1
17421,23521,1
17421,27288,1
17422,27077,1
17422,29780,1
17423,25541,1
17423,26866,1
17424,1668,1
17424,6030,1
17424,13428,1
17424,26643,1
17424,26655,1
17424,31374,1
17425,15542,1
17425,26444,1
17426,26233,1
17427,26022,1
17428,4916,1
17428,25811,1
17429,25600,1
17430,25389,1
17431,25178,1
17432,8711,1
17432,24967,1
17433,4007,1
17433,4549,1
17433,11376,1
17433,24756,1
17434,12239,1
17434,24545,1
17435,24334,1
17435,28037,1
17436,24123,1
17436,26582,1
17436,28261,1
17437,3568,1
17437,20871,1
17437,23912,1
17437,23994,1
17438,23701,1
17439,23490,1
17440,23279,1
17440,32105,1
17441,23068,1
17441,23776,1
17441,25030,1
17442,200,1
17442,6819,1
17442,10781,1
17442,22857,1
17443,6830,1
17443,21357,1
17443,22646,1
17444,22435,1
17444,30718,1
17445,7730,1
17445,21815,1
17445,22224,1
17445,25928,1
17446,9266,1
17446,22013,1
17447,21802,1
17447,28177,1
17448,21591,1
17449,1258,1
17449,7820,1
17449,21380,1
17450,21169,1
17450,29844,1
17451,2241,1
17451,20958,1
17452,17742,1
17452,20747,1
17452,24163,1
17453,20536,1
17454,7223,1
17454,19519,1
17454,19717,1
17454,20325,1
17455,20114,1
17455,26251,1
17456,19903,1
17457,10499,1
17457,17651,1
17457,19692,1
17457,29880,1
17458,19481,1
17458,30886,1
17459,19270,1
17459,31379,1
17460,19059,1
17460,20995,1
17461,18848,1
17462,18637,1
17463,18426,1
17464,12404,1
17464,18215,1
17465,18004,1
17466,17793,1
17466,26307,1
17467,17582,1
17468,17371,1
17469,17160,1
17470,2237,1
17470,16949,1
17471,16738,1
17472,11415,1
17472,16527,1
17472,21898,1
17473,13938,1
17473,16316,1
17473,30236,1
17474,16105,1
17474,20070,1
17474,20517,1
17475,3074,1
17475,15894,1
17476,5414,1
17476,12546,1
17476,15683,1
17476,29770,1
17477,15472,1
17478,15261,1
17478,19580,1
17478,29967,1
17479,15050,1
17479,20721,1
17480,14839,1
17481,1115,1
17481,14628,1
17481,19055,1
17482,14417,1
17483,10820,1
17483,14206,1
17484,13995,1
17485,10732,1
17485,13784,1
17486,13573,1
17487,13362,1
17488,13151,1
17488,24063,1
17489,12940,1
17489,22062,1
17489,25240,1
17490,12729,1
17491,3741,1
17491,12518,1
17491,20412,1
17492,12307,1
17492,25252,1
17492,31467,1
17493,5668,1
17493,12096,1
17493,12731,1
17494,11885,1
17495,6859,1
17495,11674,1
17496,11463,1
17497,11252,1
17497,27316,1
17498,11041,1
17498,16438,1
17498,21625,1
17499,1055,1
17499,10830,1
17499,29344,1
17500,10619,1
17501,10408,1
17501,30066,1
17501,32668,1
17502,10197,1
17502,30953,1
17503,9986,1
17504,9775,1
17505,9564,1
17506,6516,1
17506,9353,1
17506,14245,1
17506,28256,1
17507,9142,1
17508,8931,1
17509,8720,1
17509,14631,1
17510,8509,1
17510,21419,1
17510,27492,1
17511,388,1
17511,8298,1
17511,9028,1
17511,18300,1
17512,8087,1
17513,7876,1
17514,7665,1
17514,21624,1
17515,5746,1
17515,7454,1
17515,30916,1
17516,7243,1
17517,7032,1
17517,30095,1
17518,4889,1
17518,6821,1
17519,6610,1
17519,14831,1
17520,6399,1
17520,20415,1
17521,4943,1
17521,6188,1
17521,12299,1
17522,5977,1
17523,5766,1
17523,10877,1
17524,5555,1
17524,24096,1
17524,28204,1
17525,1162,1
17525,5344,1
17526,5133,1
17526,18365,1
17527,4922,1
17528,4711,1
17529,4500,1
17529,30046,1
17529,30472,1
17530,4289,1
17531,321,1
17531,4078,1
17532,3867,1
17532,4440,1
17532,17157,1
17533,3656,1
17534,3445,1
17535,3234,1
17536,2540,1
17536,3023,1
17536,16573,1
17537,1857,1
17537,2812,1
17538,2601,1
17538,2731,1
17538,7726,1
17539,2390,1
17539,3579,1
17539,29310,1
17540,2179,1
17540,15856,1
17541,1968,1
17541,6010,1
17541,22360,1
17542,1757,1
17543,1546,1
17543,13415,1
17543,15910,1
17544,1335,1
17545,1124,1
17545,27827,1
17546,913,1
17546,9526,1
17546,17023,1
17547,702,1
17547,9433,1
17547,15106,1
17548,491,1
17548,2100,1
17548,17236,1
17549,280,1
17549,22401,1
17549,25181,1
17550,69,1
17550,30558,1
17551,8360,1
17551,32626,1
17552,7261,1
17552,32415,1
17553,11910,1
17553,15583,1
17553,32204,1
17554,10037,1
17554,31993,1
17555,3068,1
17555,27040,1
17555,31782,1
17556,10967,1
17556,12638,1
17556,15144,1
17556,31571,1
17557,18375,1
17557,29142,1
17557,29752,1
17557,31360,1
17558,12095,1
17558,22844,1
17558,31149,1
17559,161,1
17559,15961,1
17559,17358,1
17559,30938,1
17560,30727,1
17561,30516,1
17561,32178,1
17562,30305,1
17563,30094,1
17564,8387,1
17564,29883,1
17565,13356,1
17565,29672,1
17566,7771,1
17566,20986,1
17566,29461,1
17567,29250,1
17568,29039,1
17569,13114,1
17569,15489,1
17569,23798,1
17569,28828,1
17570,28617,1
17571,28406,1
17572,13668,1
17572,28195,1
17573,397,1
17573,3151,1
17573,13109,1
17573,27984,1
17573,32125,1
17574,25966,1
17574,27773,1
17575,8538,1
17575,26039,1
17575,27221,1
17575,27562,1
17576,10391,1
17576,27351,1
17577,9365,1
17577,23418,1
17577,27140,1
17578,7159,1
17578,13374,1
17578,26929,1
17579,26718,1
17580,26507,1
17581,26296,1
17582,10747,1
17582,17271,1
17582,26085,1
17583,99,1
17583,25874,1
17584,11151,1
17584,24310,1
17584,25663,1
17585,25452,1
17586,2305,1
17586,7712,1
17586,25241,1
17587,16235,1
17587,18194,1
17587,22719,1
17587,25030,1
17588,24819,1
17589,19733,1
17589,24608,1
17589,25342,1
17590,14238,1
17590,18266,1
17590,24397,1
17591,8897,1
17591,24186,1
17592,23975,1
17593,23764,1
17594,23553,1
17594,26718,1
17595,23342,1
17595,28505,1
17596,23131,1
17597,22920,1
17598,6259,1
17598,7154,1
17598,22709,1
17598,31776,1
17599,22498,1
17600,7955,1
17600,22287,1
17601,3392,1
17601,18752,1
17601,22076,1
17602,19625,1
17602,21865,1
17603,5694,1
17603,21654,1
17603,26101,1
17603,31446,1
17604,21443,1
17605,21232,1
17606,21021,1
17606,23283,1
17607,19238,1
17607,20810,1
17607,25647,1
17608,20599,1
17608,21369,1
17609,20388,1
17610,7512,1
17610,20177,1
17610,20382,1
17611,19966,1
17612,19755,1
17612,21576,1
17613,19544,1
17613,19657,1
17614,19333,1
17615,19122,1
17616,18911,1
17617,12666,1
17617,18700,1
17618,1521,1
17618,18489,1
17619,18278,1
17619,23865,1
17620,18067,1
17621,2876,1
17621,17328,1
17621,17856,1
17621,29788,1
17622,5402,1
17622,17645,1
17623,15308,1
17623,17434,1
17624,17223,1
17625,15801,1
17625,17012,1
17625,32514,1
17626,16801,1
17626,28123,1
17627,13312,1
17627,16590,1
17628,5258,1
17628,16379,1
17628,18045,1
17629,16168,1
17630,15957,1
17630,27466,1
17631,15746,1
17632,15535,1
17632,17123,1
17633,15324,1
17633,29884,1
17634,15113,1
17634,20523,1
17635,10673,1
17635,11929,1
17635,14902,1
17636,14691,1
17637,14449,1
17637,14480,1
17637,27214,1
17638,14269,1
17638,18202,1
17639,12382,1
17639,14058,1
17640,1018,1
17640,1096,1
17640,13847,1
17640,24148,1
17640,30840,1
17641,13636,1
17642,4374,1
17642,13425,1
17643,13214,1
17644,13003,1
17645,12792,1
17645,31471,1
17646,12581,1
17647,12370,1
17647,17306,1
17648,12159,1
17648,16217,1
17649,11948,1
17649,15256,1
17650,11737,1
17650,24789,1
17650,26803,1
17651,11526,1
17651,29897,1
17652,11315,1
17652,16683,1
17652,20357,1
17653,11104,1
17654,10893,1
17654,29272,1
17655,4901,1
17655,8686,1
17655,10682,1
17655,22270,1
17655,26309,1
17656,10471,1
17657,1164,1
17657,10260,1
17658,10049,1
17659,9838,1
17659,11300,1
17660,9627,1
17660,13137,1
17661,9416,1
17662,9205,1
17663,8994,1
17663,18185,1
17663,22601,1
17663,29484,1
17664,3493,1
17664,8783,1
17664,21904,1
17665,8572,1
17666,8361,1
17667,8150,1
17668,7939,1
17668,11919,1
17669,7728,1
17670,3916,1
17670,7517,1
17670,27606,1
17671,3950,1
17671,7306,1
17672,7095,1
17673,6884,1
17673,20352,1
17674,6673,1
17675,6462,1
17675,22942,1
17676,6251,1
17676,25819,1
17677,6040,1
17678,5829,1
17678,11659,1
17678,32394,1
17679,5618,1
17679,31665,1
17680,5407,1
17680,15019,1
17680,30946,1
17681,5196,1
17682,4985,1
17682,7441,1
17683,4774,1
17684,4563,1
17684,16029,1
17685,4352,1
17686,2161,1
17686,4141,1
17686,22154,1
17687,3930,1
17687,6249,1
17687,9159,1
17687,17582,1
17688,2727,1
17688,3719,1
17688,25649,1
17688,25971,1
17688,28150,1
17688,30557,1
17689,3508,1
17690,3297,1
17690,27857,1
17691,3086,1
17691,18000,1
17692,2875,1
17692,3145,1
17692,23824,1
17693,2664,1
17694,2453,1
17695,2242,1
17695,19416,1
17696,2031,1
17697,1820,1
17698,1609,1
17698,8312,1
17698,22884,1
17699,1398,1
17699,6907,1
17700,1187,1
17700,26893,1
17701,976,1
17702,765,1
17702,27017,1
17703,554,1
17703,27457,1
17703,28296,1
17704,343,1
17705,132,1
17706,32689,1
17707,16059,1
17707,32478,1
17708,13382,1
17708,17832,1
17708,32267,1
17709,32056,1
17710,14771,1
17710,31845,1
17711,31634,1
17712,31423,1
17713,31212,1
17714,7156,1
17714,31001,1
17714,31275,1
17715,26657,1
17715,30790,1
17716,30579,1
17717,30368,1
17718,30157,1
17718,32370,1
17719,29946,1
17720,29735,1
17720,32587,1
17721,5408,1
17721,29524,1
17722,13427,1
17722,29134,1
17722,29313,1
17723,1323,1
17723,29102,1
17724,23950,1
17724,25909,1
17724,28891,1
17725,13030,1
17725,28680,1
17725,32596,1
17726,28469,1
17727,5816,1
17727,28258,1
17728,28047,1
17729,27836,1
17730,12356,1
17730,27625,1
17731,23401,1
17731,27414,1
17732,15227,1
17732,27203,1
17733,26992,1
17734,26781,1
17734,28120,1
17735,9391,1
17735,9967,1
17735,22118,1
17735,26570,1
17736,26359,1
17737,26148,1
17738,25937,1
17739,25726,1
17740,8631,1
17740,25515,1
17741,7386,1
17741,25304,1
17741,29952,1
17742,24291,1
17742,25093,1
17743,24882,1
17744,24671,1
17745,24460,1
17745,28901,1
17745,30373,1
17746,7776,1
17746,24249,1
17747,24038,1
17748,23827,1
17748,26398,1
17749,12396,1
17749,23616,1
17750,23405,1
17751,23194,1
17752,22983,1
17753,22772,1
17753,24978,1
17754,14021,1
17754,22561,1
17755,639,1
17755,13528,1
17755,22350,1
17756,22139,1
17757,21928,1
17757,31221,1
17758,794,1
17758,21717,1
17758,24749,1
17759,531,1
17759,21506,1
17759,25224,1
17760,21295,1
17761,21084,1
17761,21681,1
17761,27350,1
17761,31333,1
17762,4207,1
17762,20873,1
17763,9226,1
17763,12368,1
17763,20662,1
17764,14899,1
17764,20451,1
17764,32231,1
17765,20240,1
17766,20029,1
17767,19818,1
17768,1050,1
17768,10578,1
17768,19607,1
17768,29937,1
17769,15400,1
17769,19396,1
17770,560,1
17770,13265,1
17770,19185,1
17771,17936,1
17771,18974,1
17771,25281,1
17772,18763,1
17772,22053,1
17773,17997,1
17773,18552,1
17773,21320,1
17774,3903,1
17774,18341,1
17775,10782,1
17775,13388,1
17775,17953,1
17775,18130,1
17776,4780,1
17776,17919,1
17777,17708,1
17777,19280,1
17777,24607,1
17777,25471,1
17778,17497,1
17779,17286,1
17780,17075,1
17781,11330,1
17781,16864,1
17781,28896,1
17782,678,1
17782,16653,1
17783,11344,1
17783,16442,1
17784,16231,1
17785,9004,1
17785,16020,1
17786,1008,1
17786,15809,1
17786,16439,1
17787,15598,1
17788,4893,1
17788,15387,1
17788,27636,1
17789,15176,1
17789,17015,1
17789,29257,1
17790,14965,1
17790,29163,1
17791,14754,1
17792,14543,1
17793,14332,1
17794,5501,1
17794,14121,1
17795,11139,1
17795,13910,1
17796,13699,1
17797,7202,1
17797,13488,1
17798,13277,1
17798,21106,1
17798,28779,1
17799,13066,1
17800,12855,1
17801,12644,1
17802,12433,1
17803,12222,1
17804,12011,1
17804,25068,1
17804,25380,1
17804,29681,1
17805,7420,1
17805,11800,1
17806,2322,1
17806,6114,1
17806,11589,1
17807,11378,1
17808,3031,1
17808,11167,1
17809,10956,1
17810,6693,1
17810,10745,1
17811,10534,1
17811,16305,1
17812,6192,1
17812,8372,1
17812,10323,1
17813,10112,1
17814,9901,1
17815,9690,1
17816,9479,1
17816,14221,1
17817,9268,1
17818,9057,1
17819,8846,1
17820,8635,1
17820,31071,1
17821,8424,1
17822,8213,1
17822,17039,1
17822,18770,1
17822,26690,1
17823,6991,1
17823,8002,1
17824,7791,1
17825,7580,1
17825,18649,1
17826,7369,1
17826,11792,1
17827,7158,1
17828,6947,1
17828,17181,1
17829,6736,1
17830,6525,1
17831,6314,1
17831,16315,1
17832,6103,1
17832,9337,1
17832,19729,1
17833,5892,1
17834,5681,1
17835,5470,1
17835,28730,1
17835,31381,1
17836,5259,1
17837,5048,1
17837,26460,1
17838,4837,1
17838,20048,1
17838,28778,1
17839,4626,1
17840,4415,1
17840,26147,1
17841,4204,1
17841,8085,1
17842,3993,1
17843,3782,1
17843,9712,1
17844,3571,1
17845,3360,1
17845,18078,1
17846,3149,1
17847,2938,1
17848,2727,1
17848,7686,1
17848,18980,1
17849,2516,1
17849,3300,1
17849,26744,1
17850,2305,1
17850,17808,1
17851,2094,1
17851,27900,1
17852,1883,1
17852,5978,1
17852,14666,1
17853,1672,1
17853,16361,1
17854,1461,1
17854,3028,1
17854,20069,1
17854,26285,1
17855,1250,1
17856,1039,1
17856,5194,1
17856,30928,1
17857,828,1
17858,617,1
17858,3221,1
17858,20478,1
17858,28841,1
17858,30644,1
17859,406,1
17859,23100,1
17860,195,1
17860,12891,1
17861,12060,1
17861,32752,1
17862,31978,1
17862,32541,1
17863,17983,1
17863,32330,1
17864,12972,1
17864,32119,1
17865,2879,1
17865,5057,1
17865,19292,1
17865,27773,1
17865,30758,1
17865,31908,1
17866,7942,1
17866,31697,1
17867,31486,1
17868,31275,1
17869,21530,1
17869,27429,1
17869,31064,1
17870,18590,1
17870,26943,1
17870,30853,1
17871,30642,1
17872,11333,1
17872,16295,1
17872,23712,1
17872,30431,1
17873,10656,1
17873,26008,1
17873,30220,1
17873,32207,1
17874,804,1
17874,21359,1
17874,30009,1
17875,23546,1
17875,29798,1
17876,8871,1
17876,29587,1
17877,29376,1
17877,32493,1
17878,10101,1
17878,29165,1
17879,11302,1
17879,28954,1
17879,32494,1
17880,28743,1
17881,11178,1
17881,22885,1
17881,28532,1
17882,5165,1
17882,27512,1
17882,28321,1
17883,17154,1
17883,28110,1
17884,18267,1
17884,24858,1
17884,27899,1
17884,30060,1
17885,27688,1
17886,27477,1
17887,27266,1
17888,8657,1
17888,27055,1
17888,27835,1
17889,8363,1
17889,26844,1
17890,26633,1
17891,19273,1
17891,20616,1
17891,26422,1
17892,26211,1
17893,15233,1
17893,26000,1
17893,26236,1
17894,64,1
17894,15803,1
17894,21512,1
17894,25789,1
17895,14945,1
17895,25578,1
17896,25367,1
17897,15441,1
17897,25156,1
17898,24945,1
17898,31580,1
17899,24734,1
17899,28400,1
17900,24523,1
17901,24312,1
17902,24101,1
17903,23890,1
17903,24219,1
17904,23679,1
17905,23468,1
17905,30303,1
17906,19777,1
17906,23257,1
17907,6748,1
17907,11686,1
17907,23046,1
17908,22835,1
17908,27687,1
17909,22624,1
17910,22413,1
17911,22202,1
17911,23344,1
17911,29870,1
17912,14934,1
17912,21991,1
17913,21780,1
17913,24171,1
17914,21569,1
17915,13969,1
17915,21358,1
17915,26736,1
17916,18107,1
17916,21147,1
17917,11605,1
17917,20936,1
17918,20725,1
17919,20514,1
17920,20303,1
17921,20092,1
17922,16586,1
17922,19881,1
17922,30362,1
17923,19670,1
17923,20790,1
17924,19459,1
17924,29433,1
17925,19248,1
17926,19037,1
17927,18826,1
17927,21071,1
17927,32164,1
17928,428,1
17928,3843,1
17928,18615,1
17928,29104,1
17928,32226,1
17929,18404,1
17929,24473,1
17930,18193,1
17931,7318,1
17931,17982,1
17932,17771,1
17932,27756,1
17933,17560,1
17934,1703,1
17934,9671,1
17934,13259,1
17934,17349,1
17935,17138,1
17936,16927,1
17937,7336,1
17937,15397,1
17937,16716,1
17937,31347,1
17938,16505,1
17938,24799,1
17938,28844,1
17938,30720,1
17939,16294,1
17940,588,1
17940,1319,1
17940,11961,1
17940,14577,1
17940,16083,1
17941,9502,1
17941,15872,1
17941,16453,1
17941,31044,1
17942,15661,1
17943,15450,1
17944,13748,1
17944,15239,1
17944,24074,1
17945,1043,1
17945,8802,1
17945,15028,1
17945,30701,1
17946,14817,1
17946,27518,1
17947,14606,1
17948,14395,1
17948,21609,1
17948,24725,1
17949,11148,1
17949,14184,1
17950,10145,1
17950,13973,1
17951,13762,1
17951,31560,1
17952,780,1
17952,13551,1
17952,18413,1
17952,31982,1
17953,13340,1
17954,13129,1
17955,12918,1
17956,12322,1
17956,12653,1
17956,12707,1
17957,689,1
17957,12496,1
17957,19064,1
17958,12285,1
17958,30767,1
17959,12074,1
17960,11863,1
17960,14013,1
17960,28855,1
17961,11652,1
17962,11410,1
17962,11441,1
17963,11230,1
17964,11019,1
17965,10808,1
17966,10597,1
17967,10386,1
17968,3089,1
17968,5621,1
17968,10175,1
17969,9964,1
17970,9753,1
17971,9542,1
17971,16650,1
17972,9331,1
17973,9120,1
17974,8909,1
17975,1440,1
17975,8698,1
17976,8487,1
17976,28281,1
17977,78,1
17977,8276,1
17977,9740,1
17978,8065,1
17978,15980,1
17978,29461,1
17979,7854,1
17980,7643,1
17981,7432,1
17981,18575,1
17982,7221,1
17982,9931,1
17983,4668,1
17983,7010,1
17983,7834,1
17983,18009,1
17984,6799,1
17984,25686,1
17985,6588,1
17986,3163,1
17986,6377,1
17987,6166,1
17987,28636,1
17988,5955,1
17989,3421,1
17989,5744,1
17990,5533,1
17990,10984,1
17991,5322,1
17991,32033,1
17992,5111,1
17992,28006,1
17993,4900,1
17993,7662,1
17993,10482,1
17993,19975,1
17994,4689,1
17995,4478,1
17996,4267,1
17997,4056,1
17997,21111,1
17997,27440,1
17998,3845,1
17998,12016,1
17998,19650,1
17999,3634,1
18000,3423,1
18001,3212,1
18002,3001,1
18002,21912,1
18002,22737,1
18003,2790,1
18004,2579,1
18004,5849,1
18005,885,1
18005,2368,1
18005,9419,1
18006,2157,1
18006,5586,1
18007,1946,1
18008,1735,1
18008,29127,1
18009,1524,1
18009,19471,1
18009,24263,1
18009,32606,1
18010,1313,1
18011,1102,1
18011,8092,1
18011,17544,1
18011,19655,1
18011,28576,1
18012,891,1
18013,680,1
18014,469,1
18014,9699,1
18014,31867,1
18015,258,1
18015,30339,1
18015,30737,1
18016,47,1
18017,19320,1
18017,32604,1
18018,26372,1
18018,31039,1
18018,32393,1
18019,32182,1
18020,4160,1
18020,8322,1
18020,31971,1
18021,12300,1
18021,31760,1
18022,31549,1
18023,22757,1
18023,31338,1
18024,31127,1
18025,2856,1
18025,15289,1
18025,27929,1
18025,30916,1
18026,30705,1
18027,29218,1
18027,30494,1
18028,22798,1
18028,30283,1
18029,30072,1
18029,30606,1
18030,25735,1
18030,29861,1
18031,29650,1
18032,29439,1
18033,10053,1
18033,10809,1
18033,12117,1
18033,27938,1
18033,29228,1
18034,4164,1
18034,11160,1
18034,29017,1
18035,28806,1
18036,28595,1
18037,28384,1
18037,31680,1
18038,23658,1
18038,28173,1
18038,31596,1
18039,5223,1
18039,21149,1
18039,27962,1
18040,6885,1
18040,27751,1
18041,12869,1
18041,26243,1
18041,26413,1
18041,27540,1
18042,27329,1
18043,27118,1
18044,8689,1
18044,24659,1
18044,26907,1
18045,13247,1
18045,26696,1
18045,32341,1
18046,5086,1
18046,26485,1
18047,23111,1
18047,26274,1
18048,26063,1
18049,25852,1
18049,29183,1
18050,8415,1
18050,25641,1
18051,25430,1
18051,25958,1
18052,25219,1
18053,22640,1
18053,25008,1
18054,24797,1
18055,24172,1
18055,24586,1
18056,24375,1
18057,24164,1
18058,17891,1
18058,19340,1
18058,23953,1
18059,23742,1
18060,23531,1
18061,2586,1
18061,23320,1
18061,27060,1
18062,20216,1
18062,23109,1
18063,21868,1
18063,22898,1
18064,22687,1
18065,14679,1
18065,17933,1
18065,22476,1
18066,22265,1
18067,18221,1
18067,22054,1
18068,21843,1
18068,26681,1
18069,9887,1
18069,21632,1
18070,13134,1
18070,21421,1
18071,1849,1
18071,21210,1
18071,22939,1
18071,25588,1
18072,4648,1
18072,20999,1
18073,12598,1
18073,20788,1
18074,20577,1
18074,22265,1
18074,22637,1
18075,20366,1
18076,10188,1
18076,11348,1
18076,12839,1
18076,15608,1
18076,20155,1
18077,18172,1
18077,19944,1
18078,19733,1
18078,21338,1
18078,27091,1
18079,12495,1
18079,17172,1
18079,19522,1
18080,6197,1
18080,7371,1
18080,19311,1
18081,5521,1
18081,19100,1
18081,20826,1
18082,18889,1
18082,23271,1
18082,32443,1
18083,18678,1
18083,27107,1
18084,285,1
18084,18467,1
18084,22956,1
18085,18256,1
18085,23096,1
18085,26357,1
18086,16986,1
18086,18045,1
18087,8409,1
18087,17834,1
18088,6749,1
18088,17623,1
18089,17412,1
18090,17201,1
18090,23984,1
18091,16990,1
18092,9188,1
18092,16779,1
18093,1916,1
18093,16568,1
18094,11124,1
18094,14162,1
18094,16357,1
18094,27860,1
18094,32589,1
18095,3410,1
18095,16146,1
18096,15935,1
18096,24101,1
18097,15724,1
18098,15513,1
18099,15302,1
18100,15091,1
18100,22344,1
18100,22928,1
18101,14880,1
18102,14669,1
18102,21959,1
18103,14458,1
18103,32709,1
18104,2553,1
18104,2995,1
18104,4249,1
18104,14247,1
18104,15021,1
18105,9691,1
18105,14036,1
18106,13825,1
18106,18441,1
18107,13614,1
18108,13403,1
18108,26073,1
18109,13192,1
18109,15154,1
18110,11271,1
18110,12981,1
18110,26780,1
18111,12770,1
18112,12559,1
18113,5403,1
18113,12348,1
18114,7303,1
18114,12137,1
18115,11926,1
18116,11715,1
18116,16024,1
18116,18940,1
18116,30421,1
18117,11504,1
18117,32027,1
18118,9010,1
18118,11293,1
18118,14547,1
18118,30625,1
18119,11082,1
18120,10871,1
18120,28372,1
18121,10660,1
18121,31921,1
18122,10449,1
18123,8600,1
18123,10238,1
18123,16046,1
18124,2589,1
18124,10027,1
18125,1830,1
18125,9816,1
18126,4220,1
18126,9605,1
18126,19973,1
18127,7688,1
18127,9394,1
18128,9183,1
18128,22247,1
18128,31544,1
18129,8972,1
18129,10185,1
18130,8761,1
18130,15072,1
18131,8550,1
18131,19107,1
18132,8339,1
18132,22975,1
18133,8128,1
18134,7917,1
18135,7706,1
18135,15990,1
18135,29295,1
18135,31060,1
18136,7495,1
18137,7284,1
18138,7073,1
18139,6862,1
18140,6651,1
18140,19785,1
18141,6440,1
18141,30892,1
18142,6229,1
18142,24542,1
18142,31288,1
18143,6018,1
18144,5807,1
18145,5596,1
18146,499,1
18146,5385,1
18146,8124,1
18146,9246,1
18146,9334,1
18147,923,1
18147,5174,1
18148,4963,1
18148,7647,1
18149,4752,1
18149,21448,1
18149,21813,1
18149,30375,1
18150,4541,1
18150,24748,1
18151,4330,1
18151,17098,1
18151,18690,1
18151,32017,1
18152,4119,1
18153,3908,1
18153,13369,1
18153,18453,1
18153,24756,1
18154,3697,1
18154,28349,1
18155,3486,1
18155,8377,1
18156,3275,1
18157,3064,1
18157,16500,1
18158,2179,1
18158,2853,1
18158,20941,1
18159,2642,1
18159,10719,1
18160,955,1
18160,2431,1
18161,2220,1
18161,17964,1
18162,112,1
18162,2009,1
18162,26170,1
18163,1798,1
18163,32410,1
18164,1587,1
18165,441,1
18165,1376,1
18165,16392,1
18166,1165,1
18167,954,1
18168,743,1
18168,10345,1
18169,532,1
18169,15097,1
18169,15241,1
18169,30041,1
18170,321,1
18171,110,1
18171,11891,1
18172,21555,1
18172,24008,1
18172,30944,1
18172,32667,1
18173,32456,1
18174,5035,1
18174,32245,1
18175,16540,1
18175,32034,1
18176,31823,1
18177,6274,1
18177,31612,1
18177,32386,1
18178,12104,1
18178,23432,1
18178,31401,1
18179,31190,1
18180,1190,1
18180,30979,1
18181,30768,1
18181,31485,1
18182,1100,1
18182,27261,1
18182,30557,1
18183,4064,1
18183,9867,1
18183,30346,1
18184,12619,1
18184,12764,1
18184,20310,1
18184,30135,1
18184,32626,1
18185,29924,1
18186,29713,1
18187,2893,1
18187,10039,1
18187,29502,1
18188,14406,1
18188,29291,1
18189,29080,1
18190,28869,1
18190,30110,1
18190,31517,1
18191,28658,1
18192,28447,1
18193,28236,1
18194,3273,1
18194,9798,1
18194,28025,1
18195,27814,1
18196,27603,1
18196,30440,1
18197,11143,1
18197,21902,1
18197,27392,1
18197,30970,1
18198,27181,1
18199,18303,1
18199,26970,1
18200,8270,1
18200,26759,1
18201,11535,1
18201,26548,1
18202,9755,1
18202,17985,1
18202,26337,1
18203,2365,1
18203,26126,1
18204,9795,1
18204,25915,1
18205,25704,1
18206,5755,1
18206,22332,1
18206,23853,1
18206,25493,1
18207,12671,1
18207,25282,1
18207,30290,1
18208,8227,1
18208,24240,1
18208,25071,1
18208,31259,1
18209,24860,1
18210,24649,1
18211,24438,1
18212,24227,1
18213,22534,1
18213,24016,1
18213,29469,1
18214,6212,1
18214,19829,1
18214,23805,1
18214,25154,1
18215,17866,1
18215,23594,1
18215,26974,1
18216,23383,1
18217,3971,1
18217,13498,1
18217,23172,1
18218,7556,1
18218,22961,1
18219,22750,1
18220,22539,1
18220,28659,1
18220,29631,1
18221,22328,1
18222,22117,1
18223,19904,1
18223,21906,1
18223,30435,1
18224,63,1
18224,17074,1
18224,21695,1
18225,21484,1
18225,29553,1
18226,1333,1
18226,21273,1
18227,21062,1
18228,12523,1
18228,18852,1
18228,20851,1
18229,1954,1
18229,20640,1
18229,24967,1
18230,20429,1
18231,20218,1
18232,20007,1
18233,19796,1
18233,28652,1
18234,18834,1
18234,19585,1
18235,88,1
18235,19374,1
18236,19163,1
18237,18952,1
18237,23946,1
18238,18741,1
18238,27787,1
18239,297,1
18239,18530,1
18240,4694,1
18240,18319,1
18241,18108,1
18242,10344,1
18242,17897,1
18242,21275,1
18242,31342,1
18243,4926,1
18243,7002,1
18243,17686,1
18243,25028,1
18243,31614,1
18244,4159,1
18244,8521,1
18244,11886,1
18244,17475,1
18245,17264,1
18246,17053,1
18247,5135,1
18247,16842,1
18247,31448,1
18248,16631,1
18248,26477,1
18249,16420,1
18250,16209,1
18251,15998,1
18251,20529,1
18251,24188,1
18252,15787,1
18252,28888,1
18253,15576,1
18254,11225,1
18254,15365,1
18255,15154,1
18256,14943,1
18257,14732,1
18257,17349,1
18258,14521,1
18259,14310,1
18260,13615,1
18260,14099,1
18260,26739,1
18261,13888,1
18262,13677,1
18263,2985,1
18263,13466,1
18264,9689,1
18264,13255,1
18265,1065,1
18265,7927,1
18265,13044,1
18266,12833,1
18266,24369,1
18267,1254,1
18267,12622,1
18267,21826,1
18268,12070,1
18268,12411,1
18269,12200,1
18270,11989,1
18270,20169,1
18271,11778,1
18271,18137,1
18272,11567,1
18273,2000,1
18273,11356,1
18274,11145,1
18275,10934,1
18275,27786,1
18276,10723,1
18276,25452,1
18277,5431,1
18277,9619,1
18277,10512,1
18277,16970,1
18278,10301,1
18279,4213,1
18279,10090,1
18280,9879,1
18281,9668,1
18282,8349,1
18282,9457,1
18282,28872,1
18283,386,1
18283,9246,1
18283,10480,1
18284,9035,1
18284,9308,1
18284,17763,1
18285,8824,1
18286,8613,1
18286,27141,1
18287,7902,1
18287,8402,1
18287,29704,1
18288,8191,1
18288,9344,1
18288,13120,1
18288,29548,1
18289,7980,1
18289,24047,1
18290,7769,1
18290,9024,1
18291,7558,1
18291,11209,1
18292,7347,1
18292,27291,1
18292,28918,1
18293,7136,1
18293,13419,1
18294,6925,1
18295,6714,1
18295,18910,1
18296,2034,1
18296,6503,1
18297,6292,1
18298,3467,1
18298,6081,1
18298,26894,1
18299,5870,1
18299,10068,1
18299,17371,1
18300,5659,1
18300,32000,1
18301,5448,1
18301,6730,1
18301,18044,1
18301,21790,1
18302,5237,1
18302,21751,1
18303,5026,1
18303,16507,1
18304,4815,1
18305,4604,1
18306,4393,1
18307,4182,1
18308,1324,1
18308,3971,1
18309,3760,1
18309,5526,1
18309,27281,1
18310,29,1
18310,3549,1
18310,13418,1
18310,14136,1
18311,3338,1
18312,2238,1
18312,3127,1
18313,2916,1
18313,22518,1
18314,2705,1
18315,2494,1
18315,18394,1
18316,2283,1
18317,2072,1
18317,6541,1
18317,18516,1
18318,1861,1
18319,1650,1
18320,1439,1
18320,15140,1
18321,1228,1
18322,1017,1
18322,4510,1
18322,11697,1
18323,806,1
18323,10138,1
18323,15329,1
18324,595,1
18324,2274,1
18324,32120,1
18325,384,1
18325,6496,1
18325,21245,1
18326,173,1
18327,21096,1
18327,32730,1
18328,28185,1
18328,29670,1
18328,32519,1
18329,6339,1
18329,6696,1
18329,32308,1
18330,10730,1
18330,32097,1
18331,31886,1
18332,31675,1
18333,1044,1
18333,3002,1
18333,31464,1
18334,31253,1
18335,9791,1
18335,17160,1
18335,31042,1
18336,30831,1
18337,9451,1
18337,15846,1
18337,30620,1
18338,30409,1
18339,15073,1
18339,24511,1
18339,26268,1
18339,30198,1
18340,29987,1
18341,15302,1
18341,29776,1
18342,23497,1
18342,29565,1
18343,9031,1
18343,11377,1
18343,29354,1
18343,32172,1
18344,7393,1
18344,10938,1
18344,12804,1
18344,29143,1
18345,28932,1
18346,9807,1
18346,28721,1
18347,5856,1
18347,11422,1
18347,22594,1
18347,28510,1
18348,11051,1
18348,28299,1
18349,28088,1
18350,2699,1
18350,27877,1
18351,4788,1
18351,18794,1
18351,22571,1
18351,27666,1
18351,28023,1
18352,14026,1
18352,18024,1
18352,27455,1
18353,27244,1
18354,27033,1
18355,25675,1
18355,26822,1
18356,725,1
18356,18671,1
18356,20533,1
18356,26611,1
18357,26400,1
18358,26189,1
18358,28000,1
18359,25978,1
18360,13537,1
18360,25767,1
18360,28568,1
18361,14591,1
18361,25556,1
18361,25820,1
18362,12847,1
18362,25345,1
18363,25134,1
18364,18659,1
18364,24923,1
18364,27487,1
18365,24712,1
18365,30915,1
18366,24501,1
18366,31215,1
18367,2337,1
18367,19806,1
18367,24290,1
18368,4595,1
18368,24079,1
18369,23868,1
18369,28722,1
18370,9204,1
18370,12624,1
18370,23657,1
18371,12558,1
18371,16365,1
18371,20071,1
18371,23446,1
18371,32454,1
18372,12661,1
18372,23235,1
18372,29329,1
18373,23024,1
18374,22813,1
18375,22602,1
18376,3000,1
18376,20133,1
18376,22391,1
18377,22180,1
18378,21969,1
18379,18050,1
18379,21758,1
18379,26423,1
18380,21547,1
18381,18481,1
18381,21336,1
18382,8816,1
18382,21125,1
18383,9366,1
18383,20914,1
18384,20703,1
18385,20492,1
18385,32009,1
18386,10785,1
18386,14205,1
18386,20281,1
18387,20070,1
18388,19859,1
18388,26759,1
18388,28767,1
18389,19648,1
18390,6012,1
18390,19437,1
18391,19226,1
18392,19015,1
18392,31930,1
18393,8496,1
18393,18804,1
18394,18332,1
18394,18593,1
18395,9690,1
18395,18382,1
18395,20077,1
18395,21999,1
18396,18171,1
18397,17960,1
18397,19998,1
18397,21397,1
18397,30734,1
18398,5447,1
18398,14148,1
18398,17749,1
18399,17538,1
18400,3370,1
18400,14414,1
18400,17327,1
18400,23927,1
18401,12005,1
18401,17116,1
18402,16905,1
18402,19338,1
18403,5050,1
18403,16694,1
18403,28854,1
18404,16483,1
18405,16272,1
18405,32595,1
18406,16061,1
18406,28382,1
18407,15850,1
18408,5314,1
18408,15639,1
18409,15428,1
18410,15217,1
18410,16945,1
18411,15006,1
18412,7783,1
18412,14795,1
18412,28860,1
18413,11402,1
18413,14584,1
18413,14770,1
18414,13474,1
18414,14373,1
18415,9191,1
18415,14162,1
18415,25233,1
18416,5315,1
18416,13951,1
18417,13740,1
18417,19422,1
18418,13529,1
18419,13318,1
18420,13107,1
18420,17718,1
18421,12896,1
18421,22064,1
18422,12685,1
18423,12474,1
18424,8271,1
18424,12263,1
18424,16557,1
18425,12052,1
18425,17495,1
18425,18476,1
18426,11841,1
18427,11630,1
18428,2821,1
18428,11419,1
18428,21973,1
18429,11208,1
18429,18387,1
18430,10997,1
18430,28155,1
18431,4947,1
18431,5472,1
18431,10786,1
18432,10575,1
18432,11358,1
18433,10364,1
18434,10153,1
18435,9942,1
18435,16889,1
18436,9731,1
18437,9520,1
18437,15817,1
18438,9309,1
18438,14641,1
18439,9098,1
18440,4254,1
18440,8718,1
18440,8887,1
18440,25975,1
18441,8676,1
18441,21730,1
18441,26248,1
18442,8465,1
18443,8254,1
18443,9644,1
18443,13607,1
18444,8043,1
18445,7832,1
18445,26141,1
18446,7621,1
18447,7410,1
18448,7199,1
18448,17903,1
18449,6988,1
18449,30430,1
18450,6777,1
18451,6566,1
18451,25153,1
18452,6355,1
18452,9129,1
18452,15346,1
18453,6144,1
18453,23567,1
18454,5933,1
18454,31969,1
18455,5722,1
18455,20092,1
18455,29199,1
18456,5511,1
18457,5300,1
18457,32755,1
18458,5089,1
18458,8767,1
18459,4878,1
18460,4667,1
18460,9864,1
18460,16696,1
18460,29525,1
18461,4456,1
18462,4245,1
18463,4034,1
18463,9405,1
18463,27896,1
18464,3823,1
18464,16821,1
18464,16951,1
18465,3612,1
18466,3401,1
18467,3190,1
18467,25940,1
18468,2979,1
18468,8367,1
18469,2768,1
18469,29841,1
18470,2557,1
18470,7468,1
18471,2346,1
18471,14466,1
18471,16512,1
18472,2135,1
18473,1924,1
18473,25861,1
18474,1713,1
18475,1502,1
18475,9881,1
18475,29462,1
18476,1291,1
18476,22915,1
18477,1080,1
18477,14299,1
18477,14543,1
18478,869,1
18478,31806,1
18479,658,1
18479,2415,1
18479,6121,1
18479,7108,1
18479,32059,1
18480,447,1
18481,236,1
18481,27578,1
18482,25,1
18482,21279,1
18483,32582,1
18484,5061,1
18484,20183,1
18484,32371,1
18485,6413,1
18485,31273,1
18485,32160,1
18486,29755,1
18486,31949,1
18487,10003,1
18487,31738,1
18488,31527,1
18489,31316,1
18490,12569,1
18490,22486,1
18490,31105,1
18491,30894,1
18492,30683,1
18493,21337,1
18493,30472,1
18494,30261,1
18495,13544,1
18495,15229,1
18495,17831,1
18495,30050,1
18496,17210,1
18496,29839,1
18497,107,1
18497,12340,1
18497,29628,1
18498,3705,1
18498,29417,1
18499,3574,1
18499,24524,1
18499,29206,1
18500,17230,1
18500,28995,1
18501,28784,1
18502,20680,1
18502,28573,1
18502,30020,1
18503,3963,1
18503,28362,1
18504,4476,1
18504,28151,1
18505,13112,1
18505,27940,1
18506,27729,1
18507,27518,1
18508,20282,1
18508,27307,1
18508,27475,1
18509,4722,1
18509,10043,1
18509,14588,1
18509,27096,1
18510,13406,1
18510,13797,1
18510,14089,1
18510,26885,1
18511,13442,1
18511,26674,1
18512,2891,1
18512,3348,1
18512,7594,1
18512,26463,1
18513,26252,1
18514,26041,1
18515,16434,1
18515,25830,1
18516,25619,1
18517,495,1
18517,25408,1
18518,25197,1
18519,24986,1
18520,18309,1
18520,20942,1
18520,24775,1
18521,11753,1
18521,19946,1
18521,24564,1
18522,24353,1
18523,24142,1
18523,26575,1
18524,19400,1
18524,23931,1
18524,30078,1
18525,2894,1
18525,23720,1
18526,15516,1
18526,23509,1
18526,26454,1
18527,2782,1
18527,23298,1
18528,23087,1
18529,12118,1
18529,22876,1
18529,23707,1
18530,5606,1
18530,22665,1
18530,28791,1
18531,9606,1
18531,10728,1
18531,22454,1
18532,22243,1
18533,22032,1
18533,23756,1
18534,21821,1
18535,5614,1
18535,21610,1
18536,21399,1
18537,21069,1
18537,21188,1
18538,20977,1
18538,25517,1
18539,14509,1
18539,20766,1
18540,20,1
18540,14918,1
18540,20555,1
18541,20344,1
18542,20133,1
18542,31163,1
18543,2605,1
18543,4646,1
18543,17092,1
18543,19922,1
18543,29877,1
18544,19711,1
18545,19500,1
18546,19289,1
18547,16263,1
18547,19078,1
18548,18867,1
18548,22029,1
18548,29133,1
18549,15166,1
18549,18656,1
18549,27233,1
18550,7190,1
18550,18445,1
18550,19523,1
18551,18234,1
18551,20363,1
18551,25242,1
18552,18023,1
18552,18237,1
18552,22286,1
18552,23132,1
18553,17812,1
18554,17601,1
18555,17390,1
18556,17179,1
18556,32253,1
18557,16968,1
18558,1413,1
18558,16757,1
18559,16546,1
18559,30361,1
18560,16335,1
18560,21718,1
18560,28485,1
18561,16124,1
18562,15913,1
18562,21379,1
18563,15702,1
18564,12719,1
18564,15491,1
18564,24447,1
18564,31626,1
18565,15280,1
18565,16010,1
18566,12260,1
18566,15069,1
18567,14858,1
18567,22129,1
18568,14647,1
18569,14436,1
18570,14225,1
18571,14014,1
18572,4745,1
18572,13803,1
18572,23018,1
18573,13592,1
18573,25524,1
18574,13381,1
18575,13170,1
18576,12959,1
18577,12748,1
18577,28934,1
18578,12537,1
18579,12326,1
18580,12115,1
18581,4396,1
18581,11904,1
18582,11693,1
18582,32474,1
18583,11482,1
18584,11271,1
18585,11060,1
18586,10849,1
18586,17837,1
18586,32753,1
18587,10638,1
18587,13342,1
18587,16184,1
18588,10427,1
18588,20513,1
18588,27014,1
18589,10216,1
18589,28405,1
18590,10005,1
18590,16445,1
18590,30081,1
18591,9794,1
18592,9583,1
18592,9892,1
18593,9372,1
18594,8890,1
18594,9161,1
18595,8950,1
18596,8739,1
18597,8528,1
18597,20245,1
18597,25589,1
18598,8317,1
18598,13593,1
18598,18858,1
18599,8106,1
18600,7895,1
18601,7684,1
18601,12819,1
18601,30525,1
18602,7473,1
18603,7262,1
18604,7051,1
18604,26953,1
18605,6840,1
18605,10876,1
18606,6629,1
18606,21250,1
18606,22314,1
18606,32325,1
18607,6418,1
18608,6207,1
18609,5996,1
18609,20170,1
18610,5785,1
18610,16715,1
18610,30027,1
18611,5574,1
18611,5815,1
18611,22181,1
18611,24375,1
18612,5363,1
18612,29103,1
18613,5152,1
18613,15069,1
18614,2975,1
18614,4941,1
18614,28226,1
18615,547,1
18615,4730,1
18616,3840,1
18616,4519,1
18616,10557,1
18617,4308,1
18617,23749,1
18618,4097,1
18618,23693,1
18619,3886,1
18619,23681,1
18620,3675,1
18621,3464,1
18621,22180,1
18622,3253,1
18622,7067,1
18623,3042,1
18623,19489,1
18624,2831,1
18625,2620,1
18625,20000,1
18626,2409,1
18626,18722,1
18627,2198,1
18627,26181,1
18628,1987,1
18628,16092,1
18628,25430,1
18628,30729,1
18629,1776,1
18629,7006,1
18630,1565,1
18630,15705,1
18631,1354,1
18631,10801,1
18631,15926,1
18631,16418,1
18632,1143,1
18633,932,1
18633,32238,1
18634,721,1
18635,510,1
18636,299,1
18637,88,1
18638,11496,1
18638,32218,1
18638,32645,1
18639,32434,1
18640,32223,1
18641,2286,1
18641,32012,1
18642,17043,1
18642,31801,1
18643,18342,1
18643,31590,1
18644,31379,1
18645,626,1
18645,31168,1
18646,5352,1
18646,6064,1
18646,17547,1
18646,30957,1
18647,30746,1
18648,21827,1
18648,22492,1
18648,30535,1
18648,31396,1
18649,28617,1
18649,30324,1
18650,27361,1
18650,30113,1
18651,19959,1
18651,29078,1
18651,29902,1
18652,3041,1
18652,7056,1
18652,29691,1
18653,18085,1
18653,28609,1
18653,29480,1
18653,30483,1
18654,29269,1
18655,27804,1
18655,29058,1
18656,28847,1
18657,1522,1
18657,2803,1
18657,7716,1
18657,28636,1
18658,11519,1
18658,25393,1
18658,28425,1
18659,28214,1
18660,5503,1
18660,11306,1
18660,28003,1
18661,9753,1
18661,27792,1
18662,27581,1
18663,27370,1
18664,20570,1
18664,24149,1
18664,27159,1
18665,16554,1
18665,26948,1
18666,26737,1
18666,31944,1
18667,23466,1
18667,25801,1
18667,26526,1
18668,20741,1
18668,26315,1
18668,26838,1
18668,30216,1
18668,30697,1
18669,26104,1
18670,25893,1
18671,6861,1
18671,25682,1
18672,25471,1
18672,30356,1
18673,25260,1
18674,25049,1
18675,9592,1
18675,21562,1
18675,24838,1
18675,26161,1
18676,19813,1
18676,24627,1
18677,1900,1
18677,22769,1
18677,23342,1
18677,24416,1
18678,24205,1
18679,23994,1
18680,4810,1
18680,6681,1
18680,13136,1
18680,14402,1
18680,23783,1
18680,29747,1
18681,23572,1
18682,23007,1
18682,23361,1
18682,26364,1
18683,23150,1
18684,12718,1
18684,22939,1
18685,22728,1
18685,29766,1
18686,16283,1
18686,22517,1
18687,22306,1
18687,29597,1
18688,22095,1
18689,21884,1
18690,5901,1
18690,21673,1
18690,27960,1
18691,21462,1
18692,21251,1
18693,676,1
18693,12391,1
18693,21040,1
18694,17199,1
18694,20829,1
18695,5634,1
18695,20618,1
18696,20407,1
18697,20196,1
18698,19985,1
18699,3213,1
18699,5305,1
18699,5974,1
18699,19774,1
18700,1841,1
18700,17293,1
18700,19563,1
18700,26408,1
18700,29293,1
18701,19352,1
18701,30890,1
18702,19141,1
18703,18930,1
18704,14887,1
18704,18719,1
18705,18508,1
18705,26965,1
18706,18297,1
18706,24638,1
18706,30488,1
18707,18086,1
18708,17875,1
18709,17664,1
18710,17453,1
18711,973,1
18711,17242,1
18712,14260,1
18712,17031,1
18712,22246,1
18712,23183,1
18713,5497,1
18713,12814,1
18713,16820,1
18714,16609,1
18715,16398,1
18716,16187,1
18717,12330,1
18717,13186,1
18717,15976,1
18718,6644,1
18718,15125,1
18718,15765,1
18719,7123,1
18719,15554,1
18719,20376,1
18719,29917,1
18720,3491,1
18720,15343,1
18721,15132,1
18722,9254,1
18722,14921,1
18723,14710,1
18724,4465,1
18724,14499,1
18725,14288,1
18726,14077,1
18727,5766,1
18727,13866,1
18727,28234,1
18728,13655,1
18728,23992,1
18729,13444,1
18729,26094,1
18729,28058,1
18730,11875,1
18730,13233,1
18731,13022,1
18731,19827,1
18731,28493,1
18732,12811,1
18733,1354,1
18733,12600,1
18734,12389,1
18734,20358,1
18735,12178,1
18735,19163,1
18735,26459,1
18736,11967,1
18737,7237,1
18737,11756,1
18737,21345,1
18738,11545,1
18738,28238,1
18739,11334,1
18740,11123,1
18740,12172,1
18741,10132,1
18741,10912,1
18741,29636,1
18742,10701,1
18743,10490,1
18743,20083,1
18744,10279,1
18744,15174,1
18744,24282,1
18745,4867,1
18745,10068,1
18746,9135,1
18746,9857,1
18747,9646,1
18747,31719,1
18748,9435,1
18749,9224,1
18749,17133,1
18749,21115,1
18750,287,1
18750,2312,1
18750,9013,1
18750,28852,1
18750,30207,1
18751,8802,1
18751,17666,1
18751,19116,1
18752,3684,1
18752,6175,1
18752,8591,1
18752,30084,1
18753,8380,1
18753,19259,1
18754,8169,1
18755,7958,1
18756,7747,1
18756,21081,1
18756,31981,1
18757,7536,1
18758,7325,1
18758,12864,1
18758,23012,1
18758,27169,1
18759,7114,1
18759,12763,1
18760,6903,1
18761,6692,1
18762,6481,1
18763,6270,1
18763,22808,1
18764,6059,1
18764,24518,1
18765,5848,1
18765,9736,1
18765,12152,1
18766,5637,1
18767,3979,1
18767,5426,1
18767,10237,1
18768,5215,1
18768,13086,1
18769,5004,1
18770,4793,1
18770,6176,1
18770,23967,1
18771,4582,1
18772,4371,1
18772,30068,1
18773,4160,1
18774,3949,1
18774,31339,1
18775,3738,1
18776,3527,1
18777,3316,1
18777,6325,1
18777,27873,1
18778,3105,1
18778,8850,1
18778,19802,1
18779,2894,1
18780,2683,1
18780,7650,1
18781,849,1
18781,2472,1
18781,17957,1
18782,2261,1
18782,9747,1
18783,2050,1
18784,1839,1
18784,3459,1
18784,3765,1
18785,1628,1
18785,28069,1
18785,30655,1
18786,1417,1
18786,22801,1
18787,1206,1
18788,995,1
18789,784,1
18789,14184,1
18790,573,1
18791,362,1
18791,23001,1
18792,151,1
18792,24256,1
18793,32708,1
18794,32497,1
18795,32286,1
18796,18664,1
18796,27264,1
18796,32075,1
18797,31864,1
18798,31322,1
18798,31653,1
18799,4485,1
18799,31442,1
18800,10465,1
18800,11673,1
18800,31231,1
18801,31020,1
18802,21341,1
18802,25008,1
18802,30809,1
18803,13299,1
18803,28937,1
18803,30598,1
18804,24181,1
18804,30387,1
18805,194,1
18805,30176,1
18805,32683,1
18806,11780,1
18806,21929,1
18806,29965,1
18807,29754,1
18808,10813,1
18808,13156,1
18808,29543,1
18809,14040,1
18809,29332,1
18810,29121,1
18811,26149,1
18811,28910,1
18812,22219,1
18812,28699,1
18813,28488,1
18814,28277,1
18815,28066,1
18816,27855,1
18817,15662,1
18817,27644,1
18817,31136,1
18818,1653,1
18818,27433,1
18819,27222,1
18820,27011,1
18821,13059,1
18821,26800,1
18822,23806,1
18822,24968,1
18822,26589,1
18823,26378,1
18823,31287,1
18823,32075,1
18824,166,1
18824,26167,1
18825,25956,1
18826,7586,1
18826,25745,1
18827,19326,1
18827,25534,1
18828,9421,1
18828,24098,1
18828,25323,1
18828,29275,1
18829,25112,1
18830,19824,1
18830,24901,1
18830,29049,1
18831,24690,1
18831,27562,1
18832,4623,1
18832,7459,1
18832,24479,1
18833,8403,1
18833,24268,1
18834,24057,1
18835,23846,1
18835,26332,1
18836,16534,1
18836,18643,1
18836,23635,1
18836,25401,1
18837,23424,1
18838,23213,1
18838,27656,1
18839,18550,1
18839,23002,1
18840,22791,1
18841,12067,1
18841,22580,1
18841,25726,1
18842,22369,1
18843,22158,1
18844,21947,1
18845,21736,1
18846,21525,1
18846,27703,1
18847,21314,1
18847,24345,1
18848,16065,1
18848,21103,1
18849,15761,1
18849,20892,1
18850,20681,1
18851,12822,1
18851,20470,1
18852,20259,1
18853,20048,1
18854,18046,1
18854,19837,1
18855,19626,1
18855,19969,1
18856,19415,1
18857,19204,1
18858,3989,1
18858,18993,1
18858,32149,1
18859,5072,1
18859,18782,1
18860,18571,1
18861,6137,1
18861,7021,1
18861,18360,1
18862,18149,1
18863,17938,1
18863,21775,1
18864,8060,1
18864,17727,1
18864,22281,1
18864,23908,1
18864,28144,1
18865,11863,1
18865,12018,1
18865,17516,1
18866,6796,1
18866,14529,1
18866,17305,1
18867,17094,1
18868,16883,1
18868,18891,1
18869,14673,1
18869,16672,1
18870,4922,1
18870,16461,1
18871,16250,1
18872,12181,1
18872,16039,1
18873,15828,1
18873,30240,1
18874,3157,1
18874,15617,1
18874,25434,1
18875,733,1
18875,3451,1
18875,9546,1
18875,15406,1
18875,25159,1
18875,28419,1
18876,2204,1
18876,15195,1
18877,14984,1
18878,3009,1
18878,7530,1
18878,14773,1
18879,14562,1
18880,14351,1
18880,24741,1
18881,14140,1
18882,4522,1
18882,13929,1
18882,15997,1
18883,13718,1
18883,15005,1
18883,19835,1
18884,13507,1
18885,13296,1
18886,13085,1
18887,12874,1
18888,12663,1
18889,10281,1
18889,12452,1
18890,12241,1
18891,12030,1
18891,31282,1
18892,4906,1
18892,11819,1
18892,31429,1
18893,3466,1
18893,9692,1
18893,11608,1
18894,11397,1
18895,11186,1
18896,10975,1
18896,25350,1
18897,10764,1
18897,21650,1
18897,30799,1
18898,8139,1
18898,10553,1
18898,15417,1
18899,212,1
18899,10342,1
18899,25866,1
18899,30860,1
18900,10131,1
18901,9920,1
18901,10885,1
18901,31600,1
18902,5175,1
18902,9709,1
18903,9498,1
18904,9287,1
18904,9529,1
18905,9076,1
18905,10734,1
18906,8865,1
18907,8654,1
18907,9729,1
18908,8443,1
18909,8232,1
18909,22435,1
18910,8021,1
18911,7810,1
18911,20003,1
18912,7599,1
18912,15551,1
18913,7388,1
18914,7177,1
18915,6966,1
18915,7971,1
18916,6755,1
18917,1270,1
18917,6544,1
18918,1149,1
18918,6333,1
18919,1446,1
18919,6122,1
18919,18373,1
18920,3679,1
18920,5911,1
18920,12291,1
18921,5700,1
18922,5489,1
18922,20242,1
18922,31410,1
18923,5278,1
18923,14943,1
18923,32333,1
18924,5067,1
18924,17803,1
18925,4856,1
18926,4645,1
18926,16661,1
18927,4434,1
18928,4223,1
18928,7140,1
18929,4012,1
18930,3801,1
18930,5230,1
18930,13012,1
18930,16466,1
18931,3590,1
18931,12842,1
18931,18316,1
18931,21352,1
18931,31400,1
18932,3379,1
18933,3168,1
18933,25927,1
18934,2957,1
18934,23986,1
18934,30995,1
18935,2746,1
18936,2535,1
18937,2324,1
18937,24912,1
18937,28578,1
18938,2113,1
18938,11324,1
18938,12446,1
18939,1902,1
18940,1691,1
18941,1480,1
18941,11074,1
18941,28028,1
18942,1269,1
18943,1058,1
18943,5647,1
18943,28611,1
18944,847,1
18944,7434,1
18945,636,1
18945,29493,1
18946,425,1
18946,16990,1
18946,19742,1
18947,214,1
18947,14661,1
18947,20483,1
18948,3,1
18948,16112,1
18949,6036,1
18949,10269,1
18949,32560,1
18950,22451,1
18950,32349,1
18951,16585,1
18951,32138,1
18952,31927,1
18953,31716,1
18954,13643,1
18954,16674,1
18954,31505,1
18955,31294,1
18956,502,1
18956,10172,1
18956,31083,1
18957,30872,1
18958,30661,1
18959,28385,1
18959,30213,1
18959,30450,1
18960,27971,1
18960,30239,1
18961,30028,1
18962,18741,1
18962,20862,1
18962,29817,1
18962,32676,1
18963,3268,1
18963,5199,1
18963,29606,1
18964,29395,1
18965,14278,1
18965,29184,1
18965,29615,1
18966,5426,1
18966,28973,1
18967,27447,1
18967,28762,1
18968,3355,1
18968,8331,1
18968,28551,1
18969,4028,1
18969,28340,1
18970,28129,1
18970,32573,1
18971,11020,1
18971,27918,1
18972,13080,1
18972,27356,1
18972,27707,1
18973,27496,1
18974,27285,1
18975,2424,1
18975,27074,1
18976,26863,1
18976,30039,1
18977,15696,1
18977,26652,1
18978,9309,1
18978,10956,1
18978,26441,1
18979,11391,1
18979,26230,1
18980,4765,1
18980,24385,1
18980,26019,1
18981,4749,1
18981,7552,1
18981,25808,1
18982,25597,1
18983,25386,1
18984,25175,1
18984,27966,1
18985,24964,1
18986,3307,1
18986,24753,1
18987,7160,1
18987,10778,1
18987,24542,1
18988,24331,1
18989,24120,1
18990,23909,1
18991,23698,1
18992,15378,1
18992,23487,1
18992,24671,1
18993,23276,1
18994,21433,1
18994,23065,1
18995,22854,1
18996,22643,1
18997,9992,1
18997,22432,1
18998,22221,1
18998,28288,1
18999,22010,1
19000,4339,1
19000,21799,1
19001,21588,1
19001,29750,1
19002,21377,1
19003,21166,1
19004,20955,1
19005,20744,1
19006,8702,1
19006,20533,1
19007,20322,1
19007,27230,1
19008,20111,1
19009,19900,1
19009,24573,1
19010,19689,1
19010,26619,1
19011,19478,1
19012,19267,1
19013,19056,1
19013,22910,1
19014,11558,1
19014,18845,1
19014,28557,1
19014,29749,1
19015,18634,1
19015,23051,1
19016,18423,1
19017,18212,1
19017,21181,1
19018,18001,1
19019,17055,1
19019,17790,1
19020,17579,1
19021,17368,1
19021,27036,1
19022,17157,1
19023,4769,1
19023,16946,1
19024,12682,1
19024,16735,1
19024,17109,1
19024,30648,1
19025,16524,1
19026,16313,1
19026,31879,1
19027,16102,1
19027,18838,1
19028,15891,1
19029,15680,1
19030,15469,1
19031,15258,1
19031,31868,1
19032,15047,1
19033,14836,1
19034,14625,1
19034,17862,1
19035,14414,1
19035,22752,1
19036,14203,1
19037,13992,1
19037,29803,1
19038,13781,1
19038,21745,1
19039,5866,1
19039,13570,1
19039,18623,1
19039,27731,1
19040,8318,1
19040,13359,1
19041,13148,1
19042,12611,1
19042,12937,1
19042,16797,1
19043,1370,1
19043,12726,1
19044,36,1
19044,12515,1
19044,24828,1
19045,12304,1
19045,23303,1
19046,12093,1
19047,11882,1
19048,8962,1
19048,11671,1
19049,6288,1
19049,11460,1
19050,1931,1
19050,11249,1
19050,18377,1
19050,30896,1
19051,11038,1
19052,10827,1
19052,16333,1
19052,24319,1
19052,30855,1
19053,10616,1
19053,13726,1
19054,2053,1
19054,7740,1
19054,10405,1
19054,11567,1
19054,16257,1
19054,28212,1
19055,10194,1
19055,15429,1
19056,9983,1
19056,24949,1
19057,9772,1
19058,9561,1
19058,19867,1
19059,6700,1
19059,9350,1
19060,9139,1
19060,15501,1
19061,8928,1
19061,17633,1
19062,8717,1
19062,10470,1
19063,6305,1
19063,8506,1
19063,14942,1
19064,8295,1
19065,8084,1
19065,22145,1
19065,28438,1
19066,7873,1
19067,7662,1
19068,7451,1
19069,7240,1
19070,7029,1
19070,15524,1
19071,6818,1
19071,7249,1
19072,6607,1
19072,12150,1
19072,14153,1
19072,17948,1
19073,6396,1
19073,11585,1
19074,2734,1
19074,6185,1
19075,5974,1
19075,12943,1
19076,5763,1
19076,19520,1
19076,26194,1
19077,4405,1
19077,5552,1
19077,8225,1
19077,25278,1
19078,5341,1
19078,30834,1
19079,3357,1
19079,5130,1
19079,30985,1
19080,210,1
19080,4919,1
19080,19050,1
19081,4708,1
19081,6894,1
19082,4497,1
19082,10201,1
19083,4286,1
19083,17313,1
19084,4075,1
19084,22903,1
19085,3864,1
19086,120,1
19086,3653,1
19087,3442,1
19087,24587,1
19087,30044,1
19088,3231,1
19089,3020,1
19089,4130,1
19089,27330,1
19090,2809,1
19090,19944,1
19090,29192,1
19091,2598,1
19091,3325,1
19092,2387,1
19092,8228,1
19092,22050,1
19093,2176,1
19094,1965,1
19094,9816,1
19095,1754,1
19095,4141,1
19096,1543,1
19096,9599,1
19096,10164,1
19096,15408,1
19097,1332,1
19098,1121,1
19098,29009,1
19098,31743,1
19099,910,1
19100,699,1
19100,12318,1
19101,488,1
19101,3395,1
19102,277,1
19103,66,1
19104,2686,1
19104,32623,1
19105,32412,1
19106,32201,1
19107,31990,1
19108,30259,1
19108,31779,1
19109,31568,1
19110,7744,1
19110,9058,1
19110,31357,1
19111,21426,1
19111,31146,1
19112,30935,1
19113,9012,1
19113,30724,1
19114,30513,1
19115,16432,1
19115,30302,1
19116,30091,1
19117,2641,1
19117,6722,1
19117,28805,1
19117,29880,1
19118,1368,1
19118,29669,1
19119,3698,1
19119,29458,1
19120,29247,1
19121,2106,1
19121,29036,1
19122,8806,1
19122,28825,1
19123,1054,1
19123,1772,1
19123,28614,1
19123,29093,1
19124,13467,1
19124,28403,1
19125,28192,1
19126,27981,1
19127,9240,1
19127,27770,1
19128,27559,1
19129,27348,1
19130,1403,1
19130,27137,1
19131,1757,1
19131,19108,1
19131,26926,1
19131,29496,1
19132,26715,1
19132,30742,1
19133,26504,1
19134,15195,1
19134,26293,1
19135,26082,1
19136,25871,1
19137,25660,1
19138,25449,1
19139,25238,1
19140,10934,1
19140,25027,1
19141,24816,1
19142,24605,1
19143,14840,1
19143,15531,1
19143,15708,1
19143,24394,1
19144,3298,1
19144,5350,1
19144,10058,1
19144,24183,1
19145,23972,1
19145,31181,1
19146,23761,1
19147,1826,1
19147,23550,1
19148,23339,1
19149,20893,1
19149,23128,1
19150,22917,1
19151,22706,1
19152,337,1
19152,22495,1
19152,30933,1
19153,5791,1
19153,20219,1
19153,22284,1
19154,22073,1
19154,31241,1
19155,21862,1
19155,27438,1
19156,21651,1
19157,21440,1
19158,3375,1
19158,21229,1
19158,28381,1
19159,21018,1
19160,757,1
19160,20807,1
19160,30980,1
19161,20596,1
19162,20385,1
19162,31622,1
19163,13473,1
19163,20174,1
19164,558,1
19164,8221,1
19164,14225,1
19164,19963,1
19164,26999,1
19164,30453,1
19165,19752,1
19166,4980,1
19166,18214,1
19166,19541,1
19166,32161,1
19167,19330,1
19168,7352,1
19168,19119,1
19169,18908,1
19170,15944,1
19170,18697,1
19171,18486,1
19171,22082,1
19172,18275,1
19173,8235,1
19173,18064,1
19174,17853,1
19175,3914,1
19175,17642,1
19176,2350,1
19176,17431,1
19177,6542,1
19177,17220,1
19178,17009,1
19178,19912,1
19179,3944,1
19179,16798,1
19180,16587,1
19181,16243,1
19181,16376,1
19181,21984,1
19182,3668,1
19182,16165,1
19183,15954,1
19183,21535,1
19184,12958,1
19184,15743,1
19184,21606,1
19185,2877,1
19185,15532,1
19186,15321,1
19187,1650,1
19187,15110,1
19187,21990,1
19188,12531,1
19188,14899,1
19189,14688,1
19190,8610,1
19190,14477,1
19191,12397,1
19191,14266,1
19192,5872,1
19192,8440,1
19192,14055,1
19192,18129,1
19192,31606,1
19193,1608,1
19193,13844,1
19194,13633,1
19194,27461,1
19195,6134,1
19195,13422,1
19195,28626,1
19196,13211,1
19197,1353,1
19197,13000,1
19198,1543,1
19198,12789,1
19198,24228,1
19199,12578,1
19200,12367,1
19200,14618,1
19200,27755,1
19201,6601,1
19201,12156,1
19201,19047,1
19202,11945,1
19202,26844,1
19203,11734,1
19204,8097,1
19204,11523,1
19205,11312,1
19205,18523,1
19206,11101,1
19207,6115,1
19207,10890,1
19208,10679,1
19208,31645,1
19209,10468,1
19209,11676,1
19210,10257,1
19210,15403,1
19211,10046,1
19211,10837,1
19212,9835,1
19212,32327,1
19213,9624,1
19213,20203,1
19213,20692,1
19213,25834,1
19214,9413,1
19214,22495,1
19215,756,1
19215,3962,1
19215,9202,1
19215,28879,1
19216,8991,1
19217,5607,1
19217,8780,1
19218,8569,1
19218,9676,1
19219,8358,1
19220,2901,1
19220,8147,1
19220,13758,1
19221,1023,1
19221,7936,1
19222,6789,1
19222,6927,1
19222,7725,1
19222,11692,1
19223,7514,1
19224,7303,1
19224,27339,1
19225,7092,1
19225,30925,1
19226,6881,1
19226,26677,1
19227,6670,1
19228,6459,1
19228,29836,1
19229,6248,1
19230,6037,1
19231,5826,1
19231,7915,1
19231,26510,1
19231,28083,1
19231,29738,1
19232,5615,1
19232,31907,1
19233,5404,1
19234,5193,1
19234,7896,1
19234,19120,1
19235,4982,1
19235,28840,1
19236,4771,1
19236,28639,1
19237,3090,1
19237,4560,1
19238,4349,1
19239,515,1
19239,4138,1
19239,17245,1
19239,18496,1
19240,3927,1
19241,3716,1
19242,3505,1
19243,3294,1
19244,3083,1
19244,30646,1
19245,893,1
19245,2872,1
19246,2661,1
19246,8807,1
19247,2450,1
19247,21025,1
19248,2239,1
19249,2028,1
19250,1817,1
19251,1606,1
19251,10729,1
19251,15998,1
19252,1395,1
19252,9924,1
19253,1184,1
19254,973,1
19254,2153,1
19254,6718,1
19255,762,1
19255,3129,1
19255,26550,1
19256,551,1
19257,340,1
19258,129,1
19258,14730,1
19259,24501,1
19259,32686,1
19260,32475,1
19261,32264,1
19262,4537,1
19262,32053,1
19263,4276,1
19263,31842,1
19264,18229,1
19264,21995,1
19264,31631,1
19265,775,1
19265,31420,1
19266,31209,1
19267,30998,1
19268,30787,1
19269,30576,1
19270,3143,1
19270,30365,1
19270,31771,1
19271,30154,1
19272,29267,1
19272,29943,1
19273,29732,1
19274,16513,1
19274,29521,1
19274,29618,1
19275,29310,1
19276,29099,1
19277,1314,1
19277,4625,1
19277,28888,1
19278,740,1
19278,28677,1
19278,30934,1
19279,28466,1
19280,28255,1
19281,28044,1
19282,27833,1
19283,24645,1
19283,27622,1
19284,7561,1
19284,9243,1
19284,27411,1
19285,12445,1
19285,27200,1
19286,4761,1
19286,26989,1
19287,13674,1
19287,15487,1
19287,26778,1
19288,11451,1
19288,26567,1
19288,28218,1
19289,26356,1
19290,26145,1
19291,25934,1
19292,25723,1
19293,21136,1
19293,25512,1
19294,25301,1
19294,31915,1
19295,25090,1
19295,31191,1
19296,24879,1
19297,5987,1
19297,24668,1
19298,2771,1
19298,24457,1
19299,24246,1
19300,12156,1
19300,24035,1
19301,23824,1
19302,23613,1
19303,23402,1
19304,16111,1
19304,23191,1
19305,526,1
19305,11747,1
19305,22980,1
19306,22769,1
19307,22558,1
19307,28286,1
19308,198,1
19308,17671,1
19308,22347,1
19309,22136,1
19310,18800,1
19310,19463,1
19310,21925,1
19311,21714,1
19312,21503,1
19313,21292,1
19313,24617,1
19314,6728,1
19314,21081,1
19315,8933,1
19315,20870,1
19315,31462,1
19316,208,1
19316,7844,1
19316,20659,1
19316,32552,1
19317,5019,1
19317,20448,1
19318,20237,1
19319,20026,1
19319,21492,1
19320,16922,1
19320,19815,1
19321,13650,1
19321,19604,1
19321,31391,1
19322,6057,1
19322,12028,1
19322,19393,1
19323,19182,1
19324,11667,1
19324,18971,1
19325,18760,1
19325,30015,1
19326,18549,1
19326,27337,1
19327,4253,1
19327,14716,1
19327,18338,1
19327,31670,1
19328,6662,1
19328,12808,1
19328,18127,1
19329,15444,1
19329,17916,1
19330,8705,1
19330,17705,1
19331,17494,1
19332,4574,1
19332,17283,1
19333,3323,1
19333,17072,1
19334,16861,1
19335,16650,1
19335,17351,1
19335,26721,1
19336,10718,1
19336,16439,1
19337,16228,1
19338,16017,1
19339,15806,1
19340,15595,1
19340,27774,1
19341,12982,1
19341,15384,1
19341,22565,1
19342,6641,1
19342,15173,1
19343,14962,1
19344,14751,1
19344,26117,1
19345,2674,1
19345,14540,1
19345,19727,1
19346,14329,1
19346,22961,1
19347,6777,1
19347,14118,1
19347,20841,1
19348,13907,1
19348,32365,1
19349,13696,1
19350,13485,1
19351,13274,1
19352,1632,1
19352,10584,1
19352,12354,1
19352,13063,1
19353,12852,1
19353,24425,1
19353,26301,1
19354,12504,1
19354,12641,1
19355,12430,1
19356,12219,1
19357,12008,1
19357,30894,1
19358,1048,1
19358,11797,1
19358,26900,1
19359,11586,1
19359,17757,1
19360,9851,1
19360,11375,1
19361,6402,1
19361,11164,1
19362,10953,1
19363,7256,1
19363,10742,1
19363,19891,1
19363,23390,1
19363,30235,1
19364,10531,1
19365,1825,1
19365,10320,1
19365,25748,1
19365,27592,1
19366,10109,1
19366,16817,1
19366,20788,1
19367,9898,1
19368,9687,1
19368,23095,1
19369,9476,1
19370,9265,1
19370,17126,1
19371,9054,1
19371,30032,1
19372,8843,1
19372,25414,1
19373,8342,1
19373,8632,1
19374,8421,1
19374,26925,1
19375,8210,1
19376,7999,1
19377,1376,1
19377,7788,1
19377,18005,1
19378,7577,1
19378,32586,1
19379,7366,1
19379,26269,1
19380,7155,1
19380,17579,1
19380,32185,1
19381,6944,1
19382,6733,1
19383,6522,1
19384,6311,1
19384,7436,1
19385,6100,1
19386,5889,1
19387,5678,1
19387,15068,1
19388,5467,1
19388,31460,1
19389,5256,1
19390,5045,1
19390,20967,1
19391,4834,1
19391,22479,1
19392,4623,1
19392,27086,1
19392,27152,1
19393,4412,1
19394,4201,1
19395,3990,1
19396,3779,1
19397,3568,1
19398,3357,1
19398,17899,1
19398,20786,1
19399,3146,1
19400,2514,1
19400,2935,1
19401,2724,1
19402,2513,1
19402,6756,1
19402,9376,1
19403,2302,1
19404,2091,1
19405,1880,1
19406,1669,1
19407,1458,1
19408,1247,1
19408,14070,1
19409,1036,1
19410,825,1
19410,26658,1
19411,614,1
19411,3211,1
19411,12194,1
19412,403,1
19412,8530,1
19412,17111,1
19412,18075,1
19413,192,1
19414,32749,1
19415,10844,1
19415,32538,1
19416,32327,1
19417,24525,1
19417,32116,1
19418,6407,1
19418,12513,1
19418,31905,1
19419,31694,1
19420,10398,1
19420,31483,1
19421,20509,1
19421,31272,1
19422,31061,1
19423,25641,1
19423,30850,1
19424,30639,1
19425,3121,1
19425,26666,1
19425,30428,1
19426,13891,1
19426,30217,1
19426,31798,1
19427,25950,1
19427,30006,1
19428,6844,1
19428,19465,1
19428,29795,1
19429,10232,1
19429,29584,1
19430,17822,1
19430,29373,1
19431,16524,1
19431,23351,1
19431,29162,1
19432,28951,1
19433,450,1
19433,28740,1
19434,28529,1
19434,30805,1
19435,28318,1
19436,14664,1
19436,28107,1
19437,27896,1
19438,12149,1
19438,27685,1
19439,27474,1
19440,27263,1
19441,27052,1
19442,26841,1
19443,7363,1
19443,23211,1
19443,26630,1
19444,26419,1
19445,1795,1
19445,26208,1
19446,25997,1
19447,25786,1
19448,12724,1
19448,25575,1
19449,18556,1
19449,25364,1
19450,17782,1
19450,21955,1
19450,25153,1
19451,1569,1
19451,24942,1
19452,24731,1
19453,8167,1
19453,24520,1
19454,17551,1
19454,24309,1
19454,26858,1
19455,24098,1
19456,7382,1
19456,23887,1
19457,3051,1
19457,15036,1
19457,15481,1
19457,16620,1
19457,23676,1
19458,8348,1
19458,15603,1
19458,21381,1
19458,23465,1
19459,23254,1
19459,32270,1
19460,13626,1
19460,14747,1
19460,19965,1
19460,21934,1
19460,23043,1
19461,5768,1
19461,22832,1
19462,14993,1
19462,22621,1
19463,22410,1
19464,7823,1
19464,22199,1
19465,21988,1
19465,31554,1
19466,21777,1
19467,21566,1
19468,1929,1
19468,15942,1
19468,21355,1
19469,14976,1
19469,21144,1
19470,1167,1
19470,6129,1
19470,20933,1
19470,29415,1
19471,20722,1
19472,20511,1
19473,11366,1
19473,18235,1
19473,19686,1
19473,20300,1
19474,7099,1
19474,20089,1
19475,5845,1
19475,19878,1
19476,19667,1
19476,19735,1
19476,25142,1
19477,19456,1
19478,19245,1
19479,3726,1
19479,19034,1
19480,3450,1
19480,18823,1
19481,18612,1
19482,14546,1
19482,18401,1
19483,649,1
19483,13139,1
19483,18190,1
19484,17979,1
19484,32580,1
19485,17768,1
19486,17557,1
19487,17346,1
19487,25851,1
19488,17135,1
19488,30344,1
19489,12193,1
19489,16924,1
19490,7182,1
19490,7663,1
19490,16713,1
19491,16502,1
19491,31894,1
19491,32659,1
19492,16291,1
19493,16080,1
19494,7334,1
19494,15869,1
19494,15908,1
19494,20503,1
19494,25218,1
19495,15658,1
19496,15447,1
19497,13068,1
19497,15236,1
19498,15025,1
19499,14018,1
19499,14814,1
19499,18696,1
19500,14603,1
19500,28902,1
19500,29688,1
19500,30342,1
19501,14392,1
19502,12775,1
19502,14181,1
19503,13970,1
19503,23589,1
19504,13759,1
19504,19283,1
19505,13548,1
19505,20975,1
19506,3917,1
19506,13337,1
19506,22457,1
19507,4979,1
19507,13126,1
19507,16788,1
19507,28726,1
19508,12915,1
19508,27041,1
19509,12704,1
19509,18987,1
19509,32141,1
19510,12493,1
19511,12282,1
19512,8995,1
19512,12071,1
19512,13983,1
19513,11860,1
19513,22671,1
19514,1073,1
19514,11649,1
19514,13412,1
19515,11438,1
19516,11227,1
19516,22603,1
19516,26005,1
19516,28616,1
19517,11016,1
19517,15083,1
19517,18883,1
19517,25135,1
19518,10805,1
19518,13290,1
19519,10594,1
19520,2812,1
19520,6482,1
19520,9008,1
19520,10383,1
19521,9437,1
19521,10172,1
19522,7583,1
19522,9355,1
19522,9961,1
19523,8771,1
19523,9750,1
19524,623,1
19524,9539,1
19525,9328,1
19526,6895,1
19526,9117,1
19527,1919,1
19527,8906,1
19528,8695,1
19529,8484,1
19529,32762,1
19530,8273,1
19531,8062,1
19532,7851,1
19533,7640,1
19533,19309,1
19534,7429,1
19535,7218,1
19535,7910,1
19536,7007,1
19536,15231,1
19536,25046,1
19537,6796,1
19538,6585,1
19539,6374,1
19540,6163,1
19541,5952,1
19541,14806,1
19541,28231,1
19542,5741,1
19543,5530,1
19543,8658,1
19543,24746,1
19544,5319,1
19544,21922,1
19545,125,1
19545,5108,1
19545,12065,1
19545,15454,1
19545,21147,1
19545,30923,1
19546,4897,1
19546,21961,1
19547,4686,1
19548,4475,1
19549,4264,1
19549,4685,1
19550,4053,1
19551,3842,1
19551,5169,1
19551,30167,1
19552,3631,1
19553,3420,1
19554,3209,1
19554,13426,1
19554,17727,1
19554,21773,1
19554,27785,1
19555,2998,1
19556,2787,1
19557,2576,1
19558,2038,1
19558,2365,1
19559,2154,1
19559,31295,1
19560,1943,1
19561,1732,1
19562,1521,1
19563,570,1
19563,1310,1
19563,25243,1
19564,1099,1
19565,888,1
19565,1540,1
19565,15954,1
19566,677,1
19567,466,1
19567,5812,1
19567,16225,1
19567,31742,1
19568,255,1
19568,25296,1
19569,44,1
19569,13364,1
19570,10416,1
19570,19393,1
19570,32601,1
19571,8461,1
19571,32390,1
19572,14578,1
19572,29674,1
19572,30289,1
19572,32179,1
19573,15330,1
19573,18335,1
19573,31968,1
19574,8412,1
19574,10268,1
19574,18483,1
19574,31757,1
19575,17065,1
19575,31546,1
19576,31335,1
19576,32736,1
19577,31124,1
19578,30913,1
19579,30702,1
19580,5570,1
19580,14331,1
19580,30491,1
19581,22553,1
19581,23310,1
19581,27357,1
19581,30280,1
19582,17316,1
19582,30069,1
19583,3135,1
19583,29858,1
19584,29647,1
19585,29436,1
19586,22792,1
19586,29225,1
19587,23110,1
19587,27802,1
19587,29014,1
19588,28803,1
19589,28592,1
19590,7922,1
19590,16369,1
19590,18750,1
19590,28381,1
19590,29285,1
19591,6725,1
19591,10129,1
19591,28170,1
19592,27959,1
19593,27748,1
19594,13939,1
19594,16415,1
19594,27537,1
19595,9901,1
19595,15858,1
19595,27326,1
19595,29993,1
19596,17162,1
19596,27115,1
19597,26904,1
19598,9904,1
19598,26693,1
19598,27164,1
19599,26482,1
19599,28981,1
19600,1725,1
19600,26271,1
19601,26060,1
19601,30279,1
19602,6804,1
19602,25849,1
19602,28045,1
19603,9473,1
19603,19879,1
19603,25638,1
19604,2781,1
19604,25427,1
19604,27123,1
19605,25216,1
19606,25005,1
19607,24794,1
19608,24583,1
19609,20908,1
19609,24372,1
19609,26579,1
19610,24161,1
19611,20214,1
19611,23950,1
19612,14198,1
19612,23739,1
19613,2962,1
19613,23528,1
19614,23317,1
19615,23106,1
19616,22895,1
19616,30641,1
19617,13924,1
19617,22684,1
19618,4587,1
19618,13688,1
19618,17350,1
19618,22473,1
19619,22262,1
19620,4499,1
19620,22051,1
19621,21840,1
19622,21629,1
19622,26123,1
19622,26163,1
19623,5355,1
19623,21418,1
19623,30976,1
19624,13931,1
19624,21207,1
19625,8007,1
19625,20996,1
19626,13827,1
19626,20785,1
19627,20574,1
19628,20363,1
19629,20152,1
19630,4862,1
19630,7026,1
19630,13837,1
19630,19941,1
19630,20098,1
19631,14525,1
19631,19730,1
19631,21976,1
19632,19519,1
19632,26786,1
19633,2961,1
19633,19308,1
19633,29189,1
19634,19097,1
19635,18886,1
19636,18675,1
19637,18464,1
19638,18253,1
19639,18042,1
19639,19170,1
19639,20425,1
19640,8895,1
19640,17831,1
19640,21485,1
19641,10297,1
19641,17620,1
19642,11309,1
19642,17180,1
19642,17409,1
19643,17198,1
19644,16987,1
19645,16776,1
19646,16565,1
19646,27434,1
19647,16354,1
19647,31824,1
19648,10532,1
19648,16143,1
19649,15932,1
19649,17912,1
19649,19724,1
19650,15721,1
19651,15510,1
19651,22403,1
19652,2210,1
19652,15299,1
19653,15088,1
19654,14877,1
19655,5070,1
19655,10496,1
19655,14666,1
19655,21371,1
19656,14455,1
19657,14244,1
19658,14033,1
19659,4572,1
19659,13822,1
19660,4464,1
19660,13611,1
19661,13400,1
19662,13189,1
19662,15532,1
19663,12978,1
19664,12767,1
19665,12556,1
19666,3589,1
19666,12345,1
19667,4345,1
19667,12134,1
19667,17268,1
19668,11923,1
19669,11712,1
19669,14637,1
19670,5950,1
19670,11501,1
19670,18648,1
19671,11290,1
19672,11079,1
19673,10868,1
19673,14832,1
19673,15447,1
19674,10657,1
19675,10446,1
19675,12885,1
19676,7151,1
19676,10235,1
19676,21837,1
19677,10024,1
19677,30522,1
19678,9813,1
19679,9602,1
19680,9391,1
19680,25770,1
19681,9180,1
19681,15342,1
19682,8969,1
19683,8758,1
19684,8547,1
19684,8863,1
19685,8336,1
19686,824,1
19686,8125,1
19686,28457,1
19687,7914,1
19687,12578,1
19687,13617,1
19687,13781,1
19688,7703,1
19689,7492,1
19689,17337,1
19690,6163,1
19690,7281,1
19690,13563,1
19691,3073,1
19691,7070,1
19691,18549,1
19691,23080,1
19692,6859,1
19692,29823,1
19693,6648,1
19693,30180,1
19694,6437,1
19695,6226,1
19696,6015,1
19697,5804,1
19698,5593,1
19699,5382,1
19699,6661,1
19699,25385,1
19700,5171,1
19701,4960,1
19702,4749,1
19702,9716,1
19702,10928,1
19702,16647,1
19702,29555,1
19703,4538,1
19704,4327,1
19704,16351,1
19704,19875,1
19705,4116,1
19705,27930,1
19705,30541,1
19706,3905,1
19706,32623,1
19707,3694,1
19707,9441,1
19707,14085,1
19708,3483,1
19708,17491,1
19709,3272,1
19709,8841,1
19710,3061,1
19710,7764,1
19711,2850,1
19711,21190,1
19711,24553,1
19712,1467,1
19712,2639,1
19713,2428,1
19713,11100,1
19714,2217,1
19715,2006,1
19715,5900,1
19715,18486,1
19716,1795,1
19716,28877,1
19717,1584,1
19718,1373,1
19718,16407,1
19719,1162,1
19719,5824,1
19719,12771,1
19719,14630,1
19719,23616,1
19720,951,1
19720,5810,1
19721,740,1
19721,7545,1
19721,25405,1
19722,529,1
19723,318,1
19724,107,1
19724,9972,1
19724,14257,1
19724,23787,1
19725,16819,1
19725,32664,1
19726,28527,1
19726,32453,1
19727,16377,1
19727,26113,1
19727,32242,1
19728,32031,1
19729,28360,1
19729,31820,1
19730,31609,1
19731,8969,1
19731,28813,1
19731,31398,1
19732,31187,1
19733,30976,1
19734,30765,1
19735,10823,1
19735,14764,1
19735,30554,1
19736,30343,1
19737,15221,1
19737,30132,1
19738,29921,1
19739,6511,1
19739,29710,1
19740,16991,1
19740,29499,1
19741,29288,1
19742,29077,1
19743,20474,1
19743,28866,1
19744,4031,1
19744,28655,1
19745,26755,1
19745,28444,1
19746,28233,1
19747,27242,1
19747,28022,1
19748,24714,1
19748,27811,1
19749,27600,1
19750,27389,1
19751,27178,1
19752,26967,1
19753,26756,1
19754,12830,1
19754,21793,1
19754,23063,1
19754,26545,1
19755,13226,1
19755,26334,1
19756,26123,1
19757,25912,1
19757,26704,1
19758,17748,1
19758,25701,1
19759,25490,1
19760,25279,1
19761,20545,1
19761,25068,1
19762,24857,1
19763,24646,1
19764,5750,1
19764,15343,1
19764,24435,1
19764,24623,1
19764,30546,1
19765,15537,1
19765,24224,1
19766,14737,1
19766,24013,1
19767,4792,1
19767,23802,1
19768,14515,1
19768,23591,1
19769,21531,1
19769,23380,1
19770,2288,1
19770,23169,1
19771,17584,1
19771,22958,1
19771,31174,1
19772,10873,1
19772,19276,1
19772,22747,1
19773,7365,1
19773,12529,1
19773,22536,1
19774,8932,1
19774,22325,1
19775,11130,1
19775,15655,1
19775,22114,1
19775,24421,1
19776,21903,1
19777,21692,1
19777,31528,1
19778,6766,1
19778,19714,1
19778,21481,1
19779,21270,1
19780,10148,1
19780,21059,1
19780,25418,1
19781,16068,1
19781,20848,1
19782,20637,1
19782,21450,1
19783,11785,1
19783,20426,1
19784,4602,1
19784,20215,1
19785,12066,1
19785,20004,1
19785,24747,1
19785,28717,1
19786,9392,1
19786,19793,1
19787,19582,1
19787,25483,1
19788,19371,1
19789,19160,1
19790,18949,1
19791,11349,1
19791,18738,1
19792,7431,1
19792,18527,1
19793,13911,1
19793,18316,1
19793,26044,1
19794,18105,1
19794,22232,1
19794,26076,1
19795,17894,1
19796,17683,1
19796,27490,1
19797,17472,1
19798,17261,1
19798,29773,1
19799,17050,1
19799,28458,1
19799,32649,1
19800,16839,1
19801,6747,1
19801,16628,1
19801,30412,1
19802,3056,1
19802,16417,1
19803,16206,1
19804,15995,1
19805,15784,1
19806,15573,1
19807,15362,1
19807,31084,1
19808,13215,1
19808,15151,1
19809,7570,1
19809,13881,1
19809,14940,1
19810,14729,1
19811,14518,1
19812,14307,1
19813,14096,1
19813,22772,1
19814,9196,1
19814,13885,1
19814,23486,1
19815,13674,1
19815,20395,1
19816,13463,1
19816,19378,1
19817,13252,1
19818,13041,1
19818,19876,1
19818,23086,1
19819,12830,1
19819,27401,1
19820,12619,1
19821,12408,1
19821,20026,1
19822,12197,1
19822,19409,1
19823,11986,1
19824,11775,1
19824,15766,1
19825,11564,1
19825,24151,1
19826,11353,1
19827,11142,1
19828,7189,1
19828,10931,1
19829,2980,1
19829,10720,1
19829,19994,1
19830,8061,1
19830,10509,1
19830,16853,1
19830,23665,1
19831,10298,1
19831,13984,1
19832,8645,1
19832,10087,1
19832,14387,1
19832,31122,1
19833,9876,1
19834,9665,1
19835,9454,1
19835,15916,1
19835,21829,1
19836,9243,1
19836,27486,1
19837,9032,1
19837,30033,1
19838,8821,1
19839,8610,1
19840,8399,1
19840,10577,1
19840,32085,1
19841,8188,1
19842,7977,1
19842,26708,1
19842,27892,1
19843,7766,1
19844,3293,1
19844,7555,1
19844,12203,1
19845,542,1
19845,1174,1
19845,7344,1
19845,12219,1
19846,7133,1
19846,18740,1
19846,30098,1
19847,6922,1
19847,30690,1
19848,6711,1
19848,32194,1
19849,6500,1
19850,6289,1
19850,13392,1
19851,6078,1
19852,5867,1
19852,20844,1
19853,5656,1
19854,2698,1
19854,5445,1
19855,5234,1
19855,16931,1
19856,5023,1
19856,23000,1
19857,3166,1
19857,4812,1
19857,18386,1
19857,18823,1
19857,26247,1
19858,4601,1
19859,4390,1
19860,4179,1
19860,7513,1
19861,3968,1
19861,26014,1
19861,28989,1
19862,3757,1
19863,3546,1
19863,14616,1
19864,3335,1
19864,17836,1
19864,24378,1
19864,28694,1
19864,30822,1
19865,3124,1
19865,12467,1
19866,2913,1
19867,2702,1
19867,14799,1
19867,15208,1
19868,2491,1
19869,2280,1
19869,22030,1
19870,2069,1
19871,1858,1
19871,28484,1
19872,1647,1
19873,1436,1
19873,24071,1
19874,1225,1
19875,1014,1
19875,9608,1
19875,15366,1
19876,803,1
19876,14000,1
19876,19204,1
19877,592,1
19878,381,1
19878,30280,1
19879,170,1
19879,15124,1
19880,10434,1
19880,18074,1
19880,21409,1
19880,32727,1
19881,1331,1
19881,32516,1
19882,32305,1
19883,15768,1
19883,32094,1
19884,31883,1
19885,25160,1
19885,31672,1
19886,12812,1
19886,31461,1
19887,13644,1
19887,31250,1
19888,30455,1
19888,31039,1
19889,30828,1
19890,9248,1
19890,30617,1
19891,4172,1
19891,30406,1
19892,23831,1
19892,25217,1
19892,25990,1
19892,30195,1
19893,5717,1
19893,29984,1
19894,3250,1
19894,7158,1
19894,29773,1
19895,839,1
19895,29562,1
19896,234,1
19896,9711,1
19896,29351,1
19897,11895,1
19897,29140,1
19897,31358,1
19898,9665,1
19898,28929,1
19899,28718,1
19900,20158,1
19900,28507,1
19901,2364,1
19901,9954,1
19901,28296,1
19902,28085,1
19903,6911,1
19903,16876,1
19903,20907,1
19903,25186,1
19903,27874,1
19903,31229,1
19904,9500,1
19904,27663,1
19905,8373,1
19905,27452,1
19906,13332,1
19906,27241,1
19907,27030,1
19908,26819,1
19909,26608,1
19910,26397,1
19911,10840,1
19911,26186,1
19911,31264,1
19912,25975,1
19913,12892,1
19913,19768,1
19913,25764,1
19914,25553,1
19915,244,1
19915,25342,1
19916,25131,1
19916,27529,1
19917,21456,1
19917,24807,1
19917,24920,1
19917,27572,1
19918,5711,1
19918,23077,1
19918,24709,1
19919,12327,1
19919,19692,1
19919,24498,1
19920,24287,1
19921,24076,1
19922,21569,1
19922,23865,1
19923,357,1
19923,14694,1
19923,20633,1
19923,23654,1
19924,18101,1
19924,19651,1
19924,23443,1
19925,23232,1
19926,23021,1
19927,14366,1
19927,22810,1
19928,22599,1
19929,22388,1
19930,4341,1
19930,22177,1
19931,21966,1
19932,11953,1
19932,21755,1
19933,19261,1
19933,21544,1
19933,32479,1
19934,21333,1
19935,21122,1
19936,20911,1
19937,20700,1
19938,20489,1
19939,20278,1
19940,20067,1
19941,19856,1
19941,24738,1
19942,19645,1
19943,19434,1
19944,19223,1
19945,18495,1
19945,19012,1
19945,25594,1
19945,26310,1
19946,13586,1
19946,14324,1
19946,18769,1
19946,18801,1
19947,3329,1
19947,18590,1
19947,26927,1
19948,744,1
19948,6702,1
19948,18379,1
19948,32639,1
19949,103,1
19949,18168,1
19950,4300,1
19950,17957,1
19950,20563,1
19950,24012,1
19951,17746,1
19952,503,1
19952,5588,1
19952,17535,1
19952,32343,1
19953,17324,1
19954,575,1
19954,17113,1
19955,16902,1
19956,643,1
19956,2263,1
19956,16691,1
19957,4653,1
19957,15457,1
19957,16480,1
19958,6603,1
19958,9067,1
19958,16269,1
19959,16058,1
19960,15847,1
19961,9834,1
19961,15636,1
19961,18223,1
19962,15425,1
19963,15214,1
19964,13140,1
19964,15003,1
19964,16490,1
19965,14792,1
19966,14581,1
19966,20917,1
19967,14370,1
19968,14159,1
19969,13948,1
19970,13737,1
19971,13526,1
19972,13315,1
19972,22208,1
19973,13104,1
19974,12893,1
19975,12682,1
19975,17560,1
19976,1099,1
19976,12471,1
19976,14487,1
19976,23580,1
19977,12260,1
19978,12049,1
19979,2002,1
19979,5817,1
19979,7928,1
19979,11838,1
19980,11627,1
19980,13853,1
19980,27263,1
19981,11416,1
19982,11205,1
19982,23237,1
19983,10994,1
19984,3234,1
19984,10783,1
19985,10572,1
19986,10361,1
19987,7414,1
19987,10150,1
19987,18242,1
19987,32222,1
19988,4724,1
19988,9939,1
19989,683,1
19989,9728,1
19989,14240,1
19989,29000,1
19990,9517,1
19991,9306,1
19992,9095,1
19992,21400,1
19993,8884,1
19994,4188,1
19994,8673,1
19995,8462,1
19995,18635,1
19996,8251,1
19997,8040,1
19998,7829,1
19998,26614,1
19999,7618,1
20000,7266,1
20000,7407,1
20000,16364,1
20001,7196,1
20002,6985,1
20003,6774,1
20003,10513,1
20003,17101,1
20004,6563,1
20004,8894,1
20004,20435,1
20004,26273,1
20005,6352,1
20005,8156,1
20005,26560,1
20006,6141,1
20007,5930,1
20007,16506,1
20008,3760,1
20008,5719,1
20008,8265,1
20008,31693,1
20009,5508,1
20010,5297,1
20011,5086,1
20011,18536,1
20012,4875,1
20012,7946,1
20012,20763,1
20013,4664,1
20014,4453,1
20015,4242,1
20015,12293,1
20016,4031,1
20016,5600,1
20017,3820,1
20018,1702,1
20018,3609,1
20018,8961,1
20019,3398,1
20019,12509,1
20020,3187,1
20021,785,1
20021,2976,1
20021,15838,1
20021,18089,1
20021,32427,1
20022,2765,1
20023,2554,1
20024,2343,1
20025,2132,1
20026,1921,1
20027,1710,1
20028,1499,1
20029,1288,1
20030,1077,1
20030,23595,1
20031,866,1
20031,7510,1
20031,28001,1
20032,655,1
20032,7734,1
20032,28598,1
20033,444,1
20034,233,1
20034,7778,1
20034,14308,1
20035,22,1
20035,19140,1
20036,15847,1
20036,26931,1
20036,32579,1
20037,5865,1
20037,17164,1
20037,32368,1
20038,8087,1
20038,12414,1
20038,32157,1
20039,31946,1
20040,1902,1
20040,14367,1
20040,27723,1
20040,31735,1
20041,20100,1
20041,31524,1
20042,31313,1
20043,31102,1
20044,6915,1
20044,30891,1
20045,30305,1
20045,30680,1
20046,28987,1
20046,30469,1
20047,142,1
20047,12879,1
20047,30258,1
20048,28221,1
20048,30047,1
20049,2391,1
20049,8193,1
20049,21208,1
20049,29836,1
20050,12799,1
20050,14432,1
20050,29625,1
20051,6988,1
20051,28539,1
20051,29414,1
20052,19608,1
20052,29203,1
20053,1720,1
20053,6849,1
20053,25040,1
20053,28992,1
20054,28781,1
20055,16904,1
20055,28570,1
20056,2059,1
20056,28359,1
20057,28148,1
20058,27937,1
20059,1876,1
20059,27726,1
20060,186,1
20060,22593,1
20060,27515,1
20061,12215,1
20061,27304,1
20062,18310,1
20062,27093,1
20063,26882,1
20064,10711,1
20064,14268,1
20064,19699,1
20064,23703,1
20064,26671,1
20065,26460,1
20065,27104,1
20066,22148,1
20066,26249,1
20067,26038,1
20068,9278,1
20068,25827,1
20069,25616,1
20070,25405,1
20071,4846,1
20071,4921,1
20071,17339,1
20071,23918,1
20071,25194,1
20072,10247,1
20072,24983,1
20073,24772,1
20074,11506,1
20074,24561,1
20075,24350,1
20076,24139,1
20077,23928,1
20078,3593,1
20078,18581,1
20078,19177,1
20078,23717,1
20079,23506,1
20080,8098,1
20080,15723,1
20080,23295,1
20081,23084,1
20082,22873,1
20083,22662,1
20083,30161,1
20084,22451,1
20084,25972,1
20085,22240,1
20086,22029,1
20087,10406,1
20087,21818,1
20088,21607,1
20088,26870,1
20089,20081,1
20089,21396,1
20090,1793,1
20090,21185,1
20091,9342,1
20091,20974,1
20091,23858,1
20092,20763,1
20093,20552,1
20094,20341,1
20095,20130,1
20096,909,1
20096,19919,1
20097,19708,1
20098,19497,1
20099,2992,1
20099,4020,1
20099,19286,1
20100,8137,1
20100,19075,1
20101,18864,1
20102,9203,1
20102,18653,1
20102,19206,1
20103,216,1
20103,18442,1
20103,20863,1
20104,18231,1
20105,18020,1
20105,20671,1
20106,17809,1
20107,14455,1
20107,17598,1
20108,2948,1
20108,17387,1
20108,32360,1
20109,17176,1
20110,7892,1
20110,13403,1
20110,16965,1
20110,30385,1
20111,11873,1
20111,14434,1
20111,16754,1
20112,14407,1
20112,16543,1
20113,16332,1
20114,16121,1
20114,16868,1
20114,29327,1
20115,15910,1
20116,15699,1
20116,30816,1
20117,13225,1
20117,15488,1
20118,15277,1
20118,19545,1
20119,15066,1
20120,14855,1
20120,15508,1
20121,2671,1
20121,6863,1
20121,14644,1
20121,30955,1
20122,14433,1
20123,14222,1
20124,14011,1
20124,30806,1
20125,13551,1
20125,13800,1
20125,24866,1
20126,13589,1
20127,13378,1
20127,14229,1
20128,7543,1
20128,13167,1
20128,21724,1
20129,2178,1
20129,12956,1
20130,3635,1
20130,12745,1
20130,17254,1
20131,12534,1
20131,27344,1
20132,3179,1
20132,12323,1
20133,12112,1
20133,14327,1
20133,24361,1
20133,32313,1
20134,8880,1
20134,11901,1
20135,11690,1
20135,32298,1
20136,11479,1
20137,11268,1
20137,17969,1
20138,5003,1
20138,11057,1
20139,10846,1
20140,10635,1
20141,6566,1
20141,10424,1
20142,9776,1
20142,10213,1
20142,12805,1
20143,10002,1
20144,9791,1
20144,12950,1
20144,22037,1
20145,8619,1
20145,9580,1
20146,9369,1
20146,12660,1
20147,9158,1
20148,8947,1
20149,8736,1
20150,8525,1
20151,8314,1
20151,29746,1
20152,8103,1
20153,7892,1
20154,7681,1
20154,19881,1
20154,26032,1
20155,1547,1
20155,1802,1
20155,6548,1
20155,7470,1
20155,26043,1
20156,7259,1
20157,7048,1
20158,6837,1
20158,29323,1
20159,6626,1
20160,6415,1
20160,19664,1
20161,1783,1
20161,6204,1
20162,3435,1
20162,5993,1
20162,7470,1
20163,4718,1
20163,5782,1
20163,15149,1
20163,25891,1
20164,5571,1
20164,5742,1
20165,5360,1
20166,5149,1
20166,20226,1
20167,4938,1
20168,4727,1
20169,970,1
20169,4516,1
20169,14255,1
20170,1038,1
20170,4305,1
20170,15359,1
20171,4094,1
20172,1764,1
20172,3883,1
20173,3672,1
20173,14877,1
20173,31413,1
20174,3461,1
20175,3250,1
20175,5176,1
20176,3039,1
20177,2828,1
20177,13285,1
20178,2617,1
20179,2406,1
20179,20825,1
20180,2195,1
20181,1984,1
20181,25081,1
20182,1773,1
20182,26829,1
20183,1562,1
20183,11779,1
20183,13070,1
20184,1351,1
20184,10722,1
20185,1140,1
20185,19447,1
20186,929,1
20186,21635,1
20187,718,1
20188,507,1
20188,5646,1
20188,10355,1
20188,27771,1
20189,296,1
20189,2744,1
20190,85,1
20190,11319,1
20191,32642,1
20192,15477,1
20192,32431,1
20193,24744,1
20193,32220,1
20194,32009,1
20195,10857,1
20195,19431,1
20195,21759,1
20195,31798,1
20196,31587,1
20197,2951,1
20197,31376,1
20198,24845,1
20198,31165,1
20199,22464,1
20199,30954,1
20200,14175,1
20200,30743,1
20200,31352,1
20201,20798,1
20201,30065,1
20201,30532,1
20202,4995,1
20202,8852,1
20202,10880,1
20202,30321,1
20202,31716,1
20203,30110,1
20204,2910,1
20204,29899,1
20205,29688,1
20206,29477,1
20207,29266,1
20208,24796,1
20208,25981,1
20208,29055,1
20209,26242,1
20209,28844,1
20210,15958,1
20210,28633,1
20211,14691,1
20211,28422,1
20212,5394,1
20212,7749,1
20212,18797,1
20212,28211,1
20213,7710,1
20213,26703,1
20213,28000,1
20213,31605,1
20214,758,1
20214,16011,1
20214,27789,1
20214,29963,1
20215,27578,1
20215,32309,1
20216,19405,1
20216,27367,1
20217,27156,1
20218,21142,1
20218,26945,1
20218,30485,1
20218,30645,1
20219,26734,1
20220,26523,1
20220,27870,1
20221,26312,1
20222,5861,1
20222,20472,1
20222,26101,1
20223,5241,1
20223,9982,1
20223,25890,1
20224,19874,1
20224,25679,1
20225,2180,1
20225,25468,1
20226,6815,1
20226,10702,1
20226,25257,1
20227,25046,1
20228,24835,1
20229,11179,1
20229,24624,1
20229,26567,1
20230,23506,1
20230,24413,1
20231,3227,1
20231,24202,1
20231,30322,1
20232,1770,1
20232,16190,1
20232,23991,1
20233,23780,1
20234,18761,1
20234,23569,1
20235,7493,1
20235,12680,1
20235,23358,1
20236,23147,1
20236,27627,1
20237,22936,1
20238,22725,1
20239,22514,1
20240,22303,1
20241,22092,1
20241,22268,1
20242,21881,1
20243,21670,1
20244,21459,1
20244,29772,1
20245,21248,1
20245,21290,1
20246,21037,1
20246,25775,1
20247,5043,1
20247,20826,1
20248,20615,1
20249,20404,1
20250,20193,1
20250,32274,1
20251,19982,1
20252,19771,1
20253,8026,1
20253,12015,1
20253,19560,1
20253,25756,1
20253,26105,1
20254,2989,1
20254,19349,1
20255,1859,1
20255,19138,1
20256,18927,1
20257,18716,1
20258,13847,1
20258,15161,1
20258,18505,1
20259,18294,1
20260,6157,1
20260,18083,1
20261,17872,1
20261,21026,1
20261,26714,1
20262,1735,1
20262,17661,1
20263,6905,1
20263,9023,1
20263,14907,1
20263,17450,1
20263,27425,1
20264,17239,1
20265,17028,1
20265,18364,1
20265,26289,1
20266,16817,1
20266,30707,1
20267,16606,1
20268,2028,1
20268,5118,1
20268,16395,1
20269,10033,1
20269,10050,1
20269,16184,1
20270,15973,1
20271,15762,1
20272,6867,1
20272,15551,1
20272,26856,1
20272,27415,1
20273,15340,1
20274,15129,1
20275,14918,1
20276,14707,1
20277,14496,1
20278,6851,1
20278,8162,1
20278,14285,1
20279,14074,1
20280,13863,1
20280,22408,1
20281,2097,1
20281,13239,1
20281,13652,1
20282,13441,1
20282,27210,1
20283,13230,1
20283,27100,1
20284,13019,1
20284,25619,1
20284,30881,1
20285,12808,1
20285,27061,1
20285,32220,1
20286,12597,1
20286,30589,1
20287,12386,1
20287,29560,1
20288,12175,1
20288,14384,1
20289,7476,1
20289,8780,1
20289,11964,1
20289,27494,1
20290,11753,1
20291,11542,1
20291,21992,1
20292,11331,1
20293,11120,1
20294,8479,1
20294,10909,1
20294,11800,1
20295,10698,1
20295,19076,1
20296,6703,1
20296,10487,1
20296,31752,1
20296,31957,1
20297,10276,1
20297,10835,1
20297,17865,1
20297,22364,1
20298,10065,1
20298,26872,1
20298,28544,1
20299,1330,1
20299,4098,1
20299,6177,1
20299,6948,1
20299,9854,1
20300,9643,1
20301,9432,1
20302,7063,1
20302,9221,1
20303,9010,1
20303,12723,1
20304,8799,1
20305,8588,1
20306,7250,1
20306,8377,1
20306,15694,1
20307,8166,1
20308,7955,1
20309,7744,1
20309,19289,1
20309,26615,1
20310,7533,1
20310,28324,1
20311,7322,1
20312,7111,1
20312,10743,1
20312,14559,1
20313,6900,1
20313,21571,1
20313,30586,1
20314,6689,1
20314,26971,1
20315,6478,1
20316,6267,1
20316,20186,1
20316,32674,1
20317,2253,1
20317,6056,1
20318,5845,1
20319,1479,1
20319,5634,1
20319,7150,1
20320,5423,1
20320,8374,1
20321,5212,1
20322,5001,1
20322,9565,1
20322,15270,1
20323,4790,1
20323,6955,1
20324,4579,1
20324,11445,1
20325,4368,1
20325,15032,1
20325,31074,1
20326,4157,1
20327,3946,1
20328,2777,1
20328,3735,1
20329,3524,1
20329,12607,1
20329,20848,1
20329,24871,1
20329,26013,1
20330,3313,1
20330,7754,1
20331,3102,1
20331,13787,1
20331,17163,1
20332,2891,1
20333,2680,1
20333,6270,1
20333,12990,1
20334,2469,1
20334,13217,1
20335,2258,1
20335,4430,1
20335,4928,1
20335,19763,1
20336,1661,1
20336,2047,1
20336,30752,1
20337,1836,1
20338,1625,1
20339,1414,1
20339,17216,1
20339,31320,1
20340,172,1
20340,1203,1
20340,17824,1
20341,992,1
20341,9459,1
20342,781,1
20342,4071,1
20343,570,1
20343,13839,1
20344,359,1
20345,148,1
20346,1347,1
20346,9981,1
20346,32705,1
20347,25529,1
20347,32494,1
20348,32283,1
20349,15037,1
20349,32072,1
20350,5774,1
20350,29894,1
20350,31861,1
20351,12687,1
20351,31650,1
20352,20586,1
20352,31439,1
20353,31228,1
20354,31017,1
20355,13633,1
20355,30806,1
20356,30595,1
20357,29153,1
20357,30384,1
20358,9871,1
20358,30173,1
20359,29962,1
20360,29751,1
20361,24328,1
20361,29540,1
20362,16580,1
20362,22589,1
20362,29329,1
20362,30669,1
20363,29118,1
20364,28907,1
20365,28696,1
20366,28485,1
20367,28274,1
20368,28063,1
20369,8200,1
20369,27852,1
20370,27641,1
20371,27430,1
20372,8745,1
20372,27219,1
20373,27008,1
20374,26797,1
20375,2600,1
20375,3718,1
20375,26586,1
20376,1510,1
20376,26375,1
20377,8584,1
20377,26164,1
20378,25953,1
20378,30177,1
20379,11658,1
20379,25742,1
20380,25531,1
20381,18707,1
20381,25320,1
20381,25977,1
20382,25109,1
20382,30629,1
20383,24898,1
20384,14526,1
20384,24687,1
20385,1701,1
20385,24476,1
20386,10572,1
20386,24265,1
20387,21501,1
20387,24054,1
20387,28671,1
20388,23843,1
20388,27167,1
20389,19359,1
20389,22717,1
20389,23632,1
20389,30215,1
20390,23421,1
20391,17066,1
20391,23210,1
20392,22999,1
20393,15204,1
20393,22788,1
20394,22577,1
20395,6371,1
20395,13410,1
20395,22366,1
20396,22155,1
20397,21944,1
20398,21733,1
20399,21522,1
20400,9883,1
20400,12415,1
20400,21311,1
20400,31617,1
20401,21100,1
20402,4162,1
20402,4245,1
20402,20889,1
20403,7839,1
20403,20678,1
20403,28977,1
20403,32681,1
20404,8931,1
20404,20467,1
20405,5474,1
20405,20256,1
20406,20045,1
20407,19834,1
20408,19623,1
20408,21513,1
20409,19287,1
20409,19412,1
20410,19201,1
20410,20612,1
20411,18990,1
20411,25096,1
20412,18779,1
20412,23645,1
20413,18568,1
20413,25437,1
20414,18311,1
20414,18357,1
20415,18146,1
20416,17935,1
20416,27829,1
20416,32205,1
20417,5448,1
20417,17724,1
20418,16210,1
20418,17513,1
20419,17302,1
20420,17091,1
20421,16880,1
20421,21618,1
20421,29486,1
20422,16069,1
20422,16669,1
20422,31655,1
20423,16458,1
20424,3676,1
20424,16247,1
20425,13275,1
20425,16036,1
20425,24067,1
20425,32455,1
20426,15825,1
20426,22667,1
20427,15614,1
20428,15403,1
20429,15192,1
20430,14981,1
20430,28846,1
20431,14770,1
20431,28606,1
20432,14559,1
20432,14580,1
20432,22573,1
20433,14348,1
20433,22103,1
20433,23046,1
20434,2800,1
20434,14137,1
20435,3261,1
20435,13926,1
20436,13715,1
20436,25659,1
20437,13504,1
20437,13836,1
20437,20706,1
20437,30906,1
20438,6038,1
20438,13293,1
20439,13082,1
20440,12871,1
20440,28223,1
20441,12660,1
20441,16764,1
20442,8730,1
20442,12449,1
20443,12238,1
20443,16578,1
20444,12027,1
20445,530,1
20445,11816,1
20446,6616,1
20446,9823,1
20446,11605,1
20446,19605,1
20447,11394,1
20448,4145,1
20448,10609,1
20448,11183,1
20448,11735,1
20449,10850,1
20449,10972,1
20449,13067,1
20449,17896,1
20450,10761,1
20450,30502,1
20451,6724,1
20451,10550,1
20452,10339,1
20453,10128,1
20454,6476,1
20454,9917,1
20455,9706,1
20456,9495,1
20456,11157,1
20457,9284,1
20458,9073,1
20459,8862,1
20460,8651,1
20460,21506,1
20460,28808,1
20461,6813,1
20461,8440,1
20462,8229,1
20463,8018,1
20463,13642,1
20464,1700,1
20464,2329,1
20464,7807,1
20464,23158,1
20464,24717,1
20464,25313,1
20464,27564,1
20465,7596,1
20465,18840,1
20466,7385,1
20466,24970,1
20467,7174,1
20467,9548,1
20468,6963,1
20468,18647,1
20468,22530,1
20468,26514,1
20469,6752,1
20470,6541,1
20471,6330,1
20471,28638,1
20472,6119,1
20472,13436,1
20472,22485,1
20473,5908,1
20473,15906,1
20474,5697,1
20474,30382,1
20475,843,1
20475,5486,1
20475,28692,1
20476,5275,1
20476,7106,1
20477,5064,1
20477,19967,1
20477,21348,1
20478,4853,1
20479,801,1
20479,4642,1
20479,10703,1
20480,4431,1
20480,27259,1
20481,4220,1
20481,31810,1
20482,4009,1
20482,27715,1
20483,1128,1
20483,3798,1
20483,11803,1
20484,3587,1
20484,30721,1
20485,3376,1
20485,7338,1
20486,3165,1
20487,2954,1
20488,2743,1
20488,18216,1
20488,22521,1
20488,22627,1
20489,2532,1
20489,29510,1
20490,2321,1
20490,18236,1
20490,21804,1
20490,23024,1
20491,2110,1
20492,1899,1
20492,15969,1
20493,1688,1
20493,10739,1
20494,1477,1
20495,1266,1
20496,1055,1
20497,844,1
20497,12427,1
20498,633,1
20499,422,1
20500,211,1
20500,12776,1
20501,0,1
20501,13521,1
20501,24287,1
20502,32557,1
20503,1464,1
20503,5469,1
20503,32346,1
20503,32429,1
20504,8886,1
20504,32135,1
20505,31924,1
20506,21137,1
20506,22276,1
20506,28107,1
20506,31713,1
20507,31502,1
20508,31291,1
20509,624,1
20509,31080,1
20510,12551,1
20510,30869,1
20511,29457,1
20511,30658,1
20512,17564,1
20512,23026,1
20512,30447,1
20513,30236,1
20514,17869,1
20514,30025,1
20515,2996,1
20515,6001,1
20515,29814,1
20515,31621,1
20516,29603,1
20517,2386,1
20517,26784,1
20517,29392,1
20518,19709,1
20518,29181,1
20519,28970,1
20520,2119,1
20520,11527,1
20520,28759,1
20521,750,1
20521,28548,1
20522,15201,1
20522,18211,1
20522,28337,1
20523,28126,1
20524,9674,1
20524,27915,1
20524,28331,1
20525,3583,1
20525,9477,1
20525,17338,1
20525,27704,1
20526,1144,1
20526,2469,1
20526,27493,1
20526,27741,1
20527,1152,1
20527,27282,1
20528,2574,1
20528,27071,1
20529,26860,1
20530,17428,1
20530,26649,1
20531,4899,1
20531,26438,1
20532,2450,1
20532,26227,1
20532,28516,1
20533,4352,1
20533,26016,1
20534,4110,1
20534,25805,1
20535,10944,1
20535,25594,1
20535,30119,1
20536,25383,1
20536,32211,1
20537,13618,1
20537,17998,1
20537,25172,1
20538,24961,1
20538,29471,1
20539,13606,1
20539,20623,1
20539,24750,1
20540,24539,1
20540,25986,1
20540,31079,1
20541,6172,1
20541,24328,1
20542,24117,1
20543,4610,1
20543,23906,1
20544,23695,1
20545,21130,1
20545,23484,1
20545,27999,1
20546,9521,1
20546,12981,1
20546,21830,1
20546,23273,1
20547,23062,1
20548,2296,1
20548,22851,1
20548,28121,1
20549,17052,1
20549,22640,1
20550,22429,1
20551,22218,1
20552,22007,1
20553,21042,1
20553,21796,1
20554,21585,1
20554,28282,1
20555,4635,1
20555,21374,1
20556,6196,1
20556,16399,1
20556,21163,1
20557,17116,1
20557,20952,1
20558,6366,1
20558,20741,1
20558,22414,1
20559,20530,1
20560,13311,1
20560,20319,1
20561,20108,1
20562,9227,1
20562,19897,1
20562,26246,1
20563,19686,1
20564,19475,1
20565,19264,1
20565,21164,1
20566,9842,1
20566,19053,1
20567,18842,1
20568,18631,1
20568,26502,1
20569,947,1
20569,8829,1
20569,18420,1
20569,29906,1
20570,18209,1
20571,5670,1
20571,17998,1
20572,17768,1
20572,17787,1
20572,19485,1
20572,28832,1
20573,10856,1
20573,17576,1
20574,5189,1
20574,17365,1
20574,21423,1
20575,17154,1
20576,16943,1
20577,10215,1
20577,16732,1
20578,16521,1
20579,6715,1
20579,16310,1
20579,18392,1
20579,31266,1
20580,16099,1
20581,15888,1
20582,7534,1
20582,13441,1
20582,15677,1
20582,21062,1
20582,23020,1
20583,3169,1
20583,15466,1
20584,15255,1
20585,14900,1
20585,15044,1
20586,14833,1
20587,14622,1
20587,18682,1
20588,12238,1
20588,14411,1
20588,31520,1
20589,14200,1
20590,13989,1
20590,29762,1
20590,30012,1
20591,13778,1
20592,13567,1
20592,26288,1
20593,5017,1
20593,10949,1
20593,12088,1
20593,13356,1
20593,15742,1
20594,322,1
20594,13145,1
20594,23226,1
20595,8441,1
20595,12934,1
20596,12723,1
20597,12512,1
20598,12301,1
20598,18829,1
20599,7373,1
20599,12090,1
20600,11879,1
20600,24727,1
20601,11668,1
20601,21255,1
20602,11457,1
20602,21521,1
20602,29543,1
20603,11246,1
20604,11035,1
20605,10824,1
20605,27726,1
20606,10613,1
20606,18900,1
20606,20193,1
20606,20297,1
20607,10402,1
20607,11726,1
20607,11976,1
20608,10191,1
20609,9980,1
20609,31437,1
20610,9769,1
20611,9558,1
20612,2492,1
20612,9347,1
20612,19473,1
20613,9136,1
20613,23667,1
20613,28550,1
20614,8925,1
20614,30201,1
20615,8714,1
20615,10177,1
20615,23726,1
20616,8503,1
20617,8292,1
20618,1602,1
20618,8081,1
20619,4891,1
20619,7870,1
20619,24261,1
20620,7659,1
20620,25760,1
20620,25826,1
20621,7448,1
20621,15731,1
20621,16252,1
20621,31343,1
20621,32470,1
20622,6379,1
20622,7237,1
20622,17717,1
20623,1541,1
20623,7026,1
20623,13230,1
20623,17060,1
20624,6815,1
20625,6604,1
20625,10059,1
20626,592,1
20626,6393,1
20627,6182,1
20628,5971,1
20628,14981,1
20629,5760,1
20630,5549,1
20631,5338,1
20632,5127,1
20632,11471,1
20632,17489,1
20633,4916,1
20633,7960,1
20633,15101,1
20634,4705,1
20635,4494,1
20635,21004,1
20635,32539,1
20636,3627,1
20636,4283,1
20637,4072,1
20638,3861,1
20639,3650,1
20640,1882,1
20640,3439,1
20641,3228,1
20641,6986,1
20642,3017,1
20642,3751,1
20642,29411,1
20643,2806,1
20643,13951,1
20644,2595,1
20644,31386,1
20645,2384,1
20645,24434,1
20646,609,1
20646,2173,1
20647,1962,1
20648,1751,1
20649,1540,1
20649,3526,1
20649,15837,1
20649,31518,1
20650,1329,1
20650,22963,1
20651,1118,1
20651,18145,1
20652,907,1
20653,696,1
20654,485,1
20655,274,1
20655,27601,1
20655,28297,1
20656,63,1
20656,14301,1
20656,19745,1
20657,3341,1
20657,32620,1
20658,20409,1
20658,32409,1
20659,29077,1
20659,32198,1
20660,8975,1
20660,16087,1
20660,31987,1
20661,15261,1
20661,31776,1
20662,3497,1
20662,31565,1
20663,7786,1
20663,31354,1
20664,9837,1
20664,14911,1
20664,31143,1
20665,3958,1
20665,12641,1
20665,29587,1
20665,30932,1
20666,30721,1
20666,32241,1
20667,2506,1
20667,5804,1
20667,9439,1
20667,30510,1
20668,30299,1
20669,30088,1
20669,31020,1
20670,7551,1
20670,29877,1
20671,5391,1
20671,25741,1
20671,29666,1
20672,7030,1
20672,18765,1
20672,29455,1
20673,9198,1
20673,16097,1
20673,29244,1
20673,31859,1
20674,298,1
20674,29033,1
20675,28822,1
20676,28611,1
20677,28400,1
20678,7555,1
20678,10960,1
20678,28189,1
20679,27978,1
20680,27767,1
20680,27993,1
20680,32036,1
20681,27556,1
20682,27345,1
20683,27134,1
20684,25547,1
20684,26923,1
20685,26712,1
20686,19494,1
20686,22341,1
20686,26501,1
20686,31711,1
20687,2866,1
20687,25079,1
20687,26290,1
20687,31367,1
20688,26079,1
20688,26209,1
20688,28955,1
20689,1756,1
20689,19958,1
20689,25868,1
20690,25657,1
20691,21949,1
20691,25446,1
20692,8207,1
20692,8919,1
20692,25235,1
20693,25024,1
20694,24813,1
20695,24602,1
20696,17853,1
20696,24391,1
20697,24180,1
20698,23969,1
20699,11078,1
20699,23758,1
20700,20341,1
20700,23547,1
20701,9245,1
20701,12097,1
20701,23336,1
20702,23125,1
20703,1288,1
20703,22914,1
20704,7319,1
20704,19902,1
20704,22703,1
20704,24112,1
20704,26086,1
20705,20150,1
20705,22492,1
20706,10207,1
20706,22281,1
20707,22070,1
20708,21859,1
20708,28449,1
20709,13840,1
20709,18468,1
20709,21648,1
20710,20375,1
20710,21437,1
20710,30984,1
20711,21226,1
20711,26873,1
20712,13961,1
20712,21015,1
20712,28014,1
20713,20804,1
20714,7654,1
20714,20593,1
20714,29718,1
20715,20382,1
20715,32449,1
20716,20171,1
20716,28026,1
20717,6087,1
20717,13630,1
20717,19960,1
20718,19749,1
20719,19538,1
20720,19327,1
20721,6282,1
20721,19116,1
20722,18905,1
20723,18694,1
20724,5847,1
20724,18483,1
20725,8879,1
20725,18272,1
20726,111,1
20726,18061,1
20727,17850,1
20727,21958,1
20728,17639,1
20729,17428,1
20729,31789,1
20730,17217,1
20731,17006,1
20732,16795,1
20733,16584,1
20734,16373,1
20734,28878,1
20734,30469,1
20735,16162,1
20736,10202,1
20736,15951,1
20737,15740,1
20737,20072,1
20738,15529,1
20738,16005,1
20739,8591,1
20739,15318,1
20740,15107,1
20741,14061,1
20741,14896,1
20741,20565,1
20741,21095,1
20741,27451,1
20742,14685,1
20742,19615,1
20742,22620,1
20743,14474,1
20744,14263,1
20745,2584,1
20745,14052,1
20745,18990,1
20746,13841,1
20747,11878,1
20747,13630,1
20748,13419,1
20749,13208,1
20750,12997,1
20751,12786,1
20752,12575,1
20752,29116,1
20753,12364,1
20753,15212,1
20754,4406,1
20754,12153,1
20754,18328,1
20755,11942,1
20756,11731,1
20757,11520,1
20758,11309,1
20759,11098,1
20760,10887,1
20761,2082,1
20761,10676,1
20761,22252,1
20762,10090,1
20762,10465,1
20762,28209,1
20763,10254,1
20763,15554,1
20763,30567,1
20764,10043,1
20765,9832,1
20766,9621,1
20766,11257,1
20767,9410,1
20767,11036,1
20768,9199,1
20768,18108,1
20769,8988,1
20770,9,1
20770,8777,1
20770,15488,1
20771,8566,1
20772,8355,1
20772,27342,1
20773,8144,1
20774,7933,1
20774,24248,1
20775,5313,1
20775,7722,1
20776,7511,1
20777,7300,1
20778,6759,1
20778,7089,1
20778,22091,1
20778,23285,1
20778,25155,1
20779,6878,1
20779,7832,1
20779,32548,1
20780,6667,1
20780,11291,1
20780,12989,1
20781,2823,1
20781,6456,1
20782,6245,1
20783,6034,1
20783,26184,1
20784,5823,1
20784,22367,1
20785,5612,1
20785,9518,1
20785,12601,1
20785,18321,1
20786,5401,1
20786,6232,1
20786,6497,1
20787,5190,1
20787,12398,1
20787,30830,1
20788,4979,1
20788,20695,1
20789,4768,1
20789,20184,1
20790,4557,1
20791,4346,1
20792,4135,1
20792,24450,1
20793,3924,1
20794,3713,1
20795,3502,1
20796,3291,1
20796,21182,1
20797,3080,1
20798,2869,1
20798,9491,1
20799,1934,1
20799,2658,1
20799,6926,1
20800,2447,1
20800,7963,1
20800,18552,1
20801,2236,1
20801,16049,1
20801,19799,1
20802,2025,1
20803,1814,1
20803,20733,1
20804,1603,1
20805,1392,1
20806,1181,1
20807,970,1
20807,20171,1
20808,759,1
20808,10428,1
20809,548,1
20809,11060,1
20810,337,1
20810,10798,1
20810,21502,1
20810,27159,1
20811,126,1
20811,10218,1
20811,17785,1
20812,14601,1
20812,32683,1
20813,29935,1
20813,32472,1
20814,32261,1
20815,32050,1
20816,21444,1
20816,31839,1
20817,27147,1
20817,31628,1
20818,1827,1
20818,27626,1
20818,29940,1
20818,31417,1
20819,31206,1
20820,17088,1
20820,30995,1
20821,29057,1
20821,30784,1
20822,30573,1
20823,17699,1
20823,30362,1
20824,30151,1
20825,29940,1
20826,29729,1
20827,23724,1
20827,29518,1
20827,30055,1
20827,32142,1
20828,20380,1
20828,29307,1
20828,30694,1
20828,32680,1
20829,29096,1
20830,682,1
20830,6077,1
20830,28885,1
20831,17501,1
20831,17888,1
20831,28674,1
20832,28463,1
20833,28252,1
20834,28041,1
20835,27830,1
20836,5712,1
20836,27619,1
20837,3878,1
20837,27408,1
20837,29290,1
20838,27197,1
20839,5961,1
20839,26986,1
20840,26775,1
20841,26564,1
20841,27753,1
20842,26353,1
20843,26057,1
20843,26142,1
20844,25931,1
20845,25720,1
20845,32363,1
20846,25509,1
20847,15754,1
20847,25298,1
20848,8039,1
20848,25087,1
20849,14946,1
20849,24876,1
20850,24665,1
20850,27716,1
20850,31819,1
20851,13707,1
20851,24454,1
20852,8820,1
20852,22334,1
20852,24243,1
20853,24032,1
20854,23821,1
20855,23610,1
20856,17786,1
20856,23399,1
20857,23188,1
20858,21942,1
20858,22977,1
20858,32746,1
20859,4458,1
20859,22766,1
20859,25910,1
20860,8601,1
20860,22555,1
20860,29988,1
20861,5698,1
20861,22344,1
20862,22133,1
20863,17607,1
20863,19895,1
20863,21922,1
20863,24916,1
20864,21711,1
20865,10461,1
20865,21500,1
20866,5566,1
20866,21289,1
20867,14674,1
20867,21078,1
20868,139,1
20868,16127,1
20868,20867,1
20869,9829,1
20869,20656,1
20870,10606,1
20870,20445,1
20870,21452,1
20871,7164,1
20871,18884,1
20871,19815,1
20871,20234,1
20871,21333,1
20872,20023,1
20873,19812,1
20874,2486,1
20874,19601,1
20875,17422,1
20875,19390,1
20875,26144,1
20876,4095,1
20876,17713,1
20876,19179,1
20877,18968,1
20878,18757,1
20878,19942,1
20879,18546,1
20880,7152,1
20880,18335,1
20881,18124,1
20882,17913,1
20883,17702,1
20884,4714,1
20884,17491,1
20885,10243,1
20885,17280,1
20886,1198,1
20886,17069,1
20887,13696,1
20887,16858,1
20888,2442,1
20888,16647,1
20889,16436,1
20890,2722,1
20890,16225,1
20891,16014,1
20891,16504,1
20892,15803,1
20892,27243,1
20893,15592,1
20893,24856,1
20894,15381,1
20894,24472,1
20895,5036,1
20895,15170,1
20895,25793,1
20895,28641,1
20896,8753,1
20896,9852,1
20896,14959,1
20897,13242,1
20897,14748,1
20898,14537,1
20899,14326,1
20900,13496,1
20900,14115,1
20901,13904,1
20902,13693,1
20903,13482,1
20904,13271,1
20905,13060,1
20905,19734,1
20906,12849,1
20907,12638,1
20907,13734,1
20907,18754,1
20908,12427,1
20909,10952,1
20909,12216,1
20909,24503,1
20909,29409,1
20910,12005,1
20911,11794,1
20911,13092,1
20911,30674,1
20912,3101,1
20912,11583,1
20912,15592,1
20913,11372,1
20913,21529,1
20913,28132,1
20914,11161,1
20915,10950,1
20916,10739,1
20916,31534,1
20917,10528,1
20918,10317,1
20918,18564,1
20918,21910,1
20919,10106,1
20920,4688,1
20920,9895,1
20921,9684,1
20922,9473,1
20923,9262,1
20924,9051,1
20925,8840,1
20925,10776,1
20925,19999,1
20926,8629,1
20927,8418,1
20927,15084,1
20927,32637,1
20928,8207,1
20928,8835,1
20929,7996,1
20930,7785,1
20931,7574,1
20932,7363,1
20933,7152,1
20933,31603,1
20934,6941,1
20934,20076,1
20935,6730,1
20936,6519,1
20937,6308,1
20937,11888,1
20937,15139,1
20937,15646,1
20937,20131,1
20938,6097,1
20938,6629,1
20938,27128,1
20939,5886,1
20940,5675,1
20940,25117,1
20941,5464,1
20941,14382,1
20941,21886,1
20942,5253,1
20943,5042,1
20944,4831,1
20944,10365,1
20944,10681,1
20944,25696,1
20945,4620,1
20945,27856,1
20946,4409,1
20946,15664,1
20947,4198,1
20947,4447,1
20948,3987,1
20948,25837,1
20949,3776,1
20949,4477,1
20949,14399,1
20949,28731,1
20950,3565,1
20950,22561,1
20951,3354,1
20952,3143,1
20952,21888,1
20953,2932,1
20954,2721,1
20955,2510,1
20955,6904,1
20955,29902,1
20956,2299,1
20956,6321,1
20956,29984,1
20957,2088,1
20958,1877,1
20959,1666,1
20960,1455,1
20960,7109,1
20961,1244,1
20962,1033,1
20962,3548,1
20963,822,1
20963,28071,1
20964,551,1
20964,611,1
20964,9128,1
20965,400,1
20965,7805,1
20965,12696,1
20966,189,1
20966,21689,1
20967,4001,1
20967,14386,1
20967,32746,1
20968,3438,1
20968,32535,1
20969,32324,1
20970,2681,1
20970,32113,1
20971,31902,1
20972,5148,1
20972,22482,1
20972,31691,1
20973,7880,1
20973,30053,1
20973,31480,1
20974,31269,1
20975,16565,1
20975,18008,1
20975,31058,1
20976,30847,1
20977,30636,1
20978,6006,1
20978,14996,1
20978,30425,1
20979,21817,1
20979,24627,1
20979,30214,1
20980,10996,1
20980,30003,1
20981,22930,1
20981,29792,1
20981,30658,1
20982,1341,1
20982,2057,1
20982,29581,1
20983,12701,1
20983,29370,1
20983,29992,1
20984,29159,1
20985,12750,1
20985,14132,1
20985,28948,1
20986,28737,1
20987,16113,1
20987,28151,1
20987,28526,1
20988,28315,1
20989,28104,1
20990,27893,1
20991,26480,1
20991,27682,1
20992,27471,1
20993,27260,1
20994,27049,1
20995,21294,1
20995,26838,1
20996,14683,1
20996,26627,1
20996,30129,1
20997,4436,1
20997,26416,1
20998,16943,1
20998,18119,1
20998,26205,1
20999,16483,1
20999,25994,1
21000,10901,1
21000,25783,1
21001,20774,1
21001,25572,1
21002,25361,1
21003,25150,1
21004,24939,1
21005,3613,1
21005,6117,1
21005,17320,1
21005,24728,1
21005,30850,1
21006,16684,1
21006,21858,1
21006,24517,1
21007,24306,1
21008,11280,1
21008,18957,1
21008,24095,1
21009,23884,1
21010,23673,1
21011,2352,1
21011,23462,1
21011,27426,1
21012,19246,1
21012,19837,1
21012,23251,1
21013,23040,1
21013,31438,1
21014,22829,1
21015,22618,1
21016,22407,1
21017,22196,1
21018,21985,1
21019,21774,1
21020,1171,1
21020,21563,1
21021,21352,1
21022,13206,1
21022,14518,1
21022,21141,1
21022,26876,1
21023,20930,1
21024,315,1
21024,20719,1
21025,1235,1
21025,20508,1
21026,20297,1
21027,11426,1
21027,20086,1
21027,23361,1
21028,2520,1
21028,13302,1
21028,19875,1
21029,19664,1
21029,32490,1
21030,17691,1
21030,19453,1
21031,521,1
21031,19242,1
21032,19031,1
21033,17221,1
21033,18820,1
21034,18609,1
21035,3975,1
21035,18398,1
21035,27980,1
21035,28171,1
21035,30188,1
21036,18187,1
21037,17976,1
21038,17765,1
21038,30417,1
21039,17554,1
21040,17343,1
21040,30899,1
21041,11850,1
21041,17132,1
21042,16921,1
21043,16710,1
21043,17676,1
21044,3277,1
21044,5596,1
21044,11617,1
21044,16499,1
21045,16288,1
21046,10923,1
21046,16077,1
21046,23200,1
21046,26753,1
21047,141,1
21047,15866,1
21047,27178,1
21048,8494,1
21048,15655,1
21049,15444,1
21050,13103,1
21050,15233,1
21051,15022,1
21051,25322,1
21052,10388,1
21052,14811,1
21053,14600,1
21053,26611,1
21053,28126,1
21054,2829,1
21054,14389,1
21054,31708,1
21055,12652,1
21055,14178,1
21056,13967,1
21057,13756,1
21058,12202,1
21058,13545,1
21059,13334,1
21060,12748,1
21060,13123,1
21060,31372,1
21061,12912,1
21062,8939,1
21062,12701,1
21062,14634,1
21063,12490,1
21063,25784,1
21064,12279,1
21065,12068,1
21066,11857,1
21067,11646,1
21067,24316,1
21067,30004,1
21068,11435,1
21068,14048,1
21068,24960,1
21069,11224,1
21069,29387,1
21070,11013,1
21071,10802,1
21072,10591,1
21073,7177,1
21073,10380,1
21073,28327,1
21074,10169,1
21075,5691,1
21075,8694,1
21075,9958,1
21076,9747,1
21077,9536,1
21077,28680,1
21078,5733,1
21078,9325,1
21079,9114,1
21079,26125,1
21080,8903,1
21081,8692,1
21081,10173,1
21082,8481,1
21083,8270,1
21083,32029,1
21084,8059,1
21084,28890,1
21084,30749,1
21085,7848,1
21085,9597,1
21085,25360,1
21086,7637,1
21086,21399,1
21087,2804,1
21087,7426,1
21088,7215,1
21088,32334,1
21089,7004,1
21089,18055,1
21090,6793,1
21091,2144,1
21091,6582,1
21091,32722,1
21092,6371,1
21092,17114,1
21092,27964,1
21093,6160,1
21093,18593,1
21093,19027,1
21093,24913,1
21094,5949,1
21095,5738,1
21095,8203,1
21096,3184,1
21096,5527,1
21097,5316,1
21097,5485,1
21098,826,1
21098,5105,1
21098,23458,1
21099,4894,1
21099,15549,1
21100,4683,1
21100,24921,1
21101,4472,1
21102,4261,1
21103,4050,1
21104,3839,1
21104,9187,1
21105,3628,1
21105,8171,1
21105,17447,1
21106,3417,1
21107,3206,1
21107,31654,1
21108,2995,1
21109,2784,1
21109,11847,1
21110,2573,1
21111,2362,1
21111,7857,1
21112,2151,1
21113,1940,1
21114,31,1
21114,1729,1
21115,1518,1
21116,1307,1
21117,1096,1
21117,26782,1
21118,885,1
21119,333,1
21119,674,1
21119,5537,1
21119,19952,1
21120,463,1
21120,29463,1
21121,252,1
21122,41,1
21122,28259,1
21123,32598,1
21124,2573,1
21124,3892,1
21124,5152,1
21124,32387,1
21125,19226,1
21125,32176,1
21126,21706,1
21126,31965,1
21127,4982,1
21127,7024,1
21127,31754,1
21128,31543,1
21129,9763,1
21129,31332,1
21130,20971,1
21130,21134,1
21130,31121,1
21131,30910,1
21132,13877,1
21132,19020,1
21132,30699,1
21133,30488,1
21134,30277,1
21135,30066,1
21136,16203,1
21136,29855,1
21137,29644,1
21138,29433,1
21139,9210,1
21139,29222,1
21140,29011,1
21141,4336,1
21141,11355,1
21141,15528,1
21141,28800,1
21142,21721,1
21142,28589,1
21143,14504,1
21143,28378,1
21144,28167,1
21145,16550,1
21145,21167,1
21145,27728,1
21145,27956,1
21146,27745,1
21147,7621,1
21147,8805,1
21147,27534,1
21148,6752,1
21148,15721,1
21148,23777,1
21148,27323,1
21148,31660,1
21149,27112,1
21150,26901,1
21151,26494,1
21151,26690,1
21151,31872,1
21152,26479,1
21153,25039,1
21153,26268,1
21154,19718,1
21154,25583,1
21154,26057,1
21155,10494,1
21155,25846,1
21156,25635,1
21157,25424,1
21158,16495,1
21158,25213,1
21159,25002,1
21160,22035,1
21160,24791,1
21161,20939,1
21161,24580,1
21161,29226,1
21162,24369,1
21163,1758,1
21163,24158,1
21163,28334,1
21164,23947,1
21165,20498,1
21165,23736,1
21166,23525,1
21167,1993,1
21167,12553,1
21167,23314,1
21168,23103,1
21169,22892,1
21170,22681,1
21171,22470,1
21172,22259,1
21173,5357,1
21173,22048,1
21174,12913,1
21174,21837,1
21175,21626,1
21175,22665,1
21176,21415,1
21177,21204,1
21178,12966,1
21178,20993,1
21179,10359,1
21179,20782,1
21180,20571,1
21180,27579,1
21181,20360,1
21182,20149,1
21183,19938,1
21184,19727,1
21184,20577,1
21185,15374,1
21185,19516,1
21186,8560,1
21186,10115,1
21186,10808,1
21186,19305,1
21187,4505,1
21187,19094,1
21187,19316,1
21188,18883,1
21189,18672,1
21190,8813,1
21190,18461,1
21190,18819,1
21190,22835,1
21191,18250,1
21192,18039,1
21193,17828,1
21193,28905,1
21194,1011,1
21194,17617,1
21195,17406,1
21195,29563,1
21196,17195,1
21196,25521,1
21197,16984,1
21197,29566,1
21198,16773,1
21199,16562,1
21200,6104,1
21200,16351,1
21201,16140,1
21201,24131,1
21202,15929,1
21203,15718,1
21203,20244,1
21204,15507,1
21205,15296,1
21206,15085,1
21207,14874,1
21207,20973,1
21208,726,1
21208,5680,1
21208,14663,1
21209,5864,1
21209,13260,1
21209,14452,1
21209,18830,1
21210,14241,1
21210,16341,1
21210,18191,1
21211,14030,1
21212,13819,1
21213,12279,1
21213,13608,1
21213,31116,1
21214,10175,1
21214,10210,1
21214,13397,1
21215,13186,1
21215,28799,1
21216,12975,1
21217,3862,1
21217,12764,1
21217,14306,1
21218,12553,1
21219,12342,1
21220,12131,1
21221,11920,1
21222,11709,1
21223,9918,1
21223,11498,1
21223,31598,1
21224,7053,1
21224,9064,1
21224,11287,1
21224,20102,1
21225,10842,1
21225,11076,1
21225,14396,1
21226,10865,1
21226,24247,1
21227,10654,1
21228,9320,1
21228,10443,1
21229,10232,1
21230,10021,1
21230,15968,1
21230,28292,1
21231,9810,1
21232,9599,1
21232,11400,1
21232,17974,1
21232,20981,1
21233,9388,1
21233,28079,1
21234,9177,1
21234,28017,1
21235,940,1
21235,8966,1
21235,25786,1
21236,8755,1
21236,24295,1
21237,8544,1
21237,18736,1
21238,8333,1
21238,20682,1
21239,7104,1
21239,8122,1
21239,17946,1
21239,31407,1
21240,7911,1
21240,22898,1
21241,3409,1
21241,7700,1
21242,7489,1
21243,7278,1
21243,27467,1
21243,32491,1
21244,7067,1
21245,6856,1
21246,6645,1
21247,6434,1
21248,6223,1
21248,30292,1
21249,6012,1
21249,29069,1
21250,5801,1
21251,4911,1
21251,5590,1
21252,5379,1
21253,4433,1
21253,5168,1
21253,13147,1
21254,4957,1
21255,4746,1
21255,5903,1
21255,14581,1
21256,4535,1
21257,2035,1
21257,4324,1
21257,6418,1
21257,12852,1
21258,4113,1
21259,3902,1
21260,3691,1
21261,3480,1
21261,3605,1
21261,13945,1
21262,3269,1
21262,6809,1
21262,10105,1
21262,19894,1
21263,3058,1
21264,2847,1
21265,2636,1
21266,2425,1
21267,2214,1
21268,2003,1
21268,5114,1
21268,24342,1
21268,27483,1
21269,1792,1
21270,1581,1
21270,6241,1
21270,28111,1
21271,1370,1
21271,7079,1
21271,19475,1
21272,1159,1
21272,20631,1
21272,26468,1
21273,948,1
21273,26292,1
21274,737,1
21275,526,1
21275,12690,1
21276,315,1
21276,19044,1
21277,104,1
21277,11294,1
21278,32661,1
21279,32450,1
21280,14991,1
21280,32239,1
21281,10331,1
21281,32028,1
21282,31817,1
21283,31606,1
21284,3891,1
21284,31395,1
21285,31184,1
21286,28081,1
21286,30973,1
21287,30738,1
21287,30762,1
21287,32553,1
21288,30551,1
21289,30340,1
21290,14438,1
21290,30129,1
21291,5672,1
21291,6704,1
21291,23416,1
21291,29918,1
21292,15056,1
21292,24262,1
21292,29707,1
21292,30716,1
21293,29496,1
21293,32225,1
21294,15244,1
21294,29285,1
21295,12213,1
21295,29074,1
21296,818,1
21296,28863,1
21297,28652,1
21297,28863,1
21298,28441,1
21299,12108,1
21299,16421,1
21299,28230,1
21299,30924,1
21300,28019,1
21301,27808,1
21301,32267,1
21302,17045,1
21302,27597,1
21302,29292,1
21303,7762,1
21303,27386,1
21304,24989,1
21304,27175,1
21305,5207,1
21305,26964,1
21305,32422,1
21306,16729,1
21306,26753,1
21307,26542,1
21308,26331,1
21309,26120,1
21309,28469,1
21310,25492,1
21310,25909,1
21311,25698,1
21312,10361,1
21312,14050,1
21312,25487,1
21313,24095,1
21313,25276,1
21314,4397,1
21314,25065,1
21315,24854,1
21316,8198,1
21316,21577,1
21316,24643,1
21317,24432,1
21318,24221,1
21319,5561,1
21319,24010,1
21320,12704,1
21320,23799,1
21321,2783,1
21321,5907,1
21321,23588,1
21321,26566,1
21322,23377,1
21323,4139,1
21323,17581,1
21323,23166,1
21323,28753,1
21324,14615,1
21324,22955,1
21325,22744,1
21326,21494,1
21326,22533,1
21327,19611,1
21327,22322,1
21328,3022,1
21328,22111,1
21329,21900,1
21330,21689,1
21330,24235,1
21330,25631,1
21331,9549,1
21331,21478,1
21332,21267,1
21333,8624,1
21333,21056,1
21334,2529,1
21334,20845,1
21334,31561,1
21335,20634,1
21336,20423,1
21336,28830,1
21337,20212,1
21338,20001,1
21339,19790,1
21340,19579,1
21341,19368,1
21342,19157,1
21343,18946,1
21344,1495,1
21344,8436,1
21344,18735,1
21344,23550,1
21345,18524,1
21346,18313,1
21346,22992,1
21347,18102,1
21347,28751,1
21348,17891,1
21348,24078,1
21349,9792,1
21349,17680,1
21350,17469,1
21350,22821,1
21351,17258,1
21352,17047,1
21352,19187,1
21352,28503,1
21353,16836,1
21354,3848,1
21354,16625,1
21355,16414,1
21356,9843,1
21356,16203,1
21357,11048,1
21357,13309,1
21357,15992,1
21358,15781,1
21359,15570,1
21359,24280,1
21360,15359,1
21360,19873,1
21360,28975,1
21361,15148,1
21362,342,1
21362,14937,1
21363,2817,1
21363,14726,1
21364,14515,1
21365,14304,1
21366,14093,1
21367,13882,1
21368,13671,1
21369,13460,1
21369,23383,1
21369,30552,1
21370,13249,1
21371,13038,1
21372,11202,1
21372,12516,1
21372,12827,1
21373,12616,1
21374,12405,1
21374,22799,1
21374,27121,1
21375,1196,1
21375,12194,1
21376,1823,1
21376,11983,1
21376,19234,1
21377,3013,1
21377,11772,1
21378,11561,1
21378,31419,1
21378,32303,1
21379,11350,1
21380,679,1
21380,11139,1
21381,4760,1
21381,10928,1
21381,21507,1
21382,10717,1
21382,23005,1
21383,10506,1
21383,11232,1
21383,29016,1
21384,10295,1
21385,10084,1
21385,30401,1
21386,9873,1
21386,12063,1
21386,12673,1
21386,24834,1
21386,25308,1
21387,9662,1
21388,2721,1
21388,9451,1
21389,272,1
21389,9240,1
21389,23969,1
21390,4025,1
21390,4525,1
21390,9029,1
21391,8818,1
21392,8607,1
21393,8396,1
21393,14320,1
21394,8185,1
21395,7133,1
21395,7974,1
21395,17475,1
21396,7763,1
21396,10370,1
21396,31553,1
21397,7552,1
21398,7341,1
21399,7130,1
21399,28227,1
21400,6919,1
21400,25246,1
21401,6708,1
21401,6875,1
21401,17144,1
21402,6497,1
21402,15162,1
21403,6286,1
21403,25964,1
21404,6075,1
21405,5864,1
21406,5653,1
21407,5442,1
21407,10435,1
21408,5231,1
21409,5020,1
21409,18036,1
21410,4809,1
21411,4598,1
21411,9511,1
21412,4387,1
21412,17311,1
21413,4176,1
21413,15301,1
21414,3965,1
21415,3393,1
21415,3754,1
21415,22762,1
21416,1696,1
21416,3543,1
21416,13634,1
21417,3332,1
21417,9930,1
21417,12898,1
21418,3121,1
21418,12420,1
21419,572,1
21419,2910,1
21420,2699,1
21420,5795,1
21420,10147,1
21421,2488,1
21421,15157,1
21421,16090,1
21422,2277,1
21423,2066,1
21423,7115,1
21424,1855,1
21424,18232,1
21425,1644,1
21425,31486,1
21426,1433,1
21426,4692,1
21427,1222,1
21427,17107,1
21427,26447,1
21428,1011,1
21428,11513,1
21428,15567,1
21429,800,1
21429,14191,1
21429,14276,1
21429,31792,1
21430,589,1
21430,16662,1
21431,378,1
21431,19907,1
21431,22868,1
21431,26819,1
21432,167,1
21432,2712,1
21432,14374,1
21433,32724,1
21434,32513,1
21435,1976,1
21435,32302,1
21436,32091,1
21437,31880,1
21438,31669,1
21439,8120,1
21439,31458,1
21440,31247,1
21441,27015,1
21441,31036,1
21442,28569,1
21442,30825,1
21442,31127,1
21443,1488,1
21443,30614,1
21444,30403,1
21445,3823,1
21445,6469,1
21445,14460,1
21445,30192,1
21446,17563,1
21446,29981,1
21447,21849,1
21447,29770,1
21448,23113,1
21448,29559,1
21449,29348,1
21450,29137,1
21451,1633,1
21451,28926,1
21452,28715,1
21453,4627,1
21453,28504,1
21454,9669,1
21454,22324,1
21454,28293,1
21455,28082,1
21456,27480,1
21456,27871,1
21457,12944,1
21457,27660,1
21458,27449,1
21459,3458,1
21459,17352,1
21459,27238,1
21460,27027,1
21461,26816,1
21462,16339,1
21462,26178,1
21462,26605,1
21462,31112,1
21463,26394,1
21464,26183,1
21465,827,1
21465,3469,1
21465,17849,1
21465,25972,1
21466,25091,1
21466,25761,1
21467,25550,1
21468,1076,1
21468,3225,1
21468,25010,1
21468,25339,1
21469,25128,1
21470,23769,1
21470,24917,1
21471,24706,1
21471,29042,1
21472,14895,1
21472,24495,1
21472,32262,1
21473,24284,1
21474,24073,1
21475,4073,1
21475,23862,1
21476,23651,1
21477,23440,1
21477,23598,1
21478,17598,1
21478,23229,1
21479,23018,1
21480,4816,1
21480,22807,1
21481,22596,1
21482,6465,1
21482,8980,1
21482,20610,1
21482,21472,1
21482,22385,1
21483,22174,1
21484,21963,1
21485,2763,1
21485,13195,1
21485,21752,1
21486,21541,1
21486,32330,1
21487,16510,1
21487,21330,1
21488,21119,1
21489,343,1
21489,20908,1
21489,23778,1
21490,20697,1
21491,20486,1
21491,21592,1
21491,32737,1
21492,20275,1
21493,20064,1
21494,18746,1
21494,19853,1
21495,19642,1
21496,2651,1
21496,19431,1
21497,1281,1
21497,18424,1
21497,19220,1
21497,24441,1
21498,19009,1
21498,23765,1
21499,18798,1
21500,18587,1
21501,16703,1
21501,18376,1
21502,18165,1
21502,23083,1
21503,4642,1
21503,17954,1
21504,12525,1
21504,17743,1
21505,17532,1
21506,17321,1
21507,17110,1
21507,30869,1
21508,16899,1
21509,16688,1
21509,26056,1
21509,27225,1
21509,28795,1
21510,16477,1
21510,29887,1
21511,2024,1
21511,16266,1
21511,23540,1
21512,5363,1
21512,16055,1
21512,26899,1
21513,15844,1
21514,15633,1
21515,10860,1
21515,15422,1
21516,2964,1
21516,15211,1
21517,7331,1
21517,13475,1
21517,15000,1
21518,9351,1
21518,14789,1
21519,14578,1
21519,15799,1
21520,14367,1
21521,14156,1
21521,22871,1
21522,13945,1
21523,13734,1
21524,13523,1
21524,29745,1
21525,13312,1
21525,20564,1
21525,31088,1
21526,13101,1
21527,12890,1
21528,12679,1
21529,8534,1
21529,12468,1
21530,12257,1
21530,13600,1
21531,12046,1
21531,17982,1
21532,11835,1
21533,11624,1
21533,26541,1
21534,11413,1
21535,11202,1
21536,10991,1
21536,31261,1
21537,10780,1
21538,10569,1
21538,14706,1
21538,18663,1
21539,10358,1
21540,2618,1
21540,10147,1
21541,9936,1
21542,9725,1
21543,9514,1
21544,3471,1
21544,7130,1
21544,9303,1
21545,9092,1
21546,8881,1
21546,21131,1
21546,23321,1
21546,27499,1
21547,8670,1
21548,8459,1
21548,14168,1
21548,15657,1
21548,30902,1
21549,6879,1
21549,8248,1
21549,30770,1
21550,8037,1
21550,18716,1
21550,20349,1
21551,7826,1
21552,7615,1
21553,7404,1
21553,14239,1
21554,7193,1
21555,6982,1
21555,29707,1
21556,6771,1
21556,11187,1
21557,6560,1
21558,879,1
21558,6349,1
21558,17738,1
21559,6138,1
21559,13313,1
21560,5927,1
21561,5716,1
21561,21591,1
21562,5505,1
21563,5294,1
21563,14339,1
21563,25363,1
21564,5083,1
21564,5583,1
21564,10363,1
21564,12778,1
21565,4872,1
21565,14492,1
21565,19290,1
21565,32591,1
21566,4661,1
21567,4450,1
21567,18953,1
21567,28016,1
21568,4239,1
21569,4028,1
21569,6330,1
21570,3446,1
21570,3817,1
21570,15823,1
21570,24254,1
21570,25426,1
21571,3606,1
21571,12431,1
21572,3395,1
21573,3184,1
21573,24576,1
21574,2973,1
21574,9251,1
21574,9484,1
21574,9601,1
21575,2762,1
21575,20428,1
21576,2551,1
21577,2340,1
21577,14167,1
21578,2129,1
21578,4881,1
21578,23846,1
21578,30165,1
21579,1918,1
21580,1707,1
21580,17766,1
21580,32145,1
21581,1496,1
21581,32024,1
21582,1285,1
21582,15179,1
21583,1074,1
21583,3986,1
21583,14234,1
21583,30164,1
21584,863,1
21584,4996,1
21584,11614,1
21584,13122,1
21584,23868,1
21585,652,1
21586,441,1
21586,1015,1
21586,1086,1
21586,1360,1
21587,230,1
21587,27503,1
21588,19,1
21589,20455,1
21589,32002,1
21589,32576,1
21590,2417,1
21590,32365,1
21591,2693,1
21591,4266,1
21591,11204,1
21591,27196,1
21591,32154,1
21592,31943,1
21593,1458,1
21593,7255,1
21593,24740,1
21593,31732,1
21594,31521,1
21595,31310,1
21596,546,1
21596,6682,1
21596,7995,1
21596,31099,1
21597,30888,1
21598,30677,1
21599,29698,1
21599,30466,1
21600,30255,1
21601,9559,1
21601,30044,1
21602,6155,1
21602,18685,1
21602,24784,1
21602,29833,1
21603,10869,1
21603,13331,1
21603,29622,1
21603,32609,1
21604,29411,1
21605,20456,1
21605,29200,1
21606,28989,1
21607,28778,1
21608,23105,1
21608,28567,1
21609,28356,1
21609,32140,1
21610,19622,1
21610,28145,1
21611,13954,1
21611,16006,1
21611,27934,1
21612,27723,1
21613,27512,1
21614,27301,1
21615,19702,1
21615,22442,1
21615,27090,1
21616,18260,1
21616,26879,1
21617,26668,1
21618,26457,1
21619,4743,1
21619,9576,1
21619,26246,1
21620,3502,1
21620,9943,1
21620,26035,1
21620,32627,1
21621,25824,1
21621,29751,1
21622,21262,1
21622,25613,1
21623,12369,1
21623,25402,1
21624,24462,1
21624,25191,1
21625,7615,1
21625,24980,1
21626,23966,1
21626,24769,1
21627,24558,1
21628,2258,1
21628,24347,1
21629,22912,1
21629,24136,1
21630,23925,1
21630,24584,1
21631,23714,1
21632,23503,1
21633,3832,1
21633,23292,1
21633,28199,1
21634,3433,1
21634,5997,1
21634,23081,1
21635,22870,1
21635,31661,1
21636,9265,1
21636,22659,1
21637,22448,1
21638,21084,1
21638,22237,1
21638,22588,1
21639,22026,1
21640,21815,1
21640,28236,1
21641,15991,1
21641,21604,1
21642,21393,1
21642,31609,1
21643,21182,1
21644,20971,1
21645,20760,1
21646,20549,1
21647,10575,1
21647,20338,1
21648,20127,1
21648,23314,1
21649,19916,1
21650,19705,1
21651,6152,1
21651,19494,1
21652,16856,1
21652,19283,1
21653,19072,1
21654,18861,1
21654,18911,1
21655,7542,1
21655,18650,1
21656,2582,1
21656,18439,1
21656,31852,1
21657,18228,1
21658,640,1
21658,5264,1
21658,15318,1
21658,18017,1
21659,17806,1
21660,4099,1
21660,17122,1
21660,17595,1
21661,1381,1
21661,17384,1
21662,17173,1
21662,20177,1
21662,29413,1
21663,16962,1
21664,16751,1
21665,16540,1
21666,3226,1
21666,16329,1
21666,26639,1
21666,27634,1
21667,16118,1
21668,15907,1
21669,15581,1
21669,15696,1
21670,15485,1
21670,29827,1
21671,15274,1
21671,15675,1
21672,14027,1
21672,15063,1
21672,16637,1
21673,147,1
21673,13649,1
21673,14852,1
21674,14641,1
21674,30464,1
21675,14185,1
21675,14430,1
21676,10464,1
21676,14219,1
21676,19940,1
21677,14008,1
21678,13797,1
21678,22804,1
21678,29155,1
21679,13586,1
21680,13375,1
21681,13164,1
21681,20842,1
21682,12953,1
21683,12742,1
21684,12531,1
21685,12320,1
21686,12109,1
21686,18998,1
21686,27231,1
21687,4222,1
21687,11898,1
21688,11687,1
21688,31146,1
21689,7998,1
21689,11476,1
21690,6740,1
21690,11265,1
21690,15976,1
21690,22245,1
21691,11054,1
21691,18768,1
21692,6242,1
21692,10843,1
21693,10632,1
21693,14944,1
21694,10421,1
21695,6324,1
21695,10210,1
21695,15469,1
21696,8759,1
21696,9999,1
21697,9788,1
21697,17461,1
21698,9577,1
21699,9366,1
21699,11363,1
21699,21568,1
21700,9155,1
21700,11370,1
21700,19066,1
21701,8944,1
21702,8733,1
21702,29475,1
21703,8522,1
21704,8311,1
21705,8100,1
21705,8300,1
21705,16349,1
21705,24787,1
21706,7889,1
21707,7678,1
21707,15471,1
21708,7467,1
21709,7256,1
21709,15828,1
21710,7045,1
21711,6834,1
21712,6623,1
21712,18038,1
21713,6412,1
21714,6201,1
21715,3192,1
21715,5990,1
21716,5779,1
21717,5568,1
21718,5357,1
21718,30405,1
21719,5146,1
21720,4935,1
21720,9858,1
21720,12212,1
21721,1349,1
21721,4724,1
21722,4513,1
21723,4302,1
21724,4091,1
21724,13149,1
21724,24926,1
21724,30864,1
21725,3880,1
21726,3669,1
21726,10136,1
21727,3458,1
21728,3247,1
21728,6555,1
21728,7639,1
21729,3036,1
21729,22447,1
21730,2825,1
21731,2614,1
21731,3740,1
21732,2403,1
21732,9772,1
21732,17904,1
21733,2192,1
21733,7916,1
21733,31765,1
21734,1981,1
21734,2566,1
21735,1770,1
21735,21702,1
21735,28378,1
21735,31912,1
21736,1559,1
21736,3943,1
21736,6711,1
21736,16596,1
21737,1348,1
21737,15869,1
21738,1137,1
21739,926,1
21740,715,1
21741,504,1
21742,293,1
21743,82,1
21743,11473,1
21743,23949,1
21743,24265,1
21744,32639,1
21745,32428,1
21746,32217,1
21747,32006,1
21748,19980,1
21748,27791,1
21748,31795,1
21749,17000,1
21749,28563,1
21749,31584,1
21750,11553,1
21750,17176,1
21750,31373,1
21751,31162,1
21752,1828,1
21752,26695,1
21752,30951,1
21753,14951,1
21753,21667,1
21753,30740,1
21754,30529,1
21755,15091,1
21755,16126,1
21755,30318,1
21756,13116,1
21756,26313,1
21756,30107,1
21757,29896,1
21757,32175,1
21758,21917,1
21758,29685,1
21759,29474,1
21760,29263,1
21761,3660,1
21761,29052,1
21762,4411,1
21762,9751,1
21762,15695,1
21762,28841,1
21763,28630,1
21764,28419,1
21764,28874,1
21765,2683,1
21765,16879,1
21765,28208,1
21766,27997,1
21767,27786,1
21768,32,1
21768,13370,1
21768,27575,1
21769,6276,1
21769,27364,1
21770,27153,1
21771,26942,1
21772,14690,1
21772,26731,1
21772,30533,1
21773,26520,1
21774,26309,1
21775,23911,1
21775,26098,1
21776,13789,1
21776,25887,1
21777,4601,1
21777,22021,1
21777,22216,1
21777,25676,1
21778,7777,1
21778,25465,1
21779,9362,1
21779,12140,1
21779,25254,1
21780,22443,1
21780,25043,1
21781,1419,1
21781,24832,1
21782,24621,1
21783,24410,1
21784,24199,1
21785,23988,1
21786,11959,1
21786,16953,1
21786,17750,1
21786,23777,1
21787,2848,1
21787,23566,1
21788,961,1
21788,1021,1
21788,23355,1
21789,23144,1
21790,22933,1
21790,24612,1
21790,25808,1
21791,3938,1
21791,12593,1
21791,17044,1
21791,22722,1
21792,22034,1
21792,22511,1
21793,22300,1
21794,22089,1
21795,21878,1
21796,15902,1
21796,21667,1
21797,9614,1
21797,21456,1
21797,28380,1
21798,4109,1
21798,10654,1
21798,13262,1
21798,21245,1
21798,29764,1
21799,21034,1
21800,8661,1
21800,20823,1
21801,20303,1
21801,20612,1
21802,5916,1
21802,11580,1
21802,20401,1
21803,20190,1
21803,27293,1
21804,19979,1
21805,19768,1
21805,25377,1
21806,19557,1
21807,19346,1
21808,19135,1
21809,18924,1
21810,18713,1
21811,6479,1
21811,14486,1
21811,18502,1
21811,28963,1
21811,31154,1
21812,7368,1
21812,12355,1
21812,18291,1
21813,6426,1
21813,18080,1
21813,23331,1
21814,12903,1
21814,17869,1
21814,19468,1
21814,30540,1
21815,355,1
21815,12208,1
21815,17658,1
21816,17447,1
21816,25706,1
21816,27442,1
21816,29138,1
21817,17236,1
21818,777,1
21818,17025,1
21819,8562,1
21819,14155,1
21819,16814,1
21819,26984,1
21820,16603,1
21821,9190,1
21821,10379,1
21821,16392,1
21822,16181,1
21823,15970,1
21824,3652,1
21824,10725,1
21824,15759,1
21825,6670,1
21825,7914,1
21825,15548,1
21825,15820,1
21825,20051,1
21826,15337,1
21826,28785,1
21827,15126,1
21827,18773,1
21827,21851,1
21827,25895,1
21827,32351,1
21827,32564,1
21828,2908,1
21828,14915,1
21829,14704,1
21830,14493,1
21831,14282,1
21832,14071,1
21833,13860,1
21834,13649,1
21835,13438,1
21835,31402,1
21836,13227,1
21836,24723,1
21836,27029,1
21837,13016,1
21837,23683,1
21838,6944,1
21838,7571,1
21838,12805,1
21838,13861,1
21839,12594,1
21839,32727,1
21840,12383,1
21840,15127,1
21840,29515,1
21840,29701,1
21840,32014,1
21841,9847,1
21841,10904,1
21841,12172,1
21842,5203,1
21842,11961,1
21842,22880,1
21843,9223,1
21843,11750,1
21844,10151,1
21844,11539,1
21844,18247,1
21845,2608,1
21845,11328,1
21845,17480,1
21846,11117,1
21847,10906,1
21847,32721,1
21848,10695,1
21848,17675,1
21849,10484,1
21849,24350,1
21850,10273,1
21851,10062,1
21851,14617,1
21851,21086,1
21851,23892,1
21852,9851,1
21853,1794,1
21853,9640,1
21854,9429,1
21855,9218,1
21855,20999,1
21856,7514,1
21856,9007,1
21856,23405,1
21857,8796,1
21858,697,1
21858,8585,1
21858,22350,1
21859,4306,1
21859,8374,1
21859,9247,1
21859,17586,1
21860,8163,1
21860,20855,1
21860,31000,1
21861,7952,1
21862,7741,1
21862,26699,1
21863,7530,1
21864,7319,1
21864,15889,1
21864,29447,1
21864,29690,1
21865,7108,1
21865,21132,1
21866,6897,1
21867,6686,1
21868,4148,1
21868,6475,1
21868,16162,1
21869,6264,1
21870,6053,1
21870,26640,1
21870,29719,1
21871,5842,1
21871,11714,1
21872,5631,1
21872,24133,1
21873,5420,1
21874,5209,1
21874,10757,1
21875,4998,1
21876,4787,1
21876,5450,1
21877,4290,1
21877,4576,1
21878,4365,1
21879,1652,1
21879,4154,1
21879,25407,1
21880,3943,1
21880,8898,1
21880,9363,1
21881,3732,1
21881,29730,1
21882,3521,1
21882,27431,1
21883,3310,1
21883,9925,1
21883,12338,1
21883,31690,1
21884,3099,1
21885,2888,1
21885,19716,1
21886,2677,1
21886,9292,1
21886,16680,1
21886,16794,1
21887,2466,1
21888,2255,1
21888,28828,1
21889,2044,1
21890,1833,1
21891,1622,1
21891,23622,1
21892,1411,1
21893,1200,1
21893,22057,1
21894,989,1
21894,24136,1
21895,778,1
21895,3224,1
21896,567,1
21896,19125,1
21896,31864,1
21897,356,1
21897,12725,1
21897,25033,1
21897,30747,1
21898,145,1
21898,8459,1
21898,10745,1
21898,24203,1
21898,30245,1
21899,2018,1
21899,32702,1
21900,15797,1
21900,24653,1
21900,32491,1
21901,19767,1
21901,27830,1
21901,32280,1
21902,32069,1
21903,31858,1
21904,6381,1
21904,8981,1
21904,31647,1
21905,31436,1
21906,31225,1
21907,21996,1
21907,31014,1
21908,25715,1
21908,30803,1
21909,30592,1
21910,28059,1
21910,30381,1
21911,2844,1
21911,13735,1
21911,21779,1
21911,30170,1
21912,17674,1
21912,29959,1
21913,27989,1
21913,29748,1
21914,19613,1
21914,21728,1
21914,29537,1
21915,21892,1
21915,29326,1
21916,2635,1
21916,11520,1
21916,25335,1
21916,29115,1
21917,6666,1
21917,28904,1
21918,28693,1
21919,28482,1
21920,28271,1
21921,28060,1
21922,329,1
21922,27849,1
21922,32661,1
21923,349,1
21923,27638,1
21924,18368,1
21924,27427,1
21925,27216,1
21926,4588,1
21926,27005,1
21927,314,1
21927,26794,1
21928,26583,1
21929,26372,1
21930,7793,1
21930,25618,1
21930,26161,1
21931,22248,1
21931,25950,1
21932,25739,1
21933,10070,1
21933,25528,1
21934,12209,1
21934,25317,1
21935,25106,1
21936,24895,1
21937,24684,1
21938,17464,1
21938,19747,1
21938,24473,1
21939,22621,1
21939,24262,1
21940,22009,1
21940,24051,1
21941,23151,1
21941,23840,1
21942,3536,1
21942,20143,1
21942,23594,1
21942,23629,1
21943,23418,1
21944,9448,1
21944,23207,1
21945,15088,1
21945,19371,1
21945,22463,1
21945,22996,1
21945,25944,1
21946,2255,1
21946,12026,1
21946,18508,1
21946,22785,1
21946,29657,1
21947,4543,1
21947,22574,1
21948,22363,1
21949,22152,1
21949,25608,1
21950,21941,1
21950,29302,1
21951,16277,1
21951,21730,1
21952,12042,1
21952,21519,1
21953,21308,1
21953,26417,1
21953,27094,1
21954,21097,1
21954,31995,1
21955,20886,1
21955,23097,1
21956,20675,1
21957,1819,1
21957,18676,1
21957,20033,1
21957,20464,1
21958,20253,1
21958,24393,1
21959,7355,1
21959,20042,1
21960,19831,1
21961,12252,1
21961,17840,1
21961,19620,1
21961,21384,1
21962,2213,1
21962,19409,1
21962,19568,1
21963,19198,1
21963,23578,1
21964,18987,1
21965,6484,1
21965,12751,1
21965,18776,1
21966,13631,1
21966,18565,1
21967,18354,1
21968,7736,1
21968,10485,1
21968,18143,1
21969,17170,1
21969,17932,1
21970,9214,1
21970,17721,1
21970,26561,1
21971,17510,1
21971,25247,1
21972,17299,1
21973,17088,1
21973,22150,1
21973,31505,1
21974,16877,1
21974,22407,1
21975,4857,1
21975,16666,1
21976,16455,1
21977,16244,1
21978,14640,1
21978,16033,1
21979,15822,1
21979,19021,1
21979,20326,1
21980,15611,1
21981,15400,1
21981,27198,1
21982,2476,1
21982,11988,1
21982,15189,1
21982,24829,1
21983,14978,1
21984,14767,1
21985,14556,1
21985,29947,1
21986,14345,1
21987,3915,1
21987,10592,1
21987,14134,1
21988,9978,1
21988,13923,1
21988,25493,1
21988,32259,1
21989,13712,1
21990,1351,1
21990,13501,1
21991,13290,1
21991,14621,1
21992,13079,1
21993,12868,1
21993,25052,1
21994,3289,1
21994,12657,1
21995,4949,1
21995,12446,1
21995,29362,1
21996,12235,1
21997,3267,1
21997,12024,1
21998,60,1
21998,11813,1
21998,21928,1
21999,11602,1
22000,11391,1
22001,11180,1
22001,18407,1
22001,25692,1
22002,6918,1
22002,10969,1
22002,28061,1
22003,10758,1
22003,30069,1
22004,1713,1
22004,10547,1
22005,10336,1
22005,13188,1
22006,9270,1
22006,10125,1
22007,9914,1
22007,12092,1
22008,9703,1
22009,9492,1
22009,14393,1
22010,9281,1
22011,1753,1
22011,8243,1
22011,9070,1
22012,8859,1
22012,27189,1
22013,8648,1
22014,4461,1
22014,8437,1
22015,8226,1
22016,8015,1
22016,27816,1
22017,3647,1
22017,7804,1
22018,7593,1
22019,7382,1
22019,10472,1
22019,14033,1
22020,7171,1
22021,6960,1
22021,14880,1
22021,23794,1
22021,27778,1
22022,6749,1
22022,22713,1
22023,2196,1
22023,6538,1
22023,18780,1
22023,19015,1
22023,19079,1
22023,21073,1
22023,22041,1
22024,6327,1
22025,6116,1
22026,5905,1
22026,13125,1
22027,5694,1
22028,5483,1
22029,2703,1
22029,5272,1
22030,5061,1
22031,4850,1
22031,23847,1
22031,27245,1
22031,31515,1
22032,4639,1
22033,4428,1
22033,24801,1
22033,30211,1
22034,4217,1
22034,19691,1
22035,4006,1
22036,3795,1
22036,7814,1
22037,3584,1
22038,3373,1
22038,24598,1
22039,3162,1
22039,5915,1
22040,2951,1
22040,7023,1
22040,20134,1
22041,938,1
22041,2740,1
22042,2529,1
22042,15423,1
22042,21015,1
22043,2318,1
22044,2107,1
22045,1896,1
22045,17238,1
22046,1685,1
22046,26634,1
22047,1474,1
22048,1263,1
22048,30170,1
22049,862,1
22049,1052,1
22050,841,1
22051,630,1
22051,7229,1
22051,28672,1
22052,419,1
22052,18152,1
22053,208,1
22053,27032,1
22053,31876,1
22054,2819,1
22054,32765,1
22055,2527,1
22055,32355,1
22055,32554,1
22056,32343,1
22057,32132,1
22058,16158,1
22058,31921,1
22059,31710,1
22060,31499,1
22061,3608,1
22061,31288,1
22062,2828,1
22062,11159,1
22062,31077,1
22063,30866,1
22064,2066,1
22064,4825,1
22064,30655,1
22065,12781,1
22065,30444,1
22066,6033,1
22066,21241,1
22066,30233,1
22067,21217,1
22067,30022,1
22068,29811,1
22069,12524,1
22069,29600,1
22070,4187,1
22070,29389,1
22071,29178,1
22072,28967,1
22073,15841,1
22073,28756,1
22073,30368,1
22074,25150,1
22074,28545,1
22075,15626,1
22075,28334,1
22075,29710,1
22076,28123,1
22077,24003,1
22077,25592,1
22077,27912,1
22078,27701,1
22079,27490,1
22080,27279,1
22080,31359,1
22081,27068,1
22082,3406,1
22082,18479,1
22082,26857,1
22083,9185,1
22083,26646,1
22084,17687,1
22084,26435,1
22085,26224,1
22085,29814,1
22086,20665,1
22086,26013,1
22087,25802,1
22088,21317,1
22088,24938,1
22088,25591,1
22089,25380,1
22090,20845,1
22090,25169,1
22090,29703,1
22091,42,1
22091,24958,1
22092,2518,1
22092,24747,1
22093,24536,1
22094,16740,1
22094,24325,1
22095,18714,1
22095,22142,1
22095,24114,1
22096,13404,1
22096,23903,1
22096,30637,1
22097,23692,1
22097,28763,1
22098,747,1
22098,22768,1
22098,23481,1
22099,10634,1
22099,23270,1
22100,23059,1
22101,22138,1
22101,22848,1
22102,22637,1
22103,22426,1
22104,22215,1
22105,22004,1
22106,21793,1
22107,21582,1
22107,32610,1
22108,2310,1
22108,21371,1
22108,32329,1
22109,21160,1
22109,21395,1
22109,21780,1
22110,6273,1
22110,13711,1
22110,19791,1
22110,20949,1
22110,23586,1
22110,30454,1
22111,20738,1
22112,20527,1
22113,20316,1
22113,26377,1
22114,1441,1
22114,20105,1
22115,19894,1
22116,19683,1
22117,4691,1
22117,19472,1
22117,20218,1
22118,19261,1
22119,537,1
22119,6699,1
22119,19050,1
22120,18839,1
22120,32754,1
22121,13854,1
22121,18628,1
22121,23543,1
22122,2123,1
22122,15948,1
22122,18417,1
22122,19322,1
22122,21117,1
22123,18206,1
22124,17995,1
22125,17784,1
22126,5153,1
22126,17573,1
22126,24842,1
22127,17362,1
22128,17151,1
22129,15287,1
22129,16940,1
22130,4772,1
22130,16729,1
22131,16518,1
22131,23114,1
22132,5489,1
22132,16307,1
22133,16096,1
22134,3173,1
22134,11516,1
22134,15885,1
22134,15897,1
22135,15674,1
22136,14465,1
22136,15463,1
22136,19812,1
22136,20211,1
22137,15252,1
22138,15041,1
22138,32648,1
22139,9382,1
22139,14830,1
22140,14619,1
22141,14408,1
22141,28729,1
22142,11865,1
22142,14197,1
22143,13986,1
22143,16718,1
22144,829,1
22144,13775,1
22144,28719,1
22145,13564,1
22145,25836,1
22146,1520,1
22146,13353,1
22147,3597,1
22147,13142,1
22147,20374,1
22147,28196,1
22148,12931,1
22149,12720,1
22150,12509,1
22151,2170,1
22151,12298,1
22151,17937,1
22152,104,1
22152,12087,1
22152,14538,1
22152,14760,1
22153,11738,1
22153,11876,1
22154,11665,1
22155,7931,1
22155,11454,1
22155,23725,1
22156,4272,1
22156,11243,1
22156,17632,1
22157,11032,1
22157,25105,1
22158,10821,1
22159,10610,1
22160,10399,1
22161,10188,1
22162,9977,1
22163,3077,1
22163,9766,1
22163,16312,1
22163,31589,1
22164,8382,1
22164,9555,1
22164,32565,1
22165,1122,1
22165,9344,1
22165,17624,1
22166,1631,1
22166,9133,1
22167,8922,1
22167,24682,1
22168,8711,1
22168,14284,1
22169,8500,1
22170,1416,1
22170,8289,1
22171,8078,1
22172,7867,1
22172,9633,1
22173,7656,1
22173,25846,1
22174,7445,1
22174,16979,1
22175,7234,1
22175,13535,1
22175,22883,1
22176,7023,1
22177,6812,1
22177,13594,1
22178,6601,1
22178,20014,1
22179,6390,1
22180,6179,1
22181,5968,1
22181,25072,1
22182,5757,1
22183,4114,1
22183,5546,1
22184,5335,1
22184,24809,1
22185,5124,1
22185,8762,1
22185,20019,1
22186,1670,1
22186,4913,1
22186,21068,1
22187,4702,1
22188,4491,1
22188,6865,1
22189,2591,1
22189,4280,1
22189,13661,1
22189,21510,1
22190,4069,1
22191,3858,1
22192,3647,1
22193,2008,1
22193,3436,1
22193,8352,1
22193,12576,1
22193,22576,1
22194,3225,1
22194,13184,1
22194,23481,1
22195,3014,1
22195,11378,1
22195,25893,1
22196,2803,1
22196,27962,1
22197,306,1
22197,2592,1
22197,28475,1
22198,2043,1
22198,2381,1
22198,2634,1
22198,22551,1
22198,30824,1
22198,32121,1
22199,2170,1
22200,715,1
22200,1959,1
22200,4143,1
22201,1748,1
22202,1537,1
22202,11469,1
22203,1326,1
22203,23773,1
22203,31725,1
22204,448,1
22204,1115,1
22205,904,1
22206,693,1
22206,17947,1
22206,22434,1
22207,482,1
22208,271,1
22208,12909,1
22209,60,1
22209,27400,1
22210,252,1
22210,3907,1
22210,20146,1
22210,32617,1
22211,26901,1
22211,32406,1
22212,32195,1
22213,31984,1
22214,31773,1
22215,26697,1
22215,31562,1
22216,5967,1
22216,25122,1
22216,31351,1
22217,31140,1
22218,30929,1
22219,30718,1
22220,4063,1
22220,30507,1
22221,27307,1
22221,30296,1
22222,28648,1
22222,30085,1
22223,11121,1
22223,16858,1
22223,29874,1
22224,29663,1
22225,27394,1
22225,29452,1
22225,30124,1
22226,29241,1
22227,13487,1
22227,29030,1
22228,7383,1
22228,28819,1
22229,1176,1
22229,8278,1
22229,28608,1
22230,19109,1
22230,28397,1
22231,28186,1
22231,30311,1
22232,7604,1
22232,14858,1
22232,27975,1
22232,28492,1
22233,27764,1
22234,13800,1
22234,27553,1
22234,28817,1
22235,27342,1
22236,27131,1
22237,16075,1
22237,26920,1
22238,10667,1
22238,26467,1
22238,26709,1
22239,4686,1
22239,26498,1
22240,15350,1
22240,26287,1
22241,26076,1
22242,13029,1
22242,25865,1
22243,18442,1
22243,25654,1
22244,22077,1
22244,25443,1
22244,28020,1
22245,8458,1
22245,12394,1
22245,14969,1
22245,25232,1
22246,14802,1
22246,25021,1
22247,24810,1
22248,8328,1
22248,24599,1
22249,6708,1
22249,24388,1
22249,29061,1
22250,24177,1
22250,28115,1
22251,233,1
22251,22278,1
22251,23966,1
22252,23755,1
22253,23544,1
22254,13763,1
22254,23333,1
22254,26055,1
22255,23122,1
22256,22911,1
22257,22700,1
22258,22489,1
22259,22278,1
22260,15269,1
22260,22067,1
22261,11782,1
22261,21856,1
22262,5716,1
22262,10014,1
22262,21645,1
22263,21434,1
22263,28302,1
22263,29325,1
22264,17355,1
22264,21223,1
22265,3732,1
22265,21012,1
22266,20801,1
22266,32137,1
22267,20590,1
22267,29111,1
22268,20379,1
22269,13101,1
22269,20168,1
22270,19957,1
22271,9104,1
22271,11392,1
22271,14160,1
22271,19746,1
22272,7034,1
22272,19535,1
22272,26811,1
22273,11253,1
22273,11717,1
22273,19324,1
22273,19870,1
22273,22291,1
22274,19113,1
22275,18902,1
22276,18691,1
22276,31290,1
22276,32061,1
22277,2736,1
22277,11477,1
22277,11916,1
22277,18480,1
22278,18269,1
22278,22897,1
22279,18058,1
22280,17847,1
22280,27045,1
22281,17636,1
22282,17425,1
22283,12797,1
22283,17214,1
22284,17003,1
22285,15772,1
22285,16792,1
22285,24057,1
22286,15357,1
22286,16581,1
22286,17945,1
22286,19525,1
22286,27142,1
22287,16370,1
22287,20113,1
22288,15938,1
22288,16159,1
22289,15948,1
22290,15737,1
22290,25658,1
22291,15526,1
22291,23915,1
22292,1781,1
22292,6394,1
22292,15315,1
22292,15890,1
22292,27224,1
22293,2549,1
22293,15104,1
22293,17597,1
22294,14893,1
22295,14682,1
22295,16978,1
22295,32077,1
22296,14471,1
22296,21138,1
22297,8285,1
22297,14260,1
22297,22196,1
22298,14049,1
22298,17854,1
22299,13838,1
22299,19534,1
22300,13627,1
22301,13416,1
22301,24537,1
22302,13205,1
22303,12994,1
22304,12783,1
22305,12572,1
22305,14810,1
22305,21764,1
22306,943,1
22306,12361,1
22306,27539,1
22307,12150,1
22308,11939,1
22309,1681,1
22309,11728,1
22310,11517,1
22311,11306,1
22312,11095,1
22313,10884,1
22313,17990,1
22314,10673,1
22314,21215,1
22314,21528,1
22315,10462,1
22316,10251,1
22317,10040,1
22317,15405,1
22317,22628,1
22318,9829,1
22319,9618,1
22320,9407,1
22321,9196,1
22322,1126,1
22322,8985,1
22322,15895,1
22323,8774,1
22323,17388,1
22323,18721,1
22324,8563,1
22325,8352,1
22325,30250,1
22325,32624,1
22326,8141,1
22327,7930,1
22327,16318,1
22328,493,1
22328,7719,1
22328,11174,1
22329,1025,1
22329,7508,1
22329,14337,1
22330,7297,1
22330,19001,1
22330,29355,1
22331,7086,1
22331,28585,1
22332,6875,1
22333,5066,1
22333,6664,1
22333,13355,1
22334,6453,1
22334,25957,1
22334,27941,1
22335,6242,1
22335,29373,1
22336,6031,1
22336,8647,1
22336,10023,1
22336,16541,1
22336,20800,1
22336,23664,1
22337,5820,1
22337,10639,1
22337,20969,1
22338,1344,1
22338,5609,1
22338,18703,1
22339,5398,1
22339,17124,1
22340,5187,1
22341,4976,1
22342,4765,1
22343,4554,1
22344,4343,1
22345,4132,1
22346,3921,1
22347,2824,1
22347,3710,1
22347,28242,1
22347,28546,1
22348,3499,1
22349,3288,1
22350,3077,1
22351,2866,1
22352,2655,1
22353,2444,1
22354,2233,1
22354,10333,1
22355,2022,1
22355,16287,1
22356,1811,1
22356,20445,1
22356,25284,1
22357,1600,1
22358,1389,1
22359,1178,1
22359,18183,1
22359,20362,1
22359,25189,1
22360,967,1
22360,1606,1
22360,26692,1
22361,756,1
22362,545,1
22362,5091,1
22362,10933,1
22362,12124,1
22362,12374,1
22362,25050,1
22362,29448,1
22363,334,1
22364,123,1
22365,32680,1
22366,22146,1
22366,25388,1
22366,32469,1
22367,32258,1
22368,32047,1
22369,30775,1
22369,31836,1
22370,7113,1
22370,28471,1
22370,31625,1
22371,31414,1
22372,5146,1
22372,31203,1
22373,30992,1
22374,7480,1
22374,30781,1
22375,18813,1
22375,25205,1
22375,30570,1
22376,12853,1
22376,30359,1
22377,30148,1
22378,29937,1
22379,27385,1
22379,29726,1
22380,9783,1
22380,29515,1
22381,29304,1
22382,29093,1
22383,4274,1
22383,10576,1
22383,19184,1
22383,19555,1
22383,28882,1
22384,5704,1
22384,28671,1
22385,28460,1
22386,28249,1
22387,16503,1
22387,28038,1
22388,10463,1
22388,27827,1
22389,2380,1
22389,27616,1
22389,30228,1
22390,1563,1
22390,6031,1
22390,8851,1
22390,16125,1
22390,27405,1
22391,19917,1
22391,26399,1
22391,27194,1
22392,22311,1
22392,26983,1
22392,32168,1
22393,26772,1
22393,28262,1
22393,29445,1
22394,395,1
22394,9708,1
22394,17334,1
22394,26561,1
22394,31838,1
22394,32452,1
22395,5545,1
22395,26350,1
22395,28980,1
22396,15211,1
22396,21090,1
22396,26139,1
22396,27416,1
22397,25928,1
22398,17303,1
22398,25679,1
22398,25717,1
22399,25506,1
22400,25295,1
22401,72,1
22401,25084,1
22401,30134,1
22402,15263,1
22402,24873,1
22402,27062,1
22403,12670,1
22403,24662,1
22404,24451,1
22405,9693,1
22405,24240,1
22406,1433,1
22406,17374,1
22406,24029,1
22407,8633,1
22407,16238,1
22407,23818,1
22408,22522,1
22408,23607,1
22409,23396,1
22410,23185,1
22411,20452,1
22411,22974,1
22412,22763,1
22412,25766,1
22413,22552,1
22414,22341,1
22414,30267,1
22415,15878,1
22415,22130,1
22415,23295,1
22416,21919,1
22416,23511,1
22417,21708,1
22418,21497,1
22419,21286,1
22420,157,1
22420,20572,1
22420,21075,1
22421,20864,1
22422,20653,1
22423,20442,1
22423,30630,1
22424,10616,1
22424,20231,1
22425,858,1
22425,20020,1
22426,3075,1
22426,19809,1
22427,18927,1
22427,19598,1
22428,19387,1
22429,19176,1
22430,18965,1
22430,24680,1
22430,25601,1
22431,18754,1
22432,13241,1
22432,18543,1
22433,18287,1
22433,18332,1
22434,18121,1
22434,29099,1
22435,14006,1
22435,17910,1
22436,17699,1
22437,17488,1
22438,16659,1
22438,17277,1
22439,17066,1
22440,1663,1
22440,16855,1
22441,16644,1
22441,21658,1
22441,29321,1
22442,16433,1
22443,16222,1
22443,32143,1
22444,18,1
22444,7772,1
22444,16011,1
22444,16368,1
22445,15800,1
22446,15589,1
22447,351,1
22447,6100,1
22447,15378,1
22447,20288,1
22448,15167,1
22448,25188,1
22449,14956,1
22450,14200,1
22450,14745,1
22451,1856,1
22451,4803,1
22451,14534,1
22452,8743,1
22452,14323,1
22453,14112,1
22453,16261,1
22453,18517,1
22454,13901,1
22454,21715,1
22455,2201,1
22455,13690,1
22456,11925,1
22456,13479,1
22456,22233,1
22456,26486,1
22457,13268,1
22458,13057,1
22458,15512,1
22459,2050,1
22459,12846,1
22460,5687,1
22460,12635,1
22461,1597,1
22461,12424,1
22462,12213,1
22462,22348,1
22463,5367,1
22463,12002,1
22463,25582,1
22464,5443,1
22464,11791,1
22464,28487,1
22465,11580,1
22466,11369,1
22466,26360,1
22466,31382,1
22467,11158,1
22468,10947,1
22468,22193,1
22469,10736,1
22470,10525,1
22470,14355,1
22471,10314,1
22472,10103,1
22473,9892,1
22473,11551,1
22473,24403,1
22474,9681,1
22475,9470,1
22475,22008,1
22475,31526,1
22476,9259,1
22476,22049,1
22476,30949,1
22477,9048,1
22477,10403,1
22478,8837,1
22479,5895,1
22479,8626,1
22479,21303,1
22479,21632,1
22480,8415,1
22481,6334,1
22481,8204,1
22482,7993,1
22483,1656,1
22483,6953,1
22483,7782,1
22484,7571,1
22484,15967,1
22485,7360,1
22485,15899,1
22486,7149,1
22487,6938,1
22488,6727,1
22488,20905,1
22489,6516,1
22490,6305,1
22491,6094,1
22491,15966,1
22491,28760,1
22492,4388,1
22492,5883,1
22493,5672,1
22493,10761,1
22493,12997,1
22494,5461,1
22494,5494,1
22495,5250,1
22496,5039,1
22497,4828,1
22497,14554,1
22498,4617,1
22499,4406,1
22499,21950,1
22500,362,1
22500,4195,1
22500,16968,1
22501,3984,1
22501,27129,1
22502,3773,1
22502,24373,1
22503,3562,1
22504,2710,1
22504,3351,1
22504,26396,1
22505,3140,1
22505,18622,1
22506,2929,1
22507,2718,1
22507,18845,1
22507,19852,1
22508,2507,1
22508,3021,1
22509,2296,1
22510,2085,1
22510,16618,1
22511,1874,1
22512,1663,1
22512,18165,1
22512,28330,1
22513,1452,1
22514,1241,1
22514,22649,1
22515,1030,1
22515,7991,1
22515,25262,1
22515,28645,1
22516,819,1
22517,608,1
22517,9310,1
22517,21104,1
22518,397,1
22518,518,1
22518,2592,1
22518,25978,1
22519,186,1
22519,28312,1
22520,22934,1
22520,32743,1
22521,19051,1
22521,19134,1
22521,24609,1
22521,32532,1
22522,27024,1
22522,32321,1
22523,20859,1
22523,32110,1
22524,29253,1
22524,31899,1
22525,7479,1
22525,8295,1
22525,31688,1
22526,4773,1
22526,24336,1
22526,31477,1
22527,31266,1
22528,18436,1
22528,23426,1
22528,31055,1
22529,30844,1
22530,8019,1
22530,30633,1
22531,7014,1
22531,30422,1
22532,28266,1
22532,30211,1
22533,30000,1
22534,6135,1
22534,29789,1
22535,29578,1
22536,29367,1
22537,1792,1
22537,19209,1
22537,29156,1
22537,31470,1
22538,6698,1
22538,28945,1
22539,27864,1
22539,28734,1
22540,28523,1
22541,17771,1
22541,27908,1
22541,28312,1
22542,17412,1
22542,28101,1
22543,27890,1
22543,32282,1
22544,4092,1
22544,27679,1
22545,27468,1
22546,27257,1
22546,29119,1
22547,14668,1
22547,27046,1
22548,8204,1
22548,25821,1
22548,26835,1
22549,26624,1
22550,5580,1
22550,26413,1
22551,26202,1
22552,8810,1
22552,11371,1
22552,25991,1
22553,25780,1
22554,8160,1
22554,25569,1
22555,10264,1
22555,25358,1
22555,28587,1
22556,24396,1
22556,25147,1
22557,23903,1
22557,24936,1
22558,14707,1
22558,24725,1
22559,24514,1
22559,28304,1
22560,24303,1
22561,24092,1
22562,23881,1
22563,23670,1
22563,29999,1
22564,17063,1
22564,23459,1
22564,28594,1
22565,23248,1
22566,23037,1
22567,22186,1
22567,22826,1
22568,22615,1
22569,22404,1
22569,25767,1
22570,22193,1
22570,26276,1
22571,12614,1
22571,21982,1
22572,9754,1
22572,21771,1
22572,29818,1
22573,10940,1
22573,12711,1
22573,21560,1
22574,15245,1
22574,21349,1
22574,26412,1
22575,21138,1
22576,20927,1
22577,6880,1
22577,12583,1
22577,20716,1
22578,20505,1
22579,17437,1
22579,20294,1
22580,20083,1
22580,31051,1
22581,12697,1
22581,14022,1
22581,19872,1
22582,19661,1
22583,10558,1
22583,19450,1
22584,9301,1
22584,19239,1
22585,19028,1
22586,2598,1
22586,18817,1
22587,18606,1
22588,2778,1
22588,15561,1
22588,18395,1
22588,19244,1
22589,18184,1
22590,12784,1
22590,17973,1
22590,18677,1
22591,11205,1
22591,17762,1
22591,18466,1
22592,17551,1
22592,18013,1
22593,17340,1
22594,17129,1
22595,1430,1
22595,4849,1
22595,16918,1
22595,30358,1
22596,16561,1
22596,16707,1
22596,21328,1
22597,16496,1
22598,16285,1
22598,26793,1
22599,16074,1
22599,29534,1
22600,14629,1
22600,15863,1
22601,14025,1
22601,15652,1
22602,15441,1
22602,25325,1
22602,26088,1
22603,15230,1
22604,15019,1
22604,29990,1
22605,14808,1
22605,22450,1
22605,25932,1
22606,14597,1
22607,9513,1
22607,14386,1
22608,14175,1
22609,13964,1
22610,13753,1
22611,13542,1
22612,13331,1
22612,16236,1
22613,13120,1
22614,12909,1
22614,19210,1
22614,19850,1
22615,12698,1
22615,29021,1
22616,12487,1
22616,28850,1
22617,12276,1
22617,13601,1
22618,12065,1
22619,11854,1
22620,11643,1
22620,17445,1
22620,19110,1
22620,23257,1
22621,11432,1
22622,3317,1
22622,11221,1
22622,11645,1
22623,2435,1
22623,10024,1
22623,11010,1
22623,13973,1
22623,22369,1
22624,10799,1
22624,23534,1
22625,4785,1
22625,10588,1
22625,18464,1
22625,23127,1
22626,10377,1
22627,1981,1
22627,10166,1
22627,16869,1
22627,20312,1
22628,9955,1
22628,20265,1
22629,1454,1
22629,9744,1
22629,28522,1
22630,9533,1
22631,9322,1
22631,31105,1
22632,9111,1
22633,8900,1
22634,8689,1
22635,8478,1
22635,21412,1
22636,8267,1
22636,9141,1
22637,8056,1
22637,11274,1
22637,16687,1
22637,17657,1
22637,19428,1
22638,7845,1
22639,7634,1
22640,7423,1
22640,18253,1
22641,7212,1
22641,7767,1
22642,7001,1
22643,6790,1
22643,27623,1
22644,6579,1
22644,22685,1
22645,6368,1
22646,6157,1
22646,14359,1
22646,22865,1
22647,5946,1
22648,5735,1
22648,24339,1
22649,5524,1
22649,29096,1
22650,5313,1
22651,5102,1
22651,24123,1
22651,29312,1
22652,4891,1
22652,10294,1
22653,4680,1
22654,4469,1
22655,4258,1
22656,4047,1
22657,3836,1
22658,3625,1
22658,18748,1
22658,31931,1
22659,3414,1
22660,3203,1
22661,411,1
22661,2992,1
22662,2781,1
22663,2570,1
22663,26318,1
22664,2359,1
22664,16292,1
22665,2148,1
22666,1937,1
22666,10621,1
22667,1726,1
22667,15839,1
22668,1515,1
22668,6292,1
22669,1304,1
22669,3048,1
22670,1093,1
22670,22026,1
22671,449,1
22671,882,1
22672,671,1
22672,15189,1
22673,460,1
22673,20882,1
22674,249,1
22674,27990,1
22674,30162,1
22675,38,1
22675,18276,1
22675,29019,1
22675,30337,1
22676,13267,1
22676,32595,1
22677,21072,1
22677,26050,1
22677,32384,1
22678,9123,1
22678,32173,1
22679,31962,1
22680,31751,1
22681,25411,1
22681,31540,1
22682,31329,1
22683,31118,1
22684,30907,1
22685,29613,1
22685,30696,1
22686,30485,1
22686,32196,1
22687,30274,1
22688,1487,1
22688,4423,1
22688,14884,1
22688,30063,1
22689,21656,1
22689,29852,1
22690,8916,1
22690,29641,1
22691,29430,1
22692,17660,1
22692,29219,1
22693,9523,1
22693,10170,1
22693,29008,1
22694,27448,1
22694,28797,1
22695,16803,1
22695,28586,1
22696,774,1
22696,3786,1
22696,28375,1
22697,21360,1
22697,28164,1
22698,27953,1
22699,8889,1
22699,25017,1
22699,27742,1
22700,27531,1
22700,31846,1
22701,27320,1
22701,28500,1
22702,11712,1
22702,27109,1
22703,26898,1
22704,26687,1
22705,26476,1
22706,10072,1
22706,12527,1
22706,17443,1
22706,26265,1
22707,26054,1
22708,7562,1
22708,13925,1
22708,25843,1
22709,25632,1
22710,19392,1
22710,25421,1
22711,25210,1
22712,24999,1
22712,31604,1
22713,8899,1
22713,24788,1
22714,24577,1
22715,1382,1
22715,3767,1
22715,24366,1
22716,24155,1
22717,5721,1
22717,23944,1
22718,21119,1
22718,23733,1
22718,31104,1
22719,23522,1
22720,23311,1
22721,23100,1
22721,29687,1
22722,9146,1
22722,22889,1
22723,3316,1
22723,22678,1
22724,22467,1
22724,22946,1
22725,22256,1
22726,8361,1
22726,22045,1
22727,21834,1
22728,2165,1
22728,8945,1
22728,21623,1
22728,32376,1
22729,21412,1
22729,29526,1
22730,19058,1
22730,21201,1
22731,7300,1
22731,20990,1
22731,27868,1
22732,1373,1
22732,20779,1
22733,10899,1
22733,11386,1
22733,20568,1
22734,20357,1
22734,23669,1
22734,26045,1
22735,20146,1
22736,19935,1
22736,26451,1
22737,5432,1
22737,19724,1
22738,7821,1
22738,19513,1
22739,17839,1
22739,19302,1
22739,21808,1
22740,19091,1
22741,18880,1
22742,559,1
22742,18669,1
22743,16938,1
22743,18458,1
22744,18247,1
22744,20737,1
22745,6044,1
22745,7019,1
22745,16394,1
22745,17239,1
22745,18036,1
22746,9052,1
22746,17825,1
22746,26671,1
22747,13144,1
22747,17614,1
22747,27105,1
22748,7796,1
22748,17403,1
22749,13757,1
22749,17192,1
22749,28838,1
22750,16981,1
22751,13893,1
22751,16770,1
22752,4697,1
22752,16559,1
22753,16348,1
22754,2849,1
22754,16137,1
22755,15926,1
22756,15715,1
22757,15504,1
22758,13656,1
22758,15293,1
22758,16713,1
22759,1804,1
22759,15082,1
22760,14871,1
22761,4357,1
22761,14660,1
22761,22514,1
22762,5743,1
22762,14449,1
22763,4004,1
22763,7405,1
22763,14238,1
22763,15094,1
22764,14027,1
22765,13816,1
22765,20164,1
22765,21778,1
22765,25248,1
22765,25843,1
22766,13605,1
22767,13394,1
22768,5405,1
22768,13183,1
22769,12972,1
22769,20095,1
22770,12761,1
22771,12550,1
22771,16378,1
22771,27294,1
22772,10425,1
22772,10649,1
22772,12339,1
22772,21118,1
22772,31161,1
22773,9399,1
22773,12128,1
22773,17880,1
22774,11917,1
22774,20694,1
22775,11706,1
22775,19281,1
22776,11495,1
22777,11284,1
22778,11073,1
22778,21819,1
22779,4343,1
22779,5971,1
22779,10862,1
22779,23874,1
22779,26336,1
22780,10651,1
22780,15448,1
22780,28951,1
22781,10440,1
22781,20725,1
22782,2430,1
22782,9420,1
22782,10229,1
22782,26156,1
22782,28738,1
22783,10018,1
22783,28465,1
22784,9807,1
22784,25590,1
22785,9596,1
22785,20603,1
22786,3476,1
22786,9385,1
22787,9174,1
22787,29570,1
22788,8963,1
22788,12001,1
22788,12980,1
22789,8752,1
22789,29652,1
22790,8541,1
22791,276,1
22791,8330,1
22791,9560,1
22792,8119,1
22792,17688,1
22792,21809,1
22793,7908,1
22794,7697,1
22795,7486,1
22795,12595,1
22795,23047,1
22795,29110,1
22796,7275,1
22796,21434,1
22797,7064,1
22797,24782,1
22798,6853,1
22798,7196,1
22799,538,1
22799,6642,1
22799,22728,1
22799,24160,1
22800,6431,1
22801,3217,1
22801,6220,1
22801,6487,1
22802,5051,1
22802,6009,1
22803,5798,1
22803,9269,1
22804,5587,1
22805,5376,1
22806,5165,1
22807,4954,1
22808,4743,1
22808,14632,1
22809,4532,1
22809,7752,1
22810,4321,1
22811,4110,1
22811,9727,1
22811,28865,1
22812,3899,1
22812,4175,1
22812,16897,1
22813,3688,1
22813,6290,1
22813,15758,1
22813,18448,1
22814,3477,1
22814,8533,1
22815,3266,1
22816,3055,1
22817,2844,1
22818,2633,1
22819,2422,1
22820,2211,1
22820,27222,1
22821,2000,1
22821,4809,1
22821,13488,1
22822,1789,1
22822,9993,1
22822,29311,1
22823,1578,1
22823,13288,1
22823,16813,1
22824,1367,1
22824,32599,1
22825,1156,1
22825,1213,1
22826,945,1
22827,734,1
22828,523,1
22829,312,1
22829,12761,1
22829,32043,1
22830,101,1
22830,13592,1
22830,20824,1
22831,32658,1
22832,32041,1
22832,32447,1
22833,4856,1
22833,14889,1
22833,32236,1
22834,873,1
22834,14044,1
22834,32025,1
22835,2680,1
22835,31814,1
22836,31603,1
22837,31392,1
22838,31181,1
22839,5014,1
22839,30970,1
22840,5963,1
22840,7359,1
22840,30759,1
22841,218,1
22841,30548,1
22842,16017,1
22842,23628,1
22842,30337,1
22843,14920,1
22843,27571,1
22843,30126,1
22844,29915,1
22845,10020,1
22845,20196,1
22845,29704,1
22846,21185,1
22846,29493,1
22847,2392,1
22847,29282,1
22848,28859,1
22848,29071,1
22848,29865,1
22849,28860,1
22850,24408,1
22850,28649,1
22851,12371,1
22851,15160,1
22851,24463,1
22851,28438,1
22851,28781,1
22852,28227,1
22853,7146,1
22853,18177,1
22853,28016,1
22854,27805,1
22855,10094,1
22855,27594,1
22856,27383,1
22857,27172,1
22857,27965,1
22858,14606,1
22858,26961,1
22858,31576,1
22859,1513,1
22859,2203,1
22859,6481,1
22859,26750,1
22859,30192,1
22860,26539,1
22860,29784,1
22861,2909,1
22861,3724,1
22861,26328,1
22862,4313,1
22862,20112,1
22862,26117,1
22863,25906,1
22863,28631,1
22864,25695,1
22865,10553,1
22865,25484,1
22866,25273,1
22867,14827,1
22867,24755,1
22867,25062,1
22868,1530,1
22868,3168,1
22868,24851,1
22868,25364,1
22868,30825,1
22869,24640,1
22870,24429,1
22871,6073,1
22871,9869,1
22871,11275,1
22871,24218,1
22872,24007,1
22873,7732,1
22873,23796,1
22873,31529,1
22874,8086,1
22874,23585,1
22875,19513,1
22875,23374,1
22876,10636,1
22876,23163,1
22877,22952,1
22878,22741,1
22879,22530,1
22880,17793,1
22880,22319,1
22880,22999,1
22880,24987,1
22881,10545,1
22881,22108,1
22882,2233,1
22882,16906,1
22882,21897,1
22882,26630,1
22883,2409,1
22883,11546,1
22883,21686,1
22884,21475,1
22884,22221,1
22884,31977,1
22885,21264,1
22886,21053,1
22886,27068,1
22887,10748,1
22887,20842,1
22888,519,1
22888,20631,1
22889,20420,1
22889,31421,1
22890,20209,1
22890,32264,1
22890,32605,1
22891,19998,1
22891,23323,1
22892,4512,1
22892,19787,1
22893,19576,1
22894,12937,1
22894,19365,1
22895,19154,1
22895,22510,1
22896,18943,1
22897,18732,1
22898,5181,1
22898,10335,1
22898,18521,1
22899,18310,1
22899,28997,1
22900,12985,1
22900,18099,1
22900,18697,1
22901,17888,1
22901,22441,1
22901,27345,1
22902,17677,1
22903,17466,1
22904,13082,1
22904,17255,1
22904,20620,1
22904,21787,1
22905,2534,1
22905,17044,1
22906,1858,1
22906,16833,1
22906,17797,1
22906,32447,1
22907,16622,1
22907,32579,1
22908,4776,1
22908,12434,1
22908,16411,1
22908,19624,1
22909,16200,1
22910,1647,1
22910,15989,1
22911,15778,1
22911,20156,1
22912,15567,1
22913,4068,1
22913,10794,1
22913,12294,1
22913,15356,1
22914,15145,1
22915,14934,1
22916,14723,1
22916,25879,1
22916,30715,1
22917,14512,1
22918,14301,1
22919,14090,1
22920,13879,1
22920,24449,1
22920,27083,1
22921,13668,1
22921,20065,1
22922,8900,1
22922,13457,1
22923,3141,1
22923,13246,1
22924,5188,1
22924,13035,1
22924,17053,1
22925,8499,1
22925,12824,1
22926,6834,1
22926,12613,1
22926,20336,1
22927,12402,1
22927,30602,1
22928,5079,1
22928,12191,1
22929,2231,1
22929,3515,1
22929,11980,1
22930,11769,1
22931,9051,1
22931,11558,1
22931,15404,1
22932,11347,1
22932,11444,1
22932,20755,1
22933,11136,1
22934,10925,1
22935,10714,1
22935,22405,1
22936,10503,1
22936,15892,1
22936,17201,1
22937,10292,1
22937,31017,1
22938,4674,1
22938,6897,1
22938,10081,1
22939,9870,1
22940,9659,1
22941,9448,1
22942,9237,1
22942,23789,1
22942,30798,1
22943,9026,1
22944,8815,1
22944,14467,1
22945,8604,1
22946,1936,1
22946,8393,1
22947,8182,1
22948,7971,1
22948,28112,1
22949,7760,1
22950,7549,1
22951,7338,1
22951,11308,1
22952,7127,1
22952,24124,1
22952,24594,1
22952,29221,1
22953,1390,1
22953,6916,1
22953,11093,1
22953,20410,1
22954,4874,1
22954,6705,1
22954,9724,1
22955,6494,1
22955,10051,1
22955,21214,1
22956,6283,1
22957,6072,1
22958,5861,1
22958,7684,1
22958,23253,1
22959,5650,1
22959,6525,1
22959,15733,1
22960,5439,1
22960,14202,1
22961,5228,1
22962,5017,1
22962,6579,1
22962,11652,1
22962,25761,1
22963,4741,1
22963,4806,1
22964,4595,1
22964,20835,1
22964,31474,1
22965,4384,1
22965,8013,1
22966,4173,1
22967,3962,1
22967,23974,1
22968,3751,1
22968,19111,1
22969,3540,1
22969,9824,1
22970,3329,1
22970,4104,1
22971,3118,1
22971,12821,1
22971,31942,1
22972,2907,1
22973,2696,1
22974,2485,1
22974,19619,1
22975,1220,1
22975,2274,1
22975,32344,1
22976,2063,1
22976,28164,1
22977,1852,1
22978,1641,1
22979,1430,1
22979,6950,1
22980,1219,1
22980,30537,1
22981,1008,1
22981,11998,1
22981,31008,1
22982,797,1
22983,586,1
22984,375,1
22985,164,1
22986,15360,1
22986,32721,1
22987,32510,1
22988,13843,1
22988,32299,1
22989,32088,1
22990,31877,1
22991,31666,1
22992,31455,1
22993,6460,1
22993,31244,1
22994,31033,1
22995,16358,1
22995,18081,1
22995,30822,1
22996,30611,1
22997,30400,1
22998,30189,1
22999,17890,1
22999,20008,1
22999,29978,1
23000,29767,1
23001,29556,1
23001,32562,1
23002,3644,1
23002,18139,1
23002,19839,1
23002,29345,1
23003,15250,1
23003,29134,1
23003,29829,1
23004,28923,1
23005,28712,1
23006,28501,1
23007,17958,1
23007,28290,1
23008,10699,1
23008,28079,1
23009,12686,1
23009,27868,1
23010,27657,1
23011,27446,1
23012,27235,1
23013,27024,1
23014,2369,1
23014,26813,1
23015,26602,1
23016,18501,1
23016,26391,1
23017,9220,1
23017,26180,1
23018,249,1
23018,20970,1
23018,22445,1
23018,25969,1
23018,30252,1
23019,25758,1
23020,25547,1
23021,22891,1
23021,25336,1
23022,25125,1
23023,24914,1
23024,1529,1
23024,12285,1
23024,24703,1
23025,11725,1
23025,24492,1
23026,4052,1
23026,22577,1
23026,24281,1
23026,29806,1
23027,24070,1
23027,24846,1
23028,2438,1
23028,13422,1
23028,23488,1
23028,23859,1
23029,23648,1
23030,23437,1
23031,10109,1
23031,23226,1
23032,23015,1
23033,16763,1
23033,20061,1
23033,22804,1
23033,31298,1
23034,13167,1
23034,22593,1
23035,19084,1
23035,21994,1
23035,22382,1
23036,17205,1
23036,22171,1
23037,15067,1
23037,21960,1
23038,8901,1
23038,21749,1
23038,30443,1
23039,21538,1
23040,21327,1
23040,26694,1
23041,15401,1
23041,18731,1
23041,21116,1
23042,15317,1
23042,20283,1
23042,20905,1
23043,11367,1
23043,20694,1
23044,20483,1
23045,20272,1
23046,16293,1
23046,20061,1
23047,15034,1
23047,19850,1
23048,19639,1
23049,19428,1
23050,11249,1
23050,19217,1
23050,19846,1
23050,25361,1
23051,3262,1
23051,16682,1
23051,19006,1
23051,20906,1
23051,28198,1
23052,18795,1
23052,25315,1
23053,17324,1
23053,18584,1
23054,294,1
23054,18373,1
23055,12307,1
23055,18162,1
23056,17951,1
23057,17740,1
23058,17529,1
23059,3437,1
23059,17318,1
23060,17107,1
23061,16896,1
23062,16685,1
23063,16474,1
23063,26710,1
23064,7664,1
23064,16263,1
23064,25683,1
23065,16052,1
23066,15841,1
23067,15630,1
23067,29748,1
23068,15419,1
23068,22806,1
23069,5365,1
23069,15208,1
23070,14997,1
23070,28953,1
23071,14786,1
23072,14575,1
23073,14364,1
23074,9642,1
23074,14153,1
23075,13942,1
23076,13731,1
23076,29879,1
23077,10183,1
23077,13520,1
23077,26628,1
23078,13309,1
23078,17698,1
23079,13098,1
23079,27507,1
23080,7458,1
23080,12887,1
23081,5073,1
23081,12676,1
23081,30581,1
23082,12465,1
23083,2,1
23083,12254,1
23084,5465,1
23084,12043,1
23084,16932,1
23085,11832,1
23086,11621,1
23086,20703,1
23086,25235,1
23087,11410,1
23087,22300,1
23088,11199,1
23088,24513,1
23088,26606,1
23089,1693,1
23089,10988,1
23090,9393,1
23090,10777,1
23091,2168,1
23091,10566,1
23092,4942,1
23092,10355,1
23092,17852,1
23093,10144,1
23094,9933,1
23094,25948,1
23095,9722,1
23095,29978,1
23096,9511,1
23096,13769,1
23096,22582,1
23097,9300,1
23097,13315,1
23097,17140,1
23098,9089,1
23098,18700,1
23099,8878,1
23099,24958,1
23100,8667,1
23100,27079,1
23101,8456,1
23102,5345,1
23102,7191,1
23102,8245,1
23102,24896,1
23103,6899,1
23103,8034,1
23103,15254,1
23104,7823,1
23104,32342,1
23105,7612,1
23106,7401,1
23106,22978,1
23106,30296,1
23107,7190,1
23108,6979,1
23109,2818,1
23109,6768,1
23110,6557,1
23111,6346,1
23111,7443,1
23111,23218,1
23111,28413,1
23112,6135,1
23113,5924,1
23113,24129,1
23113,32248,1
23114,5713,1
23114,23367,1
23115,5502,1
23115,9662,1
23115,31821,1
23116,5291,1
23117,5080,1
23117,7984,1
23117,29286,1
23118,4869,1
23118,13482,1
23119,3149,1
23119,4658,1
23119,9340,1
23120,2089,1
23120,4447,1
23120,20904,1
23121,4236,1
23121,5780,1
23121,17343,1
23121,32382,1
23122,4025,1
23122,18772,1
23123,3814,1
23124,3603,1
23124,19671,1
23125,1445,1
23125,3392,1
23126,3181,1
23126,14196,1
23127,2970,1
23127,16809,1
23127,22093,1
23128,2759,1
23128,7064,1
23129,2548,1
23129,24595,1
23130,2337,1
23131,2126,1
23132,1915,1
23132,21560,1
23133,1704,1
23133,29696,1
23134,1493,1
23135,1282,1
23135,21386,1
23135,27095,1
23135,28848,1
23136,1071,1
23136,9960,1
23137,860,1
23137,7708,1
23137,28206,1
23137,31357,1
23138,649,1
23139,438,1
23139,11136,1
23140,227,1
23140,6888,1
23141,16,1
23142,12511,1
23142,32573,1
23143,10912,1
23143,19587,1
23143,32362,1
23144,32151,1
23145,31940,1
23146,31729,1
23147,10468,1
23147,16135,1
23147,31518,1
23148,5888,1
23148,31307,1
23149,13055,1
23149,15182,1
23149,31096,1
23150,13411,1
23150,26539,1
23150,30885,1
23151,1067,1
23151,30674,1
23152,7616,1
23152,30463,1
23153,20645,1
23153,30252,1
23154,1582,1
23154,2544,1
23154,30041,1
23155,29830,1
23156,17540,1
23156,29619,1
23157,17161,1
23157,29408,1
23158,29197,1
23159,28986,1
23160,10032,1
23160,21654,1
23160,28775,1
23161,11030,1
23161,28564,1
23162,11818,1
23162,28353,1
23163,28142,1
23163,32469,1
23164,27931,1
23165,1850,1
23165,27720,1
23166,27509,1
23167,25146,1
23167,27298,1
23168,27087,1
23169,26876,1
23170,26665,1
23171,26454,1
23172,26243,1
23173,15167,1
23173,15979,1
23173,26032,1
23174,24430,1
23174,25821,1
23174,31173,1
23175,25610,1
23176,23743,1
23176,25399,1
23177,7574,1
23177,25188,1
23178,24977,1
23179,24766,1
23180,11664,1
23180,23276,1
23180,24555,1
23181,24344,1
23182,137,1
23182,24133,1
23183,9577,1
23183,23922,1
23184,2320,1
23184,11705,1
23184,23711,1
23185,23500,1
23185,25473,1
23186,5629,1
23186,23289,1
23187,23078,1
23187,25035,1
23188,5335,1
23188,15689,1
23188,22867,1
23189,3254,1
23189,20315,1
23189,22656,1
23190,22445,1
23191,22234,1
23192,22023,1
23193,2932,1
23193,21812,1
23194,21601,1
23195,17885,1
23195,21390,1
23196,16319,1
23196,21179,1
23197,20968,1
23198,16651,1
23198,20757,1
23199,20546,1
23200,20335,1
23201,17746,1
23201,20124,1
23202,6524,1
23202,19913,1
23203,19702,1
23204,19491,1
23205,19280,1
23205,25409,1
23206,19069,1
23206,24818,1
23206,27628,1
23206,28002,1
23207,2006,1
23207,12185,1
23207,18858,1
23208,14189,1
23208,18647,1
23208,23781,1
23209,18436,1
23210,4904,1
23210,18225,1
23210,22926,1
23211,18014,1
23212,17803,1
23213,11487,1
23213,17592,1
23213,20129,1
23214,17381,1
23214,23533,1
23215,17170,1
23216,14986,1
23216,15038,1
23216,16959,1
23217,16748,1
23218,3742,1
23218,14692,1
23218,16537,1
23219,14348,1
23219,16326,1
23219,21989,1
23220,30,1
23220,16115,1
23221,15904,1
23222,15693,1
23222,16987,1
23223,15482,1
23223,20678,1
23224,15271,1
23225,15060,1
23226,10638,1
23226,14849,1
23227,7943,1
23227,14638,1
23228,14427,1
23229,14216,1
23230,4966,1
23230,14005,1
23230,30011,1
23231,4449,1
23231,13794,1
23231,18023,1
23231,18226,1
23232,13583,1
23232,20926,1
23233,13372,1
23234,12873,1
23234,13161,1
23235,12950,1
23236,12418,1
23236,12739,1
23236,13372,1
23236,27364,1
23237,12528,1
23238,12317,1
23239,7415,1
23239,12106,1
23240,11895,1
23240,12160,1
23240,26711,1
23241,11684,1
23242,11473,1
23242,12076,1
23243,4594,1
23243,9741,1
23243,11262,1
23244,2646,1
23244,11051,1
23245,10840,1
23246,10629,1
23246,28335,1
23247,10418,1
23248,10207,1
23249,9996,1
23249,15055,1
23250,9785,1
23251,9574,1
23252,7779,1
23252,9363,1
23252,15414,1
23252,20583,1
23253,9152,1
23253,17046,1
23254,8941,1
23254,9817,1
23254,19219,1
23254,24628,1
23255,8730,1
23255,23187,1
23256,1300,1
23256,8519,1
23257,8308,1
23257,23610,1
23258,8097,1
23258,18490,1
23259,7886,1
23260,7675,1
23261,7464,1
23261,16736,1
23261,29723,1
23261,30634,1
23262,7253,1
23263,7042,1
23263,22052,1
23264,3110,1
23264,6831,1
23265,1367,1
23265,6620,1
23266,6409,1
23267,6198,1
23267,21977,1
23268,5987,1
23268,14870,1
23268,31309,1
23268,31889,1
23269,5776,1
23269,11420,1
23269,15745,1
23270,5565,1
23270,7475,1
23271,5354,1
23271,7536,1
23271,20594,1
23272,5143,1
23273,4932,1
23273,7134,1
23274,4721,1
23274,14408,1
23274,18256,1
23275,4510,1
23275,30104,1
23276,4299,1
23276,8906,1
23276,18711,1
23277,4088,1
23278,3877,1
23278,4445,1
23278,10253,1
23278,23264,1
23279,3666,1
23279,22673,1
23280,3455,1
23280,9831,1
23281,3244,1
23282,3033,1
23283,2822,1
23284,2611,1
23285,2400,1
23286,2189,1
23287,1978,1
23287,30127,1
23288,1767,1
23288,15284,1
23289,1556,1
23289,17158,1
23290,1345,1
23290,7071,1
23291,1007,1
23291,1134,1
23291,2467,1
23291,6262,1
23292,923,1
23293,712,1
23294,501,1
23295,290,1
23295,8724,1
23296,79,1
23296,2214,1
23296,11569,1
23296,28347,1
23297,32636,1
23298,8316,1
23298,12426,1
23298,32425,1
23299,24204,1
23299,32214,1
23300,817,1
23300,11021,1
23300,17076,1
23300,32003,1
23301,12629,1
23301,31792,1
23302,18796,1
23302,31581,1
23303,0,1
23303,13107,1
23303,24299,1
23303,31370,1
23304,31159,1
23305,30948,1
23306,30737,1
23307,9158,1
23307,30526,1
23308,6434,1
23308,26093,1
23308,30315,1
23309,6738,1
23309,12694,1
23309,30104,1
23310,7460,1
23310,15242,1
23310,18174,1
23310,29229,1
23310,29893,1
23310,30018,1
23311,15334,1
23311,19656,1
23311,29682,1
23312,29471,1
23313,21761,1
23313,29260,1
23314,29049,1
23315,24192,1
23315,28838,1
23316,21860,1
23316,28627,1
23317,3244,1
23317,28416,1
23317,29579,1
23318,20532,1
23318,28205,1
23319,27994,1
23320,27783,1
23321,2664,1
23321,27572,1
23322,8146,1
23322,8846,1
23322,20305,1
23322,24798,1
23322,27361,1
23323,27150,1
23324,5732,1
23324,26939,1
23324,28907,1
23324,31757,1
23325,17378,1
23325,26728,1
23326,7976,1
23326,26517,1
23327,17444,1
23327,26306,1
23328,26095,1
23328,27441,1
23329,20766,1
23329,25884,1
23330,7138,1
23330,25673,1
23331,25462,1
23332,25251,1
23333,25040,1
23334,24829,1
23335,1637,1
23335,6962,1
23335,12565,1
23335,24618,1
23335,30062,1
23336,4129,1
23336,22207,1
23336,24407,1
23337,24196,1
23337,31069,1
23338,22136,1
23338,23985,1
23339,14038,1
23339,23774,1
23340,468,1
23340,23563,1
23340,29109,1
23341,23352,1
23342,23141,1
23342,27998,1
23343,22930,1
23344,22719,1
23345,18341,1
23345,22508,1
23346,22297,1
23347,22086,1
23348,7881,1
23348,18456,1
23348,21875,1
23349,21664,1
23350,19554,1
23350,21453,1
23350,28207,1
23351,7849,1
23351,21242,1
23352,21031,1
23353,16480,1
23353,20820,1
23353,21982,1
23354,7719,1
23354,20609,1
23355,20398,1
23356,20187,1
23357,19976,1
23358,19765,1
23358,23512,1
23359,7640,1
23359,19554,1
23360,19343,1
23361,11156,1
23361,19132,1
23362,10506,1
23362,18921,1
23363,18710,1
23364,18499,1
23365,12000,1
23365,18288,1
23365,26705,1
23366,18077,1
23366,25655,1
23367,17866,1
23368,9481,1
23368,13543,1
23368,17655,1
23369,17444,1
23369,25204,1
23370,8264,1
23370,17233,1
23370,31368,1
23371,17022,1
23372,16811,1
23372,24889,1
23373,16600,1
23373,23449,1
23374,16389,1
23375,14292,1
23375,16178,1
23376,15967,1
23377,13246,1
23377,15756,1
23377,17565,1
23377,28913,1
23378,7469,1
23378,12111,1
23378,15545,1
23378,17327,1
23379,15334,1
23379,15777,1
23379,22113,1
23379,27863,1
23379,32058,1
23380,8065,1
23380,14269,1
23380,15123,1
23381,14912,1
23381,19073,1
23381,31326,1
23382,14701,1
23382,21055,1
23383,14490,1
23384,14279,1
23385,14068,1
23385,14437,1
23385,25528,1
23386,13857,1
23387,13646,1
23388,3353,1
23388,13435,1
23389,13224,1
23390,13013,1
23390,16623,1
23390,20760,1
23391,12802,1
23392,12591,1
23392,14914,1
23393,12380,1
23394,12169,1
23394,31156,1
23395,11958,1
23395,16913,1
23396,11747,1
23396,13709,1
23397,11536,1
23397,16811,1
23398,11325,1
23399,11114,1
23400,9480,1
23400,10903,1
23401,10692,1
23402,10481,1
23402,10848,1
23402,28589,1
23403,10270,1
23404,854,1
23404,10059,1
23404,20708,1
23405,9848,1
23406,8259,1
23406,9637,1
23406,31734,1
23407,9426,1
23408,6494,1
23408,9215,1
23409,9004,1
23409,15199,1
23409,20392,1
23409,30673,1
23410,8793,1
23411,8582,1
23411,30209,1
23411,31184,1
23412,8371,1
23413,6689,1
23413,8160,1
23414,5307,1
23414,7949,1
23415,7738,1
23415,11077,1
23416,7527,1
23416,21362,1
23417,7316,1
23417,7941,1
23418,5730,1
23418,7105,1
23418,8217,1
23419,6894,1
23419,27524,1
23420,6683,1
23421,6472,1
23422,6261,1
23422,17828,1
23423,6050,1
23424,5839,1
23424,25143,1
23424,29219,1
23425,5628,1
23426,5417,1
23426,15276,1
23426,28582,1
23427,5206,1
23428,4995,1
23428,6591,1
23428,28660,1
23429,4784,1
23430,4573,1
23430,32663,1
23431,1306,1
23431,4362,1
23432,4151,1
23432,10618,1
23432,26455,1
23433,3940,1
23434,3729,1
23434,17356,1
23435,3518,1
23435,27790,1
23436,3307,1
23436,7975,1
23437,3096,1
23437,8699,1
23438,2885,1
23438,19676,1
23439,2674,1
23440,2463,1
23441,2252,1
23442,2041,1
23443,1830,1
23443,18421,1
23444,816,1
23444,1619,1
23445,1408,1
23446,1197,1
23447,986,1
23448,775,1
23449,564,1
23449,14593,1
23450,353,1
23451,142,1
23451,2341,1
23452,32699,1
23453,5425,1
23453,32488,1
23454,32277,1
23455,32066,1
23456,6349,1
23456,11756,1
23456,31855,1
23457,3790,1
23457,10789,1
23457,31644,1
23458,7690,1
23458,31433,1
23459,7369,1
23459,22474,1
23459,31222,1
23460,27544,1
23460,28124,1
23460,31011,1
23461,22134,1
23461,30800,1
23462,30589,1
23463,30378,1
23464,7666,1
23464,30167,1
23465,29956,1
23466,979,1
23466,15065,1
23466,29745,1
23466,29946,1
23467,4584,1
23467,8351,1
23467,13325,1
23467,28096,1
23467,29534,1
23468,29323,1
23469,29112,1
23469,31801,1
23470,28901,1
23470,29364,1
23470,31274,1
23470,31303,1
23471,28690,1
23472,20814,1
23472,28479,1
23473,28268,1
23474,12476,1
23474,28057,1
23475,27846,1
23476,27635,1
23477,27424,1
23478,27213,1
23479,20647,1
23479,27002,1
23479,30952,1
23480,26791,1
23481,23833,1
23481,26580,1
23482,3434,1
23482,26369,1
23483,9055,1
23483,26158,1
23483,31239,1
23484,20155,1
23484,22773,1
23484,25947,1
23485,3060,1
23485,5771,1
23485,25736,1
23486,25525,1
23486,31816,1
23486,31862,1
23487,25314,1
23488,14450,1
23488,25103,1
23489,2399,1
23489,2477,1
23489,10515,1
23489,24892,1
23490,18882,1
23490,24681,1
23491,19423,1
23491,24470,1
23491,31397,1
23492,751,1
23492,2251,1
23492,2269,1
23492,24259,1
23493,24048,1
23494,3029,1
23494,14805,1
23494,23837,1
23495,12079,1
23495,14584,1
23495,20367,1
23495,23626,1
23496,23415,1
23497,23204,1
23498,22993,1
23499,22782,1
23499,24360,1
23500,22571,1
23500,26805,1
23501,21981,1
23501,22360,1
23502,22149,1
23503,21938,1
23504,21727,1
23505,5286,1
23505,12920,1
23505,14495,1
23505,18182,1
23505,21516,1
23506,21305,1
23507,21094,1
23508,20883,1
23509,20672,1
23510,5977,1
23510,19518,1
23510,20461,1
23511,20250,1
23511,32227,1
23512,16955,1
23512,20039,1
23513,7757,1
23513,19828,1
23513,24104,1
23513,25610,1
23514,12424,1
23514,19617,1
23514,29596,1
23515,2434,1
23515,19406,1
23515,21393,1
23516,19195,1
23517,18984,1
23518,18773,1
23518,27671,1
23519,18562,1
23520,14035,1
23520,18351,1
23520,32028,1
23521,8527,1
23521,18140,1
23522,17929,1
23523,17718,1
23524,17507,1
23525,17296,1
23526,364,1
23526,17085,1
23526,18025,1
23527,16874,1
23528,16663,1
23528,32640,1
23529,16452,1
23530,16241,1
23531,12496,1
23531,16030,1
23532,15819,1
23533,15608,1
23533,19700,1
23534,15397,1
23535,15186,1
23535,27160,1
23536,14975,1
23536,31949,1
23537,14764,1
23538,14553,1
23538,26616,1
23539,7070,1
23539,14342,1
23540,14131,1
23541,13920,1
23541,21652,1
23541,23624,1
23542,13709,1
23542,14456,1
23542,19144,1
23543,13498,1
23543,14211,1
23544,13287,1
23545,13076,1
23546,4884,1
23546,12865,1
23547,12654,1
23548,7531,1
23548,12443,1
23548,13810,1
23549,12232,1
23550,5202,1
23550,11276,1
23550,12021,1
23550,28994,1
23551,11810,1
23552,9126,1
23552,10267,1
23552,11599,1
23553,11388,1
23553,28315,1
23554,11177,1
23555,10966,1
23555,12692,1
23555,17025,1
23556,3062,1
23556,10679,1
23556,10755,1
23557,10544,1
23558,5769,1
23558,10333,1
23559,1840,1
23559,10122,1
23560,9911,1
23561,930,1
23561,9700,1
23561,9846,1
23562,409,1
23562,9489,1
23562,13624,1
23563,9278,1
23563,22109,1
23563,22672,1
23563,25041,1
23563,25643,1
23564,8157,1
23564,9067,1
23565,8856,1
23566,8645,1
23566,22722,1
23566,24194,1
23566,32257,1
23567,8434,1
23567,14154,1
23567,16123,1
23568,8223,1
23568,9364,1
23568,28305,1
23569,8012,1
23569,16754,1
23569,22794,1
23570,7801,1
23571,7590,1
23572,7379,1
23572,19888,1
23572,29117,1
23572,32426,1
23573,7168,1
23573,15328,1
23573,31228,1
23574,6957,1
23574,32318,1
23575,6746,1
23575,10685,1
23575,27533,1
23576,2118,1
23576,6535,1
23577,6324,1
23577,22222,1
23577,24979,1
23578,6113,1
23579,2063,1
23579,5902,1
23579,22302,1
23580,5691,1
23581,5480,1
23582,5269,1
23583,5058,1
23584,4847,1
23585,4636,1
23585,9432,1
23586,4425,1
23587,4214,1
23587,7871,1
23587,26688,1
23588,4003,1
23589,3792,1
23590,3581,1
23591,3370,1
23591,26892,1
23592,3159,1
23593,2948,1
23593,3998,1
23594,2737,1
23594,23995,1
23595,2526,1
23595,15786,1
23596,2315,1
23597,2104,1
23598,1893,1
23599,1682,1
23599,12906,1
23600,1471,1
23600,21758,1
23601,1260,1
23602,1049,1
23603,838,1
23604,627,1
23604,23039,1
23604,26750,1
23605,416,1
23605,18423,1
23606,205,1
23607,1085,1
23607,32762,1
23608,32551,1
23609,32340,1
23610,295,1
23610,24779,1
23610,32129,1
23611,16589,1
23611,31918,1
23612,31707,1
23613,11311,1
23613,31496,1
23614,31285,1
23615,14980,1
23615,26597,1
23615,31074,1
23616,30299,1
23616,30863,1
23617,27446,1
23617,27595,1
23617,30652,1
23618,26034,1
23618,30441,1
23619,3140,1
23619,8071,1
23619,30230,1
23620,14296,1
23620,30019,1
23621,29808,1
23622,14303,1
23622,18514,1
23622,19915,1
23622,29597,1
23623,29386,1
23624,20398,1
23624,29175,1
23625,7376,1
23625,28964,1
23626,2022,1
23626,7157,1
23626,7682,1
23626,10964,1
23626,28753,1
23627,28542,1
23627,32633,1
23628,350,1
23628,27193,1
23628,28331,1
23629,28120,1
23630,27909,1
23631,1579,1
23631,27698,1
23632,23509,1
23632,27487,1
23632,31635,1
23633,9121,1
23633,27276,1
23634,27065,1
23635,26854,1
23636,26643,1
23637,2189,1
23637,26432,1
23638,26221,1
23639,26010,1
23640,25799,1
23641,25588,1
23641,29154,1
23642,25377,1
23643,4821,1
23643,7878,1
23643,25166,1
23644,6970,1
23644,22908,1
23644,24955,1
23645,23250,1
23645,24216,1
23645,24744,1
23646,7605,1
23646,23968,1
23646,24533,1
23646,28914,1
23646,31728,1
23647,13953,1
23647,24322,1
23648,24111,1
23649,23900,1
23650,62,1
23650,6821,1
23650,23689,1
23651,23478,1
23652,23267,1
23652,32015,1
23653,10999,1
23653,23056,1
23654,9036,1
23654,22845,1
23655,22634,1
23656,22423,1
23657,3552,1
23657,22212,1
23658,13736,1
23658,22001,1
23659,21790,1
23660,10160,1
23660,21579,1
23661,21368,1
23662,21157,1
23663,20946,1
23664,14813,1
23664,20735,1
23664,21126,1
23665,18854,1
23665,20524,1
23666,20313,1
23667,20102,1
23668,19891,1
23669,984,1
23669,12685,1
23669,13917,1
23669,19680,1
23669,27305,1
23670,16925,1
23670,19469,1
23670,23922,1
23671,19258,1
23672,7308,1
23672,19047,1
23672,24785,1
23673,18836,1
23674,18625,1
23675,18414,1
23676,18203,1
23676,31373,1
23677,15875,1
23677,17992,1
23677,24867,1
23678,17781,1
23679,1956,1
23679,17570,1
23680,17359,1
23680,22059,1
23681,17148,1
23682,6709,1
23682,16937,1
23683,16726,1
23684,16515,1
23685,16304,1
23685,18866,1
23686,9086,1
23686,16093,1
23687,11326,1
23687,15882,1
23687,30989,1
23688,15671,1
23689,11903,1
23689,15460,1
23690,15249,1
23691,1891,1
23691,7143,1
23691,15038,1
23691,20913,1
23691,23552,1
23692,13350,1
23692,14827,1
23692,16077,1
23692,29123,1
23693,13714,1
23693,14616,1
23694,14405,1
23695,1168,1
23695,14194,1
23696,3562,1
23696,6786,1
23696,13983,1
23697,13772,1
23698,9732,1
23698,13561,1
23699,325,1
23699,12540,1
23699,13350,1
23699,23496,1
23700,13139,1
23701,12928,1
23702,4291,1
23702,12717,1
23703,12506,1
23704,12295,1
23704,12316,1
23704,16079,1
23704,26922,1
23705,12084,1
23705,28683,1
23706,11873,1
23706,23981,1
23706,25179,1
23707,11662,1
23708,5455,1
23708,11451,1
23709,11240,1
23709,30927,1
23710,11029,1
23710,32050,1
23711,9624,1
23711,10818,1
23712,8526,1
23712,10607,1
23713,1909,1
23713,10396,1
23713,23752,1
23713,29054,1
23714,2999,1
23714,7485,1
23714,10185,1
23714,18822,1
23714,21189,1
23715,6751,1
23715,9974,1
23716,9763,1
23717,9552,1
23717,27000,1
23718,9341,1
23718,20145,1
23719,9130,1
23719,15058,1
23720,8919,1
23720,14043,1
23720,32720,1
23721,8708,1
23721,15325,1
23722,8497,1
23722,31960,1
23723,6373,1
23723,8286,1
23723,31822,1
23724,226,1
23724,8075,1
23724,22733,1
23724,29431,1
23725,6022,1
23725,7864,1
23725,30354,1
23726,2395,1
23726,7653,1
23727,3725,1
23727,7442,1
23727,14932,1
23728,7231,1
23728,10550,1
23728,17743,1
23729,7020,1
23730,6809,1
23730,29141,1
23731,6598,1
23731,29338,1
23732,6387,1
23732,14076,1
23733,6176,1
23733,11284,1
23733,28323,1
23734,5965,1
23734,11241,1
23735,5754,1
23735,31350,1
23736,5543,1
23737,5332,1
23737,20442,1
23738,5121,1
23739,4910,1
23740,4699,1
23741,4488,1
23742,4277,1
23742,21148,1
23743,4066,1
23743,25665,1
23743,26102,1
23744,3855,1
23745,1748,1
23745,3644,1
23746,318,1
23746,3433,1
23747,3222,1
23748,3011,1
23748,29625,1
23749,2800,1
23749,7185,1
23750,1915,1
23750,2589,1
23750,8429,1
23751,2378,1
23752,2167,1
23753,1956,1
23753,13063,1
23753,31103,1
23754,1745,1
23755,1534,1
23755,15611,1
23756,1323,1
23757,1112,1
23757,15647,1
23757,16311,1
23758,901,1
23758,26473,1
23759,690,1
23760,479,1
23760,2090,1
23761,268,1
23762,57,1
23762,17707,1
23763,32614,1
23764,820,1
23764,1211,1
23764,24593,1
23764,32403,1
23765,24297,1
23765,25612,1
23765,32192,1
23766,31981,1
23767,23576,1
23767,31770,1
23768,31559,1
23769,31348,1
23770,21972,1
23770,31137,1
23770,31564,1
23771,2345,1
23771,30926,1
23772,20614,1
23772,26116,1
23772,30715,1
23772,31007,1
23772,31677,1
23773,8819,1
23773,11015,1
23773,19766,1
23773,22563,1
23773,30504,1
23774,745,1
23774,10922,1
23774,29754,1
23774,30293,1
23775,22998,1
23775,30082,1
23776,2389,1
23776,3496,1
23776,29430,1
23776,29871,1
23777,6882,1
23777,19914,1
23777,29660,1
23778,29449,1
23779,29238,1
23780,25390,1
23780,29027,1
23781,11387,1
23781,28816,1
23782,5508,1
23782,7554,1
23782,25164,1
23782,28605,1
23783,2001,1
23783,28394,1
23784,23219,1
23784,23242,1
23784,28183,1
23785,17054,1
23785,27972,1
23786,1423,1
23786,27761,1
23787,6829,1
23787,11962,1
23787,27550,1
23788,9979,1
23788,27339,1
23789,27128,1
23790,16558,1
23790,18062,1
23790,26917,1
23791,2406,1
23791,26706,1
23791,29056,1
23792,24353,1
23792,26495,1
23793,26284,1
23794,11058,1
23794,22237,1
23794,26073,1
23795,25862,1
23796,1108,1
23796,25651,1
23797,9235,1
23797,25440,1
23798,12730,1
23798,25229,1
23799,25018,1
23799,26256,1
23800,6795,1
23800,8877,1
23800,24807,1
23801,13536,1
23801,23851,1
23801,24596,1
23801,31710,1
23802,24385,1
23803,8913,1
23803,24174,1
23804,23963,1
23804,29380,1
23805,23752,1
23806,1465,1
23806,4023,1
23806,18908,1
23806,22822,1
23806,23541,1
23807,23330,1
23807,29455,1
23808,23119,1
23808,26137,1
23809,22908,1
23810,18166,1
23810,22697,1
23810,25662,1
23811,2738,1
23811,22486,1
23811,24548,1
23812,2287,1
23812,22275,1
23813,4228,1
23813,22064,1
23813,23582,1
23814,21853,1
23815,21642,1
23816,15086,1
23816,21431,1
23817,7842,1
23817,20850,1
23817,21220,1
23817,30432,1
23818,539,1
23818,6079,1
23818,18636,1
23818,21009,1
23819,20798,1
23820,13778,1
23820,20587,1
23821,20376,1
23821,25584,1
23822,20165,1
23823,19954,1
23823,29538,1
23823,31953,1
23824,6438,1
23824,19743,1
23825,19532,1
23826,19321,1
23827,19110,1
23828,18899,1
23828,23287,1
23829,15974,1
23829,18688,1
23829,19862,1
23829,29287,1
23830,5886,1
23830,17321,1
23830,18477,1
23831,18266,1
23831,28926,1
23832,18055,1
23832,31775,1
23833,17844,1
23833,31335,1
23833,32392,1
23834,17633,1
23834,20947,1
23835,9458,1
23835,17422,1
23836,17211,1
23837,17000,1
23838,16789,1
23839,5406,1
23839,16578,1
23839,22172,1
23840,16367,1
23841,16156,1
23841,31685,1
23842,15945,1
23842,18317,1
23842,23388,1
23843,15734,1
23844,14817,1
23844,15523,1
23845,6590,1
23845,12573,1
23845,15312,1
23846,15101,1
23847,14890,1
23847,21343,1
23847,26987,1
23847,28348,1
23848,14679,1
23849,14468,1
23849,19458,1
23849,31427,1
23850,14257,1
23850,16259,1
23851,14046,1
23852,9462,1
23852,13835,1
23852,31133,1
23853,13624,1
23854,13413,1
23855,11142,1
23855,13202,1
23855,24045,1
23856,12991,1
23857,12780,1
23858,12569,1
23859,12358,1
23860,12147,1
23860,17970,1
23860,18396,1
23861,11936,1
23861,17792,1
23862,9940,1
23862,11725,1
23863,3216,1
23863,11514,1
23864,9140,1
23864,11303,1
23864,14763,1
23865,11092,1
23866,376,1
23866,10235,1
23866,10881,1
23867,10670,1
23868,10459,1
23869,10248,1
23869,18022,1
23870,10037,1
23870,23092,1
23871,9826,1
23872,9615,1
23872,25920,1
23873,9404,1
23873,28992,1
23874,9193,1
23874,19662,1
23875,2390,1
23875,8982,1
23876,8771,1
23876,9450,1
23876,26880,1
23877,8560,1
23878,4032,1
23878,8349,1
23878,20528,1
23878,27229,1
23879,8138,1
23879,29547,1
23880,7927,1
23881,7716,1
23881,15169,1
23881,22558,1
23881,23932,1
23882,7505,1
23883,7294,1
23883,8902,1
23884,7083,1
23884,13533,1
23885,6872,1
23886,6661,1
23886,18288,1
23886,22068,1
23887,6450,1
23887,16322,1
23887,29458,1
23887,30353,1
23888,6239,1
23889,6028,1
23890,5817,1
23890,9498,1
23891,5606,1
23891,20262,1
23891,24031,1
23892,5395,1
23893,5184,1
23894,4973,1
23894,7077,1
23894,21753,1
23895,4091,1
23895,4762,1
23896,4551,1
23896,5056,1
23897,4340,1
23897,25001,1
23898,492,1
23898,4129,1
23898,17341,1
23899,3918,1
23899,26006,1
23900,3707,1
23900,24855,1
23901,3150,1
23901,3496,1
23901,15545,1
23902,3285,1
23902,8578,1
23902,27072,1
23902,30942,1
23903,3074,1
23903,23873,1
23903,27314,1
23904,2863,1
23904,24178,1
23905,2652,1
23906,2441,1
23906,3299,1
23907,2230,1
23908,2019,1
23908,19041,1
23909,1808,1
23909,2550,1
23909,18053,1
23910,1597,1
23910,3991,1
23910,13469,1
23910,27502,1
23911,1386,1
23912,1175,1
23913,964,1
23913,25307,1
23914,753,1
23914,10061,1
23914,29487,1
23915,542,1
23916,331,1
23916,8050,1
23917,120,1
23917,1120,1
23917,3942,1
23917,5141,1
23918,3535,1
23918,13589,1
23918,24050,1
23918,32677,1
23919,21430,1
23919,32466,1
23920,10694,1
23920,32255,1
23921,17693,1
23921,32044,1
23922,14933,1
23922,31833,1
23923,7126,1
23923,28849,1
23923,31622,1
23924,31411,1
23925,2998,1
23925,12106,1
23925,13525,1
23925,25566,1
23925,31200,1
23925,31247,1
23926,21619,1
23926,26208,1
23926,30989,1
23927,21608,1
23927,30778,1
23928,12743,1
23928,17850,1
23928,30567,1
23929,30356,1
23930,30145,1
23931,6949,1
23931,29934,1
23932,29723,1
23933,618,1
23933,29512,1
23934,2227,1
23934,29301,1
23935,12868,1
23935,29090,1
23936,17266,1
23936,28879,1
23937,28668,1
23937,29890,1
23938,10381,1
23938,18961,1
23938,28457,1
23939,28246,1
23940,28035,1
23941,2207,1
23941,21011,1
23941,27824,1
23942,922,1
23942,27613,1
23943,27402,1
23944,27191,1
23944,29617,1
23945,6231,1
23945,26980,1
23946,26769,1
23947,26558,1
23948,13690,1
23948,15363,1
23948,26347,1
23948,31150,1
23949,26136,1
23950,25925,1
23951,4628,1
23951,25714,1
23951,30595,1
23952,19415,1
23952,19831,1
23952,25503,1
23953,8500,1
23953,25292,1
23953,29342,1
23954,3721,1
23954,25081,1
23955,270,1
23955,24870,1
23955,29911,1
23956,12255,1
23956,24659,1
23957,23279,1
23957,24448,1
23957,28657,1
23957,29686,1
23958,24237,1
23959,24026,1
23959,30160,1
23960,3532,1
23960,23815,1
23960,27546,1
23961,23604,1
23962,23393,1
23962,26701,1
23963,23182,1
23964,22971,1
23965,15861,1
23965,22760,1
23966,22549,1
23967,22338,1
23968,22127,1
23968,23233,1
23969,21916,1
23969,26482,1
23970,21705,1
23970,23387,1
23971,4364,1
23971,21494,1
23971,31265,1
23972,3404,1
23972,9050,1
23972,11083,1
23972,21283,1
23972,21660,1
23973,21072,1
23974,11498,1
23974,20861,1
23974,30418,1
23975,20650,1
23976,6174,1
23976,20439,1
23976,31304,1
23977,2639,1
23977,13628,1
23977,20228,1
23977,31905,1
23978,20017,1
23978,20280,1
23978,30974,1
23979,6414,1
23979,11619,1
23979,19806,1
23980,2870,1
23980,19595,1
23981,6124,1
23981,19384,1
23981,24500,1
23981,28945,1
23982,12051,1
23982,19173,1
23982,19684,1
23983,5981,1
23983,18962,1
23984,18751,1
23984,25098,1
23985,3911,1
23985,7987,1
23985,18540,1
23986,4667,1
23986,18329,1
23986,18374,1
23987,18118,1
23987,26655,1
23988,17907,1
23988,24331,1
23989,3097,1
23989,17696,1
23990,17485,1
23991,6417,1
23991,17274,1
23991,23118,1
23992,17063,1
23993,16852,1
23993,29394,1
23994,16641,1
23995,16430,1
23996,16219,1
23997,16008,1
23998,15797,1
23999,15586,1
24000,748,1
24000,15375,1
24001,15164,1
24002,14953,1
24003,14742,1
24003,26707,1
24004,14531,1
24004,25097,1
24004,26500,1
24004,32010,1
24005,14320,1
24006,4968,1
24006,14109,1
24007,6593,1
24007,12224,1
24007,13898,1
24008,13687,1
24008,23522,1
24009,13476,1
24009,18966,1
24010,13265,1
24011,13054,1
24011,19126,1
24011,29186,1
24012,12843,1
24013,12632,1
24014,8183,1
24014,10198,1
24014,12421,1
24015,6083,1
24015,12210,1
24016,11999,1
24017,11788,1
24018,8564,1
24018,11577,1
24019,11366,1
24019,16240,1
24020,11155,1
24021,10944,1
24021,29520,1
24021,32346,1
24022,10733,1
24022,21862,1
24023,10522,1
24024,10311,1
24024,14724,1
24024,28857,1
24025,10100,1
24026,9889,1
24026,21848,1
24027,9678,1
24028,5798,1
24028,9467,1
24028,16806,1
24029,9256,1
24029,10140,1
24030,2650,1
24030,9045,1
24031,2379,1
24031,8834,1
24032,8623,1
24033,8412,1
24033,24072,1
24034,8201,1
24034,12422,1
24035,7990,1
24035,30827,1
24035,30901,1
24036,1845,1
24036,7779,1
24037,7568,1
24038,7357,1
24039,4952,1
24039,7146,1
24040,513,1
24040,6935,1
24041,6724,1
24041,20285,1
24041,25593,1
24042,6513,1
24042,31800,1
24043,664,1
24043,6302,1
24043,24697,1
24044,6091,1
24045,1816,1
24045,5880,1
24046,5669,1
24047,5458,1
24047,24337,1
24048,5247,1
24049,749,1
24049,5036,1
24049,18776,1
24050,4825,1
24050,15809,1
24051,4614,1
24051,9326,1
24052,1134,1
24052,4403,1
24052,24040,1
24053,4192,1
24053,9169,1
24053,20815,1
24054,3981,1
24055,2421,1
24055,3770,1
24055,18574,1
24055,20639,1
24056,3559,1
24056,18158,1
24056,26373,1
24056,26483,1
24056,29608,1
24057,3348,1
24057,5612,1
24058,3137,1
24059,2926,1
24060,2715,1
24061,2504,1
24061,23216,1
24062,2293,1
24063,2082,1
24064,1871,1
24065,1660,1
24065,9109,1
24066,1449,1
24066,7288,1
24067,1238,1
24067,3274,1
24067,6557,1
24068,1027,1
24068,26347,1
24068,29332,1
24069,816,1
24069,2911,1
24069,17735,1
24069,29017,1
24070,605,1
24070,14322,1
24070,23955,1
24070,24510,1
24071,394,1
24071,16636,1
24071,30106,1
24072,183,1
24072,18503,1
24072,19212,1
24072,29533,1
24073,9095,1
24073,18263,1
24073,18340,1
24073,32740,1
24074,8082,1
24074,32529,1
24075,8427,1
24075,27957,1
24075,32318,1
24076,15333,1
24076,32107,1
24077,12600,1
24077,31896,1
24078,21396,1
24078,31685,1
24079,1290,1
24079,31474,1
24080,21013,1
24080,31263,1
24081,31052,1
24082,5418,1
24082,7606,1
24082,24677,1
24082,30841,1
24083,30630,1
24084,18850,1
24084,30419,1
24085,26099,1
24085,30208,1
24086,26586,1
24086,29997,1
24087,29786,1
24088,29575,1
24089,29364,1
24090,21349,1
24090,29153,1
24091,4124,1
24091,26354,1
24091,28942,1
24091,30145,1
24092,17283,1
24092,28731,1
24093,24854,1
24093,28520,1
24094,21896,1
24094,28309,1
24095,16015,1
24095,28098,1
24096,27887,1
24096,28699,1
24097,27676,1
24098,26058,1
24098,27465,1
24099,27254,1
24100,27043,1
24100,27450,1
24101,26832,1
24102,22116,1
24102,26621,1
24103,26410,1
24104,26199,1
24105,16040,1
24105,23284,1
24105,25988,1
24106,25777,1
24107,4022,1
24107,25566,1
24108,25355,1
24109,6500,1
24109,11512,1
24109,25144,1
24110,5481,1
24110,24933,1
24111,24722,1
24112,14901,1
24112,24511,1
24113,24300,1
24114,2575,1
24114,3888,1
24114,7277,1
24114,24089,1
24115,23878,1
24116,23171,1
24116,23667,1
24116,25137,1
24117,23456,1
24117,24658,1
24117,31549,1
24118,23245,1
24118,23770,1
24119,23034,1
24120,3429,1
24120,22823,1
24121,20406,1
24121,22612,1
24121,25542,1
24121,30458,1
24122,22401,1
24123,22190,1
24124,21979,1
24125,21768,1
24126,4273,1
24126,21557,1
24127,3252,1
24127,21346,1
24127,21446,1
24128,21135,1
24128,24754,1
24129,20924,1
24130,5552,1
24130,18370,1
24130,20713,1
24130,30756,1
24131,2737,1
24131,9999,1
24131,14499,1
24131,20502,1
24132,20291,1
24133,1944,1
24133,16633,1
24133,17795,1
24133,20080,1
24133,25080,1
24134,19869,1
24134,21536,1
24134,29956,1
24135,19658,1
24136,19447,1
24137,19236,1
24137,31832,1
24138,6581,1
24138,19025,1
24139,11254,1
24139,18814,1
24140,2437,1
24140,18603,1
24140,18809,1
24140,23374,1
24140,26802,1
24140,26867,1
24140,29676,1
24141,9594,1
24141,18392,1
24141,31920,1
24142,17473,1
24142,18181,1
24143,13541,1
24143,17970,1
24143,27736,1
24144,2007,1
24144,17759,1
24144,30411,1
24145,9510,1
24145,17548,1
24146,17337,1
24147,13096,1
24147,17126,1
24148,4297,1
24148,16915,1
24148,24901,1
24148,29518,1
24149,16704,1
24150,16493,1
24151,16282,1
24152,16071,1
24152,24038,1
24153,6062,1
24153,12113,1
24153,15860,1
24153,16556,1
24153,23220,1
24154,15649,1
24154,29207,1
24155,582,1
24155,15438,1
24155,26397,1
24156,1141,1
24156,15227,1
24156,20389,1
24156,28547,1
24157,15016,1
24157,27493,1
24158,14805,1
24159,6635,1
24159,14594,1
24160,9547,1
24160,14383,1
24161,14172,1
24162,13961,1
24163,13750,1
24164,13539,1
24165,7725,1
24165,13328,1
24166,13117,1
24166,28553,1
24167,12906,1
24167,26949,1
24167,30056,1
24168,12695,1
24169,12484,1
24170,12273,1
24171,12062,1
24171,22872,1
24172,439,1
24172,11851,1
24172,12187,1
24172,25867,1
24173,7612,1
24173,11640,1
24173,28881,1
24174,11429,1
24174,32354,1
24175,11218,1
24176,11007,1
24177,10796,1
24178,10585,1
24179,10374,1
24179,22073,1
24180,3981,1
24180,8789,1
24180,10163,1
24181,6731,1
24181,9952,1
24181,15093,1
24181,29010,1
24181,32361,1
24182,9741,1
24182,18779,1
24182,24411,1
24183,9530,1
24183,15793,1
24184,3350,1
24184,9319,1
24184,19387,1
24184,31010,1
24185,1525,1
24185,9108,1
24186,1338,1
24186,1722,1
24186,8897,1
24186,19088,1
24187,8169,1
24187,8176,1
24187,8686,1
24188,8475,1
24188,30153,1
24189,8264,1
24190,8053,1
24191,7842,1
24192,7631,1
24193,7420,1
24194,7209,1
24195,6998,1
24195,22462,1
24196,6787,1
24196,24635,1
24197,6576,1
24197,28013,1
24198,6365,1
24199,6154,1
24200,5943,1
24200,10586,1
24200,15442,1
24201,5732,1
24202,5521,1
24202,6140,1
24202,24865,1
24203,4442,1
24203,5310,1
24203,8202,1
24204,5099,1
24204,22040,1
24205,969,1
24205,4888,1
24206,4677,1
24207,1047,1
24207,4466,1
24208,4255,1
24208,10329,1
24208,23319,1
24209,4044,1
24209,21544,1
24209,30402,1
24210,3833,1
24211,3622,1
24211,24995,1
24212,3411,1
24212,7348,1
24213,3106,1
24213,3200,1
24214,2989,1
24215,2778,1
24215,20677,1
24216,2567,1
24216,6350,1
24217,2356,1
24217,26339,1
24218,2145,1
24219,1934,1
24219,24840,1
24220,1723,1
24221,1512,1
24221,18433,1
24221,25025,1
24222,1301,1
24222,17541,1
24223,1090,1
24224,879,1
24224,2701,1
24224,3690,1
24224,4268,1
24224,6092,1
24225,668,1
24225,26001,1
24226,457,1
24226,27619,1
24227,246,1
24228,35,1
24228,1625,1
24228,31996,1
24229,20885,1
24229,32592,1
24230,30523,1
24230,32381,1
24231,32170,1
24232,31959,1
24233,31748,1
24234,31537,1
24235,31326,1
24236,27132,1
24236,27831,1
24236,31115,1
24237,9277,1
24237,30904,1
24238,30693,1
24239,30482,1
24240,30271,1
24241,14539,1
24241,17536,1
24241,30060,1
24242,29849,1
24243,29638,1
24244,18308,1
24244,29427,1
24245,29216,1
24245,30687,1
24246,29005,1
24247,28794,1
24248,28583,1
24249,17398,1
24249,24088,1
24249,24352,1
24249,28372,1
24250,28161,1
24251,17019,1
24251,27950,1
24251,32275,1
24252,15193,1
24252,18803,1
24252,27739,1
24253,27528,1
24254,27317,1
24255,2456,1
24255,27106,1
24256,26895,1
24256,30788,1
24257,26684,1
24258,26473,1
24258,30132,1
24259,26262,1
24260,26051,1
24261,3984,1
24261,25840,1
24262,3339,1
24262,7965,1
24262,10800,1
24262,25629,1
24263,11564,1
24263,25418,1
24264,15970,1
24264,25207,1
24265,24996,1
24266,24785,1
24267,23289,1
24267,24193,1
24267,24574,1
24268,24363,1
24269,2271,1
24269,23700,1
24269,24152,1
24270,23941,1
24271,23730,1
24272,23519,1
24273,23308,1
24274,23097,1
24275,22886,1
24275,25266,1
24276,19284,1
24276,22675,1
24277,6390,1
24277,22464,1
24278,22253,1
24279,12741,1
24279,16563,1
24279,22042,1
24280,1505,1
24280,5805,1
24280,17278,1
24280,21831,1
24281,14094,1
24281,21620,1
24282,21409,1
24283,2533,1
24283,8508,1
24283,20073,1
24283,21198,1
24284,20987,1
24284,23450,1
24285,11632,1
24285,20776,1
24286,16299,1
24286,20565,1
24287,7866,1
24287,20354,1
24288,20143,1
24289,19932,1
24290,19721,1
24291,19510,1
24292,19299,1
24292,27044,1
24293,5905,1
24293,19088,1
24294,18877,1
24294,30662,1
24295,18666,1
24295,28116,1
24296,18455,1
24297,18244,1
24298,10415,1
24298,18033,1
24299,7010,1
24299,17822,1
24300,5502,1
24300,17611,1
24301,17400,1
24301,28434,1
24302,17189,1
24303,16978,1
24303,20468,1
24304,13673,1
24304,16767,1
24304,20929,1
24305,16556,1
24306,16345,1
24307,8389,1
24307,16134,1
24308,8127,1
24308,15923,1
24309,15712,1
24310,15501,1
24311,37,1
24311,15290,1
24312,15079,1
24313,2096,1
24313,14868,1
24314,10001,1
24314,14657,1
24314,26275,1
24315,14446,1
24316,4562,1
24316,14235,1
24316,15651,1
24317,14024,1
24318,7011,1
24318,13813,1
24319,13602,1
24319,13982,1
24320,4298,1
24320,4827,1
24320,13391,1
24320,22783,1
24321,13180,1
24322,12969,1
24323,12758,1
24323,31538,1
24324,12547,1
24324,27212,1
24325,12336,1
24326,3118,1
24326,12125,1
24327,11914,1
24328,11703,1
24329,11492,1
24329,12867,1
24330,11281,1
24330,30148,1
24331,8439,1
24331,11070,1
24331,12984,1
24332,1355,1
24332,10859,1
24333,10648,1
24333,22305,1
24333,27352,1
24334,5637,1
24334,10437,1
24334,31826,1
24335,2676,1
24335,10226,1
24336,10015,1
24336,17261,1
24336,31375,1
24337,9804,1
24337,28794,1
24338,1736,1
24338,3761,1
24338,9593,1
24338,11038,1
24339,9382,1
24339,17796,1
24340,9171,1
24340,12951,1
24341,7145,1
24341,8960,1
24341,9282,1
24342,8749,1
24343,8538,1
24344,8327,1
24344,18136,1
24345,7988,1
24345,8116,1
24346,7905,1
24347,7694,1
24347,14740,1
24348,7483,1
24349,7272,1
24350,7061,1
24350,18605,1
24351,6850,1
24351,13042,1
24352,6639,1
24352,9349,1
24353,6428,1
24354,6217,1
24355,6006,1
24355,23438,1
24356,5795,1
24356,6599,1
24357,5584,1
24358,5373,1
24359,5162,1
24359,22259,1
24360,4951,1
24360,5765,1
24361,4740,1
24362,4529,1
24363,4318,1
24364,4107,1
24365,3896,1
24366,3685,1
24367,3474,1
24367,7652,1
24367,15312,1
24367,18261,1
24368,3263,1
24368,15848,1
24369,3052,1
24370,2841,1
24371,2630,1
24371,14710,1
24371,16804,1
24372,2419,1
24373,2208,1
24374,1997,1
24374,13367,1
24374,14475,1
24375,1786,1
24375,2449,1
24375,4437,1
24376,1575,1
24376,7316,1
24377,1364,1
24377,8234,1
24378,1153,1
24379,942,1
24379,11562,1
24379,16757,1
24380,731,1
24381,520,1
24382,309,1
24382,11993,1
24383,98,1
24383,2360,1
24383,8359,1
24384,9797,1
24384,32655,1
24385,27846,1
24385,32444,1
24386,17415,1
24386,32233,1
24387,32022,1
24388,2041,1
24388,31811,1
24389,31600,1
24390,31389,1
24391,26626,1
24391,31178,1
24392,30967,1
24393,21729,1
24393,30756,1
24394,30545,1
24395,20754,1
24395,30334,1
24396,5477,1
24396,14012,1
24396,30123,1
24397,29912,1
24398,11675,1
24398,11710,1
24398,12788,1
24398,29701,1
24399,29490,1
24400,29279,1
24401,29068,1
24402,24383,1
24402,28857,1
24403,19077,1
24403,28646,1
24404,28435,1
24405,20121,1
24405,21401,1
24405,28224,1
24406,28013,1
24407,27802,1
24408,20556,1
24408,27591,1
24408,30698,1
24409,27380,1
24410,4237,1
24410,27169,1
24411,8822,1
24411,20044,1
24411,26958,1
24412,22664,1
24412,26747,1
24413,26536,1
24414,9762,1
24414,13175,1
24414,26325,1
24415,26114,1
24415,30189,1
24416,8781,1
24416,14807,1
24416,25903,1
24417,25692,1
24418,5887,1
24418,14712,1
24418,20480,1
24418,25481,1
24419,25270,1
24420,25059,1
24421,24848,1
24422,12308,1
24422,24637,1
24423,2522,1
24423,19885,1
24423,24426,1
24424,304,1
24424,24215,1
24425,20819,1
24425,24004,1
24426,18853,1
24426,22323,1
24426,23793,1
24427,23582,1
24428,23371,1
24429,12266,1
24429,19948,1
24429,23160,1
24430,887,1
24430,22949,1
24431,22738,1
24432,4847,1
24432,20467,1
24432,22527,1
24432,30621,1
24433,832,1
24433,21312,1
24433,22316,1
24434,22105,1
24435,11969,1
24435,21894,1
24435,23459,1
24435,27048,1
24436,21683,1
24436,26778,1
24437,3482,1
24437,21472,1
24438,21261,1
24439,19285,1
24439,21050,1
24440,20839,1
24440,28928,1
24441,20628,1
24442,20417,1
24443,5555,1
24443,20206,1
24444,19995,1
24444,27974,1
24445,6678,1
24445,17712,1
24445,19784,1
24446,1179,1
24446,19573,1
24446,21622,1
24447,17008,1
24447,19362,1
24447,23502,1
24448,19151,1
24449,14759,1
24449,18940,1
24450,11603,1
24450,18729,1
24451,18518,1
24452,11181,1
24452,18307,1
24452,27819,1
24453,11744,1
24453,18096,1
24454,17885,1
24454,22417,1
24455,8847,1
24455,17674,1
24456,12174,1
24456,15265,1
24456,17463,1
24457,17252,1
24458,17041,1
24459,8252,1
24459,16830,1
24460,14987,1
24460,16619,1
24460,23523,1
24461,16408,1
24462,16197,1
24462,25847,1
24463,15986,1
24464,4784,1
24464,5663,1
24464,11867,1
24464,15775,1
24464,25559,1
24465,15564,1
24466,15353,1
24466,30972,1
24467,15142,1
24468,11449,1
24468,14931,1
24468,16577,1
24468,25501,1
24469,13339,1
24469,14720,1
24470,14509,1
24471,14298,1
24471,18653,1
24472,4498,1
24472,14087,1
24473,13876,1
24474,13665,1
24475,13454,1
24476,13243,1
24476,19339,1
24476,22133,1
24477,13032,1
24478,12821,1
24478,17430,1
24479,12610,1
24480,12072,1
24480,12399,1
24480,12930,1
24481,12188,1
24481,12633,1
24482,11977,1
24482,25730,1
24483,11766,1
24483,17270,1
24484,1020,1
24484,2375,1
24484,11555,1
24485,11344,1
24485,30232,1
24486,11133,1
24487,10922,1
24488,6833,1
24488,10711,1
24489,10500,1
24490,10289,1
24491,10078,1
24491,14242,1
24492,9867,1
24493,9656,1
24494,9445,1
24494,14075,1
24494,15431,1
24495,9234,1
24495,29924,1
24496,9023,1
24496,9758,1
24497,8812,1
24498,8601,1
24498,15210,1
24498,19385,1
24498,26485,1
24499,8390,1
24499,20024,1
24499,22788,1
24500,8179,1
24501,796,1
24501,1622,1
24501,7968,1
24501,8994,1
24502,7757,1
24503,4479,1
24503,7546,1
24504,2108,1
24504,7335,1
24505,7124,1
24506,2626,1
24506,6913,1
24507,6702,1
24507,11767,1
24508,6491,1
24509,6280,1
24510,753,1
24510,6069,1
24510,21300,1
24511,5858,1
24511,21617,1
24511,32160,1
24512,2335,1
24512,5647,1
24513,229,1
24513,5436,1
24513,24397,1
24514,5225,1
24514,7994,1
24514,9838,1
24515,5014,1
24515,5564,1
24516,4803,1
24517,622,1
24517,4592,1
24517,15297,1
24518,4381,1
24518,30843,1
24519,4170,1
24519,20846,1
24519,30842,1
24520,3959,1
24520,28374,1
24521,3748,1
24521,10698,1
24521,18163,1
24522,3537,1
24523,3326,1
24524,3115,1
24524,23630,1
24524,31119,1
24525,2904,1
24526,2693,1
24526,6239,1
24526,9239,1
24526,9429,1
24526,25757,1
24527,2482,1
24528,2271,1
24528,9350,1
24529,2060,1
24529,12596,1
24530,1849,1
24531,1638,1
24531,3167,1
24531,8311,1
24531,9681,1
24532,1427,1
24533,1216,1
24534,1005,1
24534,3517,1
24534,8179,1
24534,18766,1
24535,794,1
24535,4973,1
24536,583,1
24536,2814,1
24537,372,1
24538,161,1
24538,578,1
24539,9902,1
24539,24620,1
24539,32718,1
24540,17392,1
24540,19311,1
24540,23941,1
24540,25505,1
24540,32507,1
24541,25042,1
24541,32296,1
24542,26212,1
24542,32085,1
24543,5885,1
24543,31874,1
24544,9299,1
24544,31663,1
24545,1628,1
24545,31452,1
24546,4793,1
24546,31241,1
24547,31030,1
24548,13138,1
24548,16957,1
24548,30819,1
24549,30608,1
24550,1786,1
24550,30397,1
24551,30186,1
24552,29975,1
24553,29764,1
24554,29553,1
24555,1358,1
24555,3007,1
24555,5546,1
24555,29342,1
24556,11938,1
24556,19670,1
24556,29131,1
24557,28920,1
24558,2428,1
24558,26885,1
24558,28709,1
24559,28498,1
24560,28287,1
24561,15988,1
24561,28076,1
24562,27865,1
24562,29839,1
24563,7205,1
24563,27654,1
24564,9130,1
24564,22726,1
24564,27443,1
24565,14535,1
24565,17826,1
24565,27232,1
24566,12544,1
24566,27021,1
24567,13976,1
24567,26810,1
24568,18661,1
24568,26599,1
24569,8959,1
24569,26388,1
24570,10419,1
24570,21647,1
24570,26177,1
24570,32337,1
24571,9528,1
24571,25966,1
24572,25755,1
24573,15033,1
24573,15986,1
24573,25544,1
24574,25333,1
24575,25122,1
24576,24911,1
24577,24700,1
24578,1911,1
24578,7293,1
24578,24489,1
24579,24278,1
24580,13936,1
24580,24067,1
24581,23856,1
24582,23645,1
24583,9885,1
24583,23434,1
24584,23223,1
24585,23012,1
24586,22801,1
24587,22590,1
24587,28367,1
24588,9388,1
24588,22379,1
24589,12541,1
24589,13988,1
24589,22168,1
24590,21957,1
24591,21746,1
24592,21535,1
24593,21324,1
24593,31500,1
24594,21113,1
24595,15627,1
24595,20902,1
24596,20691,1
24597,13849,1
24597,17419,1
24597,19005,1
24597,20480,1
24598,20269,1
24599,20058,1
24600,19847,1
24601,14419,1
24601,19636,1
24602,19425,1
24603,19214,1
24604,19003,1
24605,18792,1
24606,18581,1
24607,18370,1
24608,9621,1
24608,18159,1
24609,5786,1
24609,17948,1
24610,17737,1
24610,20539,1
24611,17526,1
24611,22007,1
24612,17315,1
24612,23393,1
24613,17104,1
24614,3739,1
24614,8609,1
24614,16285,1
24614,16893,1
24615,4179,1
24615,16682,1
24616,16471,1
24616,25352,1
24617,3178,1
24617,16260,1
24618,16049,1
24619,15838,1
24620,207,1
24620,15627,1
24620,21075,1
24621,15416,1
24622,15205,1
24622,16619,1
24623,14994,1
24623,26299,1
24624,7009,1
24624,9639,1
24624,14783,1
24625,3573,1
24625,4065,1
24625,14572,1
24625,21158,1
24626,14361,1
24627,14150,1
24627,30838,1
24628,3695,1
24628,13939,1
24628,21280,1
24629,13728,1
24630,13517,1
24631,13306,1
24631,16593,1
24631,32664,1
24632,7785,1
24632,13095,1
24633,12122,1
24633,12884,1
24634,12673,1
24635,12462,1
24636,12251,1
24637,12040,1
24638,1035,1
24638,11829,1
24639,11618,1
24640,11407,1
24640,31353,1
24641,11196,1
24641,22853,1
24642,10985,1
24643,8688,1
24643,10774,1
24643,13590,1
24644,5843,1
24644,10563,1
24644,25782,1
24645,10352,1
24645,11713,1
24645,17041,1
24646,10141,1
24646,26375,1
24647,9930,1
24647,13009,1
24648,9719,1
24648,23656,1
24649,9508,1
24650,9297,1
24650,30877,1
24651,8498,1
24651,9086,1
24651,27496,1
24652,8875,1
24652,24504,1
24652,26960,1
24653,8664,1
24653,13176,1
24653,31539,1
24654,4902,1
24654,8453,1
24654,12843,1
24655,8242,1
24656,8031,1
24656,27565,1
24657,7820,1
24657,8604,1
24657,26924,1
24658,7609,1
24658,31334,1
24659,7398,1
24659,9923,1
24659,15654,1
24660,2418,1
24660,7187,1
24661,6976,1
24661,21709,1
24661,28869,1
24662,1145,1
24662,6765,1
24662,28008,1
24663,6554,1
24663,23958,1
24664,6343,1
24664,15666,1
24664,30762,1
24665,2152,1
24665,6132,1
24665,25431,1
24666,5921,1
24666,29775,1
24667,5710,1
24668,5499,1
24669,5288,1
24669,7695,1
24669,19856,1
24670,5077,1
24670,30859,1
24671,4866,1
24671,7803,1
24671,12499,1
24671,31450,1
24672,4655,1
24673,2811,1
24673,4444,1
24673,18405,1
24674,4233,1
24674,23048,1
24675,4022,1
24676,1600,1
24676,3811,1
24676,8340,1
24677,3600,1
24678,3389,1
24678,28319,1
24679,3178,1
24680,2967,1
24681,2756,1
24681,4783,1
24682,2545,1
24683,2334,1
24684,2123,1
24684,6458,1
24684,27582,1
24685,1912,1
24685,10818,1
24686,1701,1
24686,25737,1
24687,1468,1
24687,1490,1
24687,28228,1
24688,1279,1
24689,1068,1
24690,857,1
24691,646,1
24691,5361,1
24692,435,1
24692,1945,1
24692,2973,1
24692,7219,1
24692,27177,1
24693,224,1
24694,13,1
24695,4106,1
24695,31774,1
24695,32570,1
24696,32359,1
24697,27834,1
24697,32148,1
24698,21875,1
24698,31937,1
24699,22473,1
24699,31726,1
24700,31515,1
24701,31304,1
24702,31093,1
24703,11012,1
24703,22020,1
24703,30882,1
24704,14015,1
24704,28200,1
24704,30671,1
24705,6327,1
24705,30460,1
24706,6554,1
24706,30249,1
24707,20279,1
24707,30038,1
24708,1965,1
24708,29827,1
24709,10859,1
24709,29616,1
24710,19334,1
24710,28420,1
24710,29405,1
24711,7297,1
24711,13920,1
24711,29194,1
24712,28983,1
24713,28772,1
24714,28561,1
24715,4530,1
24715,28350,1
24715,29073,1
24716,20450,1
24716,28139,1
24717,19016,1
24717,22203,1
24717,27928,1
24718,2046,1
24718,27717,1
24719,16741,1
24719,27506,1
24720,1596,1
24720,27295,1
24721,27084,1
24722,26873,1
24722,30804,1
24723,16175,1
24723,25460,1
24723,26662,1
24724,2896,1
24724,6583,1
24724,26451,1
24725,26240,1
24726,14267,1
24726,26029,1
24726,31569,1
24727,25818,1
24728,5689,1
24728,8519,1
24728,25607,1
24729,6389,1
24729,8187,1
24729,9889,1
24729,25396,1
24729,26766,1
24730,18902,1
24730,25185,1
24731,24974,1
24731,26745,1
24732,22729,1
24732,24763,1
24733,24552,1
24733,29497,1
24734,11685,1
24734,24341,1
24734,30731,1
24735,10827,1
24735,23871,1
24735,24130,1
24736,23919,1
24737,23708,1
24737,25572,1
24738,5243,1
24738,23497,1
24739,23286,1
24740,14682,1
24740,19328,1
24740,23075,1
24741,22864,1
24741,31612,1
24742,15787,1
24742,22653,1
24743,22442,1
24743,23772,1
24744,19412,1
24744,22231,1
24744,25642,1
24745,17981,1
24745,22020,1
24746,931,1
24746,21809,1
24746,30370,1
24747,12973,1
24747,19410,1
24747,21598,1
24748,21387,1
24748,24021,1
24749,4738,1
24749,21176,1
24750,3547,1
24750,9767,1
24750,20965,1
24750,27759,1
24751,20754,1
24751,22980,1
24751,30791,1
24752,20543,1
24753,20332,1
24754,20121,1
24755,11475,1
24755,16665,1
24755,19910,1
24756,1224,1
24756,8855,1
24756,10753,1
24756,19699,1
24757,1188,1
24757,19488,1
24758,7305,1
24758,8105,1
24758,19277,1
24758,21899,1
24759,19066,1
24759,21882,1
24760,7412,1
24760,18855,1
24760,24266,1
24761,18644,1
24762,10371,1
24762,16830,1
24762,18433,1
24762,22680,1
24763,17761,1
24763,18222,1
24763,26545,1
24764,12235,1
24764,18011,1
24765,5509,1
24765,17800,1
24766,10315,1
24766,17589,1
24766,21844,1
24766,23910,1
24767,5461,1
24767,17378,1
24767,19156,1
24768,13192,1
24768,17167,1
24769,5490,1
24769,16956,1
24770,16745,1
24770,28149,1
24771,16534,1
24771,17028,1
24772,16323,1
24772,29194,1
24773,16112,1
24774,15901,1
24775,15690,1
24775,26097,1
24775,29516,1
24776,15479,1
24776,22532,1
24777,15268,1
24777,30286,1
24777,32673,1
24778,15057,1
24779,14846,1
24779,22810,1
24779,30772,1
24780,8336,1
24780,14635,1
24781,14424,1
24782,14213,1
24783,14002,1
24784,13791,1
24785,126,1
24785,13580,1
24786,2317,1
24786,13369,1
24786,16208,1
24787,8764,1
24787,13158,1
24788,12947,1
24789,12736,1
24789,26942,1
24790,12525,1
24791,8261,1
24791,12314,1
24791,24544,1
24791,29179,1
24792,4368,1
24792,12103,1
24793,11892,1
24794,11681,1
24794,22459,1
24795,11470,1
24795,12845,1
24795,24509,1
24796,11259,1
24796,12105,1
24796,20582,1
24797,11048,1
24797,28802,1
24798,8622,1
24798,10837,1
24799,10626,1
24799,22771,1
24800,10415,1
24801,10204,1
24801,22436,1
24801,25500,1
24802,9993,1
24802,19394,1
24803,9782,1
24804,9571,1
24804,15356,1
24804,15538,1
24805,9360,1
24805,28776,1
24806,9149,1
24806,12012,1
24806,15710,1
24807,8938,1
24807,21425,1
24808,8727,1
24808,17730,1
24808,24091,1
24809,8516,1
24809,28156,1
24810,8305,1
24810,22255,1
24811,8094,1
24811,24837,1
24811,32714,1
24812,7883,1
24813,7672,1
24814,7461,1
24815,7250,1
24815,13828,1
24816,7039,1
24816,11639,1
24817,6828,1
24817,11071,1
24818,6617,1
24818,26172,1
24819,2295,1
24819,6406,1
24820,3334,1
24820,6195,1
24821,5984,1
24821,23119,1
24822,5773,1
24823,5562,1
24824,5351,1
24824,7395,1
24825,463,1
24825,5140,1
24826,4929,1
24826,20151,1
24827,4718,1
24827,16616,1
24827,18004,1
24828,4507,1
24829,4296,1
24829,17282,1
24830,3487,1
24830,4085,1
24831,3874,1
24831,16908,1
24832,3663,1
24832,19883,1
24833,3452,1
24834,3241,1
24834,8803,1
24835,3030,1
24836,2819,1
24837,2608,1
24837,20943,1
24838,1422,1
24838,2397,1
24838,20516,1
24838,30147,1
24839,2186,1
24839,11771,1
24840,1975,1
24840,14575,1
24840,31026,1
24841,1764,1
24841,12416,1
24842,1553,1
24842,20964,1
24843,1342,1
24844,175,1
24844,1131,1
24845,920,1
24846,709,1
24847,498,1
24847,13509,1
24848,287,1
24848,20739,1
24849,76,1
24850,4039,1
24850,11026,1
24850,32633,1
24851,451,1
24851,1998,1
24851,32422,1
24852,18726,1
24852,32211,1
24853,32000,1
24854,19913,1
24854,22274,1
24854,31789,1
24855,31578,1
24856,9315,1
24856,31367,1
24857,31156,1
24858,23738,1
24858,30945,1
24859,5356,1
24859,30734,1
24860,11242,1
24860,15178,1
24860,18668,1
24860,30523,1
24861,30312,1
24862,8041,1
24862,30101,1
24863,14988,1
24863,29890,1
24864,13153,1
24864,19726,1
24864,29679,1
24865,14488,1
24865,29468,1
24866,1032,1
24866,25392,1
24866,25476,1
24866,29257,1
24867,5005,1
24867,29046,1
24867,32254,1
24868,23408,1
24868,28835,1
24869,2112,1
24869,20449,1
24869,28624,1
24869,29968,1
24870,28413,1
24871,5631,1
24871,28202,1
24872,17348,1
24872,27991,1
24873,17204,1
24873,27780,1
24873,31722,1
24874,834,1
24874,27569,1
24875,19492,1
24875,27358,1
24876,27147,1
24877,26936,1
24878,26725,1
24879,26514,1
24880,26303,1
24881,8697,1
24881,26092,1
24882,20818,1
24882,25881,1
24883,2887,1
24883,25670,1
24884,7581,1
24884,25459,1
24885,25248,1
24886,11918,1
24886,25037,1
24887,24826,1
24888,2171,1
24888,12933,1
24888,24615,1
24889,24404,1
24890,24193,1
24891,10454,1
24891,23982,1
24892,23771,1
24893,23560,1
24894,23349,1
24895,23138,1
24896,7444,1
24896,22927,1
24897,21298,1
24897,22716,1
24898,10612,1
24898,15043,1
24898,22505,1
24899,17442,1
24899,20078,1
24899,22294,1
24899,23150,1
24900,22083,1
24901,4781,1
24901,20956,1
24901,21872,1
24902,13316,1
24902,21661,1
24903,6504,1
24903,21450,1
24903,21784,1
24903,21867,1
24904,5729,1
24904,21239,1
24905,21028,1
24906,1230,1
24906,20817,1
24907,20606,1
24907,20693,1
24908,4504,1
24908,19442,1
24908,20395,1
24908,22378,1
24909,13041,1
24909,20184,1
24910,192,1
24910,19973,1
24910,25346,1
24911,1480,1
24911,19762,1
24911,26576,1
24912,2181,1
24912,9091,1
24912,12335,1
24912,18535,1
24912,19551,1
24913,19340,1
24914,10062,1
24914,19129,1
24914,26383,1
24914,29907,1
24915,18918,1
24915,23633,1
24916,18707,1
24917,18496,1
24918,17,1
24918,18285,1
24919,10561,1
24919,18074,1
24920,17863,1
24920,25212,1
24921,17652,1
24922,4398,1
24922,17441,1
24923,17230,1
24923,19369,1
24923,24436,1
24924,17019,1
24925,16808,1
24925,27840,1
24925,30733,1
24926,9811,1
24926,16597,1
24926,22702,1
24926,28831,1
24927,10828,1
24927,16386,1
24927,17483,1
24928,16175,1
24929,15371,1
24929,15964,1
24930,1299,1
24930,15753,1
24931,5001,1
24931,15542,1
24931,24416,1
24932,15331,1
24932,15398,1
24932,29813,1
24933,15120,1
24934,14909,1
24935,14698,1
24936,14487,1
24937,3881,1
24937,14276,1
24937,24519,1
24938,951,1
24938,1109,1
24938,14065,1
24939,13854,1
24940,13643,1
24940,25862,1
24941,13432,1
24941,16159,1
24942,13221,1
24942,30460,1
24942,30912,1
24943,13010,1
24944,12799,1
24945,4422,1
24945,12588,1
24945,25124,1
24946,12377,1
24946,31219,1
24947,8474,1
24947,12166,1
24947,16497,1
24948,11955,1
24949,11744,1
24950,11533,1
24950,22229,1
24951,11322,1
24952,11111,1
24952,16700,1
24952,18973,1
24953,2524,1
24953,10900,1
24954,10689,1
24955,10478,1
24956,10267,1
24956,32747,1
24957,10056,1
24957,11067,1
24957,11120,1
24957,28158,1
24957,29401,1
24958,9845,1
24959,9634,1
24960,9423,1
24961,9212,1
24962,9001,1
24963,8790,1
24964,8579,1
24965,8368,1
24966,8157,1
24967,7946,1
24968,2125,1
24968,7735,1
24969,7524,1
24970,7313,1
24970,26678,1
24971,7102,1
24972,6891,1
24972,8605,1
24973,6680,1
24974,6469,1
24974,25914,1
24975,655,1
24975,6258,1
24976,6047,1
24976,7517,1
24976,19317,1
24976,19649,1
24977,5836,1
24977,14156,1
24978,5625,1
24978,28088,1
24979,5414,1
24979,13715,1
24980,5203,1
24980,21554,1
24981,4992,1
24981,21978,1
24982,4781,1
24983,4570,1
24983,28489,1
24984,4359,1
24984,10324,1
24985,2959,1
24985,3349,1
24985,4148,1
24986,3937,1
24986,8168,1
24986,10786,1
24987,3726,1
24988,3515,1
24989,3304,1
24989,16528,1
24989,29819,1
24990,3093,1
24990,13652,1
24990,29402,1
24991,2882,1
24991,4389,1
24991,23175,1
24992,2671,1
24992,31398,1
24993,2460,1
24994,2249,1
24995,2038,1
24996,1827,1
24997,1616,1
24997,3625,1
24997,22993,1
24998,1405,1
24999,1194,1
25000,983,1
25001,772,1
25001,17683,1
25002,561,1
25002,2468,1
25002,17279,1
25003,350,1
25004,139,1
25005,32696,1
25006,12179,1
25006,15825,1
25006,32485,1
25007,32274,1
25008,32063,1
25009,31852,1
25010,31641,1
25011,31430,1
25012,4454,1
25012,13897,1
25012,19500,1
25012,31219,1
25013,22709,1
25013,31008,1
25014,30797,1
25015,20514,1
25015,30586,1
25016,30375,1
25017,30164,1
25018,4093,1
25018,29953,1
25019,29742,1
25020,29531,1
25021,29320,1
25022,29109,1
25023,7889,1
25023,28898,1
25024,8736,1
25024,27799,1
25024,28687,1
25025,28476,1
25026,28265,1
25027,28054,1
25028,9714,1
25028,27843,1
25029,19,1
25029,14824,1
25029,27632,1
25030,6156,1
25030,24471,1
25030,27421,1
25031,2479,1
25031,11849,1
25031,27210,1
25032,14145,1
25032,26999,1
25033,13034,1
25033,26788,1
25033,30689,1
25034,26577,1
25035,8678,1
25035,26366,1
25035,31484,1
25036,26155,1
25037,24329,1
25037,25944,1
25037,27013,1
25037,28077,1
25038,5310,1
25038,25733,1
25039,25522,1
25040,13729,1
25040,14441,1
25040,25311,1
25041,25100,1
25041,31465,1
25042,14990,1
25042,24889,1
25043,16621,1
25043,24678,1
25044,13864,1
25044,19216,1
25044,24467,1
25045,3953,1
25045,24256,1
25046,4734,1
25046,5988,1
25046,19332,1
25046,24045,1
25047,12166,1
25047,23834,1
25048,7081,1
25048,17918,1
25048,23623,1
25049,23412,1
25050,20241,1
25050,23201,1
25051,22968,1
25051,22990,1
25052,22779,1
25053,22568,1
25053,24135,1
25054,22357,1
25055,22146,1
25055,24541,1
25056,11762,1
25056,19243,1
25056,21935,1
25057,21724,1
25057,28495,1
25058,21513,1
25059,21302,1
25060,20536,1
25060,21091,1
25061,20880,1
25062,20669,1
25062,23436,1
25063,20458,1
25064,1899,1
25064,13352,1
25064,20247,1
25064,30975,1
25065,8833,1
25065,20036,1
25066,3578,1
25066,19825,1
25066,30059,1
25067,4113,1
25067,9029,1
25067,19614,1
25067,19748,1
25067,21206,1
25068,3893,1
25068,15852,1
25068,19403,1
25069,19192,1
25070,18598,1
25070,18981,1
25071,5089,1
25071,15732,1
25071,18770,1
25072,5797,1
25072,14491,1
25072,18559,1
25072,20298,1
25073,18348,1
25073,27975,1
25074,18137,1
25075,17926,1
25076,17382,1
25076,17715,1
25076,31880,1
25077,17504,1
25078,9411,1
25078,17293,1
25078,19796,1
25079,17082,1
25080,16871,1
25080,18348,1
25081,16660,1
25082,5597,1
25082,16449,1
25083,16238,1
25084,1970,1
25084,15514,1
25084,16027,1
25084,24732,1
25084,26577,1
25085,427,1
25085,15816,1
25086,15605,1
25086,29243,1
25087,3680,1
25087,15394,1
25088,15183,1
25089,14972,1
25089,26552,1
25090,14761,1
25091,14550,1
25092,14339,1
25092,28433,1
25092,30817,1
25093,1581,1
25093,14128,1
25094,13917,1
25094,14982,1
25094,23515,1
25094,27085,1
25094,31190,1
25095,13706,1
25095,23647,1
25095,27997,1
25096,13495,1
25097,13284,1
25097,20542,1
25098,13073,1
25098,17357,1
25098,29088,1
25099,11437,1
25099,12862,1
25100,12651,1
25101,3846,1
25101,11009,1
25101,12440,1
25101,30739,1
25102,12229,1
25103,6054,1
25103,12018,1
25103,13373,1
25103,30543,1
25104,11807,1
25105,11596,1
25106,11385,1
25106,11739,1
25106,20246,1
25106,23135,1
25106,31562,1
25107,11174,1
25107,28268,1
25108,10963,1
25109,10752,1
25109,21885,1
25110,10541,1
25111,10330,1
25112,10119,1
25112,22947,1
25113,9908,1
25114,956,1
25114,2497,1
25114,9697,1
25114,23291,1
25115,9486,1
25116,9275,1
25117,6620,1
25117,9064,1
25117,26783,1
25118,8853,1
25119,8642,1
25119,28718,1
25120,8431,1
25121,1651,1
25121,8220,1
25121,13191,1
25121,32387,1
25122,8009,1
25123,7798,1
25123,21768,1
25123,27660,1
25124,7587,1
25124,11075,1
25125,7376,1
25126,2796,1
25126,7165,1
25127,6954,1
25128,6743,1
25129,6532,1
25129,31740,1
25130,6321,1
25130,19542,1
25131,6110,1
25132,5899,1
25133,5688,1
25133,6041,1
25133,19103,1
25134,5477,1
25134,24502,1
25135,5266,1
25135,8709,1
25135,27240,1
25136,5055,1
25136,20817,1
25136,27933,1
25137,1717,1
25137,4844,1
25137,11290,1
25138,4633,1
25138,5538,1
25139,4422,1
25140,4211,1
25140,4257,1
25140,23715,1
25141,4000,1
25141,26923,1
25141,31452,1
25141,32694,1
25142,3789,1
25143,3578,1
25143,13621,1
25143,19179,1
25144,3367,1
25145,3156,1
25146,2945,1
25147,2734,1
25148,2523,1
25148,3115,1
25148,29888,1
25149,2312,1
25149,11398,1
25149,17081,1
25150,2101,1
25151,1890,1
25151,31599,1
25152,1679,1
25152,2217,1
25152,32251,1
25153,1468,1
25153,20348,1
25154,1257,1
25154,1619,1
25154,16959,1
25155,1046,1
25156,835,1
25156,11831,1
25156,19147,1
25156,30113,1
25157,624,1
25157,10623,1
25158,413,1
25158,2724,1
25158,26081,1
25158,31248,1
25159,202,1
25159,10905,1
25160,27725,1
25160,32759,1
25161,11216,1
25161,26358,1
25161,29551,1
25161,32548,1
25162,32337,1
25163,19253,1
25163,32126,1
25164,31915,1
25165,31704,1
25166,29535,1
25166,31493,1
25167,2377,1
25167,31282,1
25167,32484,1
25168,31071,1
25169,18249,1
25169,30860,1
25170,5466,1
25170,7245,1
25170,29352,1
25170,30649,1
25171,4392,1
25171,30438,1
25172,30227,1
25173,30016,1
25174,11061,1
25174,29805,1
25175,15337,1
25175,29594,1
25176,29383,1
25177,17424,1
25177,27277,1
25177,29172,1
25178,28961,1
25179,28750,1
25180,28539,1
25181,7746,1
25181,28328,1
25182,18114,1
25182,28117,1
25183,8977,1
25183,27906,1
25184,24476,1
25184,27695,1
25184,29759,1
25184,31439,1
25185,27484,1
25186,27273,1
25187,27062,1
25188,26851,1
25189,7058,1
25189,26640,1
25190,26429,1
25191,13771,1
25191,14215,1
25191,17345,1
25191,20655,1
25191,25413,1
25191,26218,1
25192,10081,1
25192,26007,1
25192,30760,1
25193,25796,1
25194,13037,1
25194,25585,1
25195,25374,1
25195,27955,1
25196,25163,1
25196,27959,1
25197,24952,1
25198,24741,1
25198,27456,1
25199,24249,1
25199,24530,1
25200,2559,1
25200,24319,1
25200,27684,1
25201,24108,1
25202,9049,1
25202,11234,1
25202,20021,1
25202,20108,1
25202,22612,1
25202,23897,1
25203,8707,1
25203,23686,1
25204,6359,1
25204,13795,1
25204,23475,1
25205,23264,1
25206,2039,1
25206,7753,1
25206,8230,1
25206,14511,1
25206,16306,1
25206,21812,1
25206,23053,1
25207,22842,1
25208,2261,1
25208,3390,1
25208,15983,1
25208,22631,1
25209,2068,1
25209,22420,1
25209,28925,1
25210,3899,1
25210,19589,1
25210,22209,1
25211,3685,1
25211,21998,1
25211,29641,1
25212,108,1
25212,14872,1
25212,20178,1
25212,21787,1
25213,12464,1
25213,21576,1
25214,20888,1
25214,21365,1
25214,25690,1
25215,21154,1
25216,20943,1
25216,23249,1
25216,29136,1
25217,12785,1
25217,20732,1
25218,20521,1
25218,31555,1
25219,19947,1
25219,20310,1
25220,20099,1
25220,24606,1
25221,8400,1
25221,11874,1
25221,19888,1
25222,15548,1
25222,19677,1
25223,2346,1
25223,3456,1
25223,19466,1
25223,21777,1
25224,19255,1
25225,19044,1
25226,16493,1
25226,18833,1
25227,18347,1
25227,18622,1
25228,17861,1
25228,18411,1
25229,18200,1
25230,6989,1
25230,17989,1
25230,18228,1
25231,17778,1
25232,17567,1
25232,27702,1
25233,6397,1
25233,17356,1
25234,17145,1
25235,9544,1
25235,16934,1
25235,17821,1
25236,16723,1
25237,16512,1
25238,552,1
25238,6004,1
25238,16301,1
25239,8410,1
25239,16090,1
25240,15879,1
25240,28085,1
25241,15668,1
25241,16679,1
25242,15457,1
25243,8750,1
25243,15246,1
25244,15035,1
25244,21700,1
25245,14824,1
25246,5065,1
25246,10624,1
25246,14613,1
25247,14402,1
25247,17273,1
25248,9587,1
25248,14191,1
25248,25158,1
25248,27535,1
25249,3343,1
25249,13980,1
25250,13769,1
25250,15323,1
25251,12971,1
25251,13558,1
25252,13347,1
25252,31608,1
25253,13136,1
25254,12925,1
25254,18213,1
25254,23737,1
25254,28358,1
25255,12714,1
25255,17875,1
25256,10273,1
25256,12256,1
25256,12503,1
25257,12292,1
25258,2942,1
25258,3154,1
25258,11997,1
25258,12081,1
25259,11870,1
25260,11659,1
25260,25907,1
25261,118,1
25261,11448,1
25261,23372,1
25261,30514,1
25262,11237,1
25262,11884,1
25263,11026,1
25264,3665,1
25264,10815,1
25265,10604,1
25265,20007,1
25266,3682,1
25266,10393,1
25266,12802,1
25267,3220,1
25267,10182,1
25268,9971,1
25268,14992,1
25269,9760,1
25269,20658,1
25269,27906,1
25269,32421,1
25270,9549,1
25271,361,1
25271,9338,1
25271,31688,1
25272,9127,1
25273,8916,1
25274,55,1
25274,8705,1
25274,24489,1
25275,8494,1
25275,13878,1
25276,1913,1
25276,8283,1
25276,28173,1
25277,8072,1
25278,146,1
25278,7861,1
25278,15533,1
25278,16355,1
25279,7650,1
25280,7439,1
25280,9685,1
25281,7052,1
25281,7228,1
25281,23805,1
25282,4501,1
25282,6997,1
25282,7017,1
25283,6806,1
25283,19954,1
25284,6431,1
25284,6595,1
25285,173,1
25285,2218,1
25285,6384,1
25286,6173,1
25287,5962,1
25288,5751,1
25288,16553,1
25288,21722,1
25289,5540,1
25289,9082,1
25289,21578,1
25290,5329,1
25290,26521,1
25291,5118,1
25292,4907,1
25292,5428,1
25292,18241,1
25293,4696,1
25294,2825,1
25294,4485,1
25294,18916,1
25295,4274,1
25296,4063,1
25296,17296,1
25297,3852,1
25297,25298,1
25297,31432,1
25298,3641,1
25298,32636,1
25299,3430,1
25299,13328,1
25300,2429,1
25300,2612,1
25300,3219,1
25300,11365,1
25301,3008,1
25301,31797,1
25302,2797,1
25302,6461,1
25302,8543,1
25303,2586,1
25303,8528,1
25304,2375,1
25305,2164,1
25305,31656,1
25306,1953,1
25306,23312,1
25307,1742,1
25307,6016,1
25308,1531,1
25308,31886,1
25309,1320,1
25309,12478,1
25309,16338,1
25309,20306,1
25309,29406,1
25309,31976,1
25310,1109,1
25310,19918,1
25311,898,1
25312,687,1
25312,1447,1
25313,476,1
25314,265,1
25315,54,1
25315,214,1
25315,13796,1
25315,21293,1
25316,3639,1
25316,32611,1
25317,32400,1
25318,7276,1
25318,32189,1
25319,18141,1
25319,31978,1
25320,27557,1
25320,31767,1
25321,1388,1
25321,16714,1
25321,26715,1
25321,31556,1
25322,31345,1
25323,3758,1
25323,31134,1
25324,30923,1
25325,11346,1
25325,30712,1
25326,30501,1
25327,30290,1
25328,1790,1
25328,6336,1
25328,30079,1
25329,18039,1
25329,29868,1
25330,7703,1
25330,29657,1
25331,29446,1
25332,16376,1
25332,29235,1
25333,2065,1
25333,25290,1
25333,29024,1
25334,28813,1
25335,28602,1
25336,28391,1
25337,1961,1
25337,20662,1
25337,20853,1
25337,28180,1
25338,24660,1
25338,27969,1
25339,5127,1
25339,27758,1
25340,9561,1
25340,27547,1
25340,31493,1
25341,16276,1
25341,27336,1
25342,12928,1
25342,19262,1
25342,27125,1
25343,26914,1
25344,16446,1
25344,26703,1
25345,6993,1
25345,26492,1
25346,26281,1
25347,15004,1
25347,25132,1
25347,26070,1
25348,9731,1
25348,25859,1
25349,16280,1
25349,25648,1
25349,27707,1
25349,32115,1
25350,25437,1
25351,25226,1
25352,25015,1
25353,24804,1
25354,17599,1
25354,24593,1
25355,24382,1
25356,4329,1
25356,24171,1
25357,23960,1
25358,23749,1
25359,23538,1
25360,14725,1
25360,23327,1
25361,17438,1
25361,23116,1
25362,22905,1
25363,22694,1
25364,22483,1
25365,22272,1
25366,21094,1
25366,22061,1
25367,459,1
25367,14252,1
25367,21850,1
25367,27560,1
25368,21639,1
25369,1364,1
25369,11791,1
25369,21428,1
25370,21217,1
25370,22308,1
25371,21006,1
25372,17621,1
25372,20795,1
25372,21332,1
25373,20584,1
25374,18917,1
25374,20373,1
25375,11653,1
25375,20162,1
25375,32290,1
25376,19951,1
25377,19740,1
25378,19529,1
25378,27920,1
25379,19318,1
25379,28843,1
25380,19107,1
25381,18896,1
25381,23385,1
25381,25263,1
25382,18685,1
25382,19641,1
25383,1718,1
25383,6153,1
25383,18474,1
25383,20595,1
25384,5906,1
25384,14019,1
25384,18263,1
25385,14966,1
25385,18052,1
25386,17841,1
25387,17630,1
25387,22392,1
25388,17419,1
25389,2622,1
25389,17208,1
25389,23939,1
25390,16997,1
25391,6643,1
25391,16786,1
25392,389,1
25392,9276,1
25392,16575,1
25393,16364,1
25394,16153,1
25395,110,1
25395,15942,1
25395,25482,1
25396,10350,1
25396,15731,1
25397,15520,1
25398,6071,1
25398,15309,1
25399,9148,1
25399,15098,1
25399,17397,1
25400,3896,1
25400,14887,1
25401,14676,1
25402,14465,1
25402,28580,1
25403,14254,1
25404,14043,1
25405,13832,1
25405,14558,1
25405,15993,1
25406,1585,1
25406,7424,1
25406,13621,1
25407,6791,1
25407,13410,1
25407,26239,1
25408,13199,1
25409,2847,1
25409,12988,1
25410,12777,1
25411,12566,1
25411,20597,1
25412,12355,1
25413,12144,1
25413,27346,1
25414,11933,1
25415,11722,1
25416,11511,1
25416,21128,1
25416,25937,1
25416,26478,1
25417,11039,1
25417,11300,1
25418,11089,1
25419,10878,1
25420,10667,1
25420,28064,1
25421,10456,1
25421,31954,1
25422,10245,1
25422,24118,1
25423,6838,1
25423,10034,1
25424,5038,1
25424,9823,1
25425,9612,1
25426,9401,1
25426,22440,1
25426,27796,1
25427,5237,1
25427,9190,1
25427,13088,1
25427,29645,1
25428,8979,1
25428,17591,1
25428,24490,1
25429,8768,1
25430,8557,1
25431,8346,1
25432,8135,1
25432,10378,1
25433,7924,1
25433,17476,1
25434,7713,1
25434,16229,1
25434,26868,1
25435,7502,1
25435,12708,1
25435,15737,1
25436,7291,1
25436,10040,1
25437,7080,1
25438,6869,1
25439,1210,1
25439,6658,1
25439,19478,1
25439,30986,1
25440,6447,1
25440,9273,1
25440,18297,1
25441,6236,1
25441,10195,1
25442,6025,1
25442,6737,1
25442,10943,1
25442,13580,1
25443,5814,1
25443,6769,1
25443,24991,1
25444,5603,1
25445,5392,1
25445,11921,1
25445,16363,1
25446,5181,1
25446,23708,1
25446,27102,1
25447,4970,1
25448,4759,1
25449,4548,1
25449,20142,1
25450,4337,1
25450,23876,1
25451,4126,1
25451,7003,1
25451,10704,1
25451,30431,1
25452,3915,1
25452,17823,1
25453,3704,1
25454,3493,1
25454,6227,1
25455,3282,1
25455,10286,1
25456,2839,1
25456,3071,1
25457,2860,1
25457,19805,1
25457,28900,1
25458,2649,1
25459,2438,1
25460,2227,1
25460,14551,1
25461,2016,1
25462,1805,1
25463,584,1
25463,1594,1
25464,494,1
25464,1383,1
25465,1172,1
25465,15137,1
25466,961,1
25466,14537,1
25466,28528,1
25467,750,1
25467,15541,1
25468,539,1
25468,7565,1
25469,328,1
25469,22460,1
25470,117,1
25470,27570,1
25470,28386,1
25471,32674,1
25472,781,1
25472,32463,1
25473,19070,1
25473,27136,1
25473,32252,1
25473,32291,1
25474,32041,1
25475,7036,1
25475,23296,1
25475,31830,1
25476,31619,1
25477,2289,1
25477,31408,1
25478,3058,1
25478,12033,1
25478,31197,1
25478,32082,1
25479,30480,1
25479,30986,1
25479,32356,1
25480,30775,1
25481,30564,1
25482,21717,1
25482,30353,1
25483,7499,1
25483,30142,1
25484,26328,1
25484,29931,1
25485,8383,1
25485,10622,1
25485,29720,1
25486,23869,1
25486,29509,1
25486,31984,1
25487,29298,1
25488,983,1
25488,20713,1
25488,29087,1
25489,22491,1
25489,22901,1
25489,28876,1
25490,28665,1
25491,17213,1
25491,17911,1
25491,28454,1
25492,1942,1
25492,18706,1
25492,25138,1
25492,28243,1
25493,3681,1
25493,15018,1
25493,18415,1
25493,28032,1
25494,27821,1
25494,30579,1
25495,7135,1
25495,27610,1
25496,27399,1
25497,1004,1
25497,23197,1
25497,24982,1
25497,27188,1
25498,26977,1
25499,26766,1
25499,29330,1
25500,20936,1
25500,26555,1
25501,9033,1
25501,26344,1
25502,6368,1
25502,26133,1
25503,8281,1
25503,25922,1
25504,25711,1
25505,25500,1
25506,25289,1
25507,25078,1
25507,29085,1
25508,24867,1
25509,2979,1
25509,11844,1
25509,24656,1
25510,24445,1
25510,26538,1
25511,3197,1
25511,6000,1
25511,11530,1
25511,24234,1
25511,31223,1
25512,24023,1
25513,10896,1
25513,12861,1
25513,23812,1
25513,24407,1
25514,15610,1
25514,23601,1
25515,6811,1
25515,23390,1
25515,24035,1
25516,23179,1
25517,2997,1
25517,15824,1
25517,22968,1
25518,16769,1
25518,22757,1
25519,22546,1
25520,22335,1
25521,12940,1
25521,16772,1
25521,22124,1
25522,15224,1
25522,21913,1
25523,11861,1
25523,21702,1
25524,21491,1
25525,21280,1
25526,19307,1
25526,21069,1
25526,22913,1
25527,6808,1
25527,20858,1
25527,23674,1
25528,20308,1
25528,20481,1
25528,20647,1
25529,20436,1
25530,509,1
25530,5387,1
25530,20225,1
25531,5006,1
25531,8815,1
25531,20014,1
25531,21590,1
25531,32597,1
25532,11434,1
25532,13193,1
25532,19803,1
25533,19592,1
25534,19381,1
25534,20287,1
25534,31779,1
25535,19170,1
25535,21732,1
25536,18959,1
25537,18588,1
25537,18748,1
25538,18537,1
25539,18326,1
25540,18115,1
25540,21176,1
25541,17904,1
25541,19784,1
25541,24199,1
25541,31607,1
25542,17693,1
25543,2249,1
25543,17482,1
25544,15854,1
25544,17271,1
25545,17060,1
25546,3131,1
25546,16849,1
25547,786,1
25547,14663,1
25547,16638,1
25548,16427,1
25548,21325,1
25549,16216,1
25549,20105,1
25549,26470,1
25550,16005,1
25550,16428,1
25550,24426,1
25551,15794,1
25552,15583,1
25553,15372,1
25554,15161,1
25555,14950,1
25556,14739,1
25556,21248,1
25557,14528,1
25557,23957,1
25558,13434,1
25558,14317,1
25559,14106,1
25560,8896,1
25560,13895,1
25561,13684,1
25562,2742,1
25562,13473,1
25563,12818,1
25563,13262,1
25563,18578,1
25564,13051,1
25564,24679,1
25565,1838,1
25565,12840,1
25565,22088,1
25566,5831,1
25566,12629,1
25566,21010,1
25567,12418,1
25567,19681,1
25568,12207,1
25569,3403,1
25569,11996,1
25569,32170,1
25569,32515,1
25570,11785,1
25570,22645,1
25570,24455,1
25571,4571,1
25571,11574,1
25571,24001,1
25572,178,1
25572,11363,1
25573,11152,1
25574,7659,1
25574,10941,1
25574,20621,1
25575,10730,1
25576,10519,1
25576,22789,1
25577,10308,1
25578,10097,1
25579,9886,1
25579,19389,1
25580,9675,1
25581,9464,1
25582,4715,1
25582,9253,1
25583,3531,1
25583,9042,1
25583,24618,1
25584,8831,1
25584,29184,1
25585,600,1
25585,8620,1
25586,4420,1
25586,8409,1
25586,30002,1
25587,1555,1
25587,8198,1
25587,14775,1
25588,1256,1
25588,2314,1
25588,7987,1
25589,7776,1
25589,19572,1
25590,7565,1
25591,7354,1
25592,7143,1
25592,20797,1
25592,23897,1
25593,6932,1
25593,22166,1
25593,23879,1
25594,6710,1
25594,6721,1
25595,3023,1
25595,6510,1
25595,12915,1
25596,6299,1
25596,20858,1
25597,6088,1
25597,11158,1
25598,5877,1
25598,6652,1
25599,5666,1
25599,19205,1
25599,22206,1
25600,5455,1
25601,5244,1
25602,5033,1
25603,2730,1
25603,4822,1
25603,21299,1
25604,4611,1
25605,4400,1
25606,4189,1
25607,2946,1
25607,3978,1
25607,16903,1
25607,18827,1
25608,3767,1
25608,15341,1
25609,3556,1
25609,15871,1
25610,3345,1
25610,12045,1
25611,3134,1
25612,2923,1
25612,8808,1
25613,2712,1
25614,2501,1
25614,26738,1
25615,2290,1
25615,13614,1
25616,293,1
25616,2079,1
25617,988,1
25617,1868,1
25617,29378,1
25617,30556,1
25617,31786,1
25618,1657,1
25618,9628,1
25618,17900,1
25618,22253,1
25619,1446,1
25619,30474,1
25620,1235,1
25620,2938,1
25621,1024,1
25622,813,1
25623,602,1
25623,15806,1
25624,391,1
25624,17095,1
25624,24064,1
25624,31496,1
25625,180,1
25625,7088,1
25625,15987,1
25626,20820,1
25626,32737,1
25627,19358,1
25627,20932,1
25627,26842,1
25627,32526,1
25628,8515,1
25628,32315,1
25629,27370,1
25629,27469,1
25629,32104,1
25630,13720,1
25630,31893,1
25631,4805,1
25631,14161,1
25631,17630,1
25631,21053,1
25631,31682,1
25632,12486,1
25632,31471,1
25633,7679,1
25633,31260,1
25634,5995,1
25634,31049,1
25635,8926,1
25635,10139,1
25635,30838,1
25636,30627,1
25637,30416,1
25638,10258,1
25638,15743,1
25638,30205,1
25639,2631,1
25639,29994,1
25640,26926,1
25640,29783,1
25641,19711,1
25641,29572,1
25642,29361,1
25643,6311,1
25643,7891,1
25643,18189,1
25643,29150,1
25644,21770,1
25644,28939,1
25645,28728,1
25646,3972,1
25646,28517,1
25647,28306,1
25648,28095,1
25649,4250,1
25649,27884,1
25650,3757,1
25650,27673,1
25651,11007,1
25651,27462,1
25652,17416,1
25652,23832,1
25652,27251,1
25653,17594,1
25653,27040,1
25653,29270,1
25654,26356,1
25654,26829,1
25655,26618,1
25655,30751,1
25656,26407,1
25657,16961,1
25657,17038,1
25657,18831,1
25657,26196,1
25657,29635,1
25658,14442,1
25658,25985,1
25659,21220,1
25659,25774,1
25660,3384,1
25660,19396,1
25660,25563,1
25661,25352,1
25662,25141,1
25663,24930,1
25664,3432,1
25664,9980,1
25664,23854,1
25664,24719,1
25664,30133,1
25665,13033,1
25665,16457,1
25665,21123,1
25665,24508,1
25666,24297,1
25666,30447,1
25667,2917,1
25667,24086,1
25668,23875,1
25669,23664,1
25670,16895,1
25670,23453,1
25671,23242,1
25671,26833,1
25671,29075,1
25672,14553,1
25672,23031,1
25673,6287,1
25673,22820,1
25674,22609,1
25675,17913,1
25675,22398,1
25676,21266,1
25676,22187,1
25677,21976,1
25677,30130,1
25678,17772,1
25678,21765,1
25678,25166,1
25679,13255,1
25679,21554,1
25680,21343,1
25680,22932,1
25681,880,1
25681,21132,1
25682,7750,1
25682,20921,1
25682,22120,1
25683,20710,1
25683,30087,1
25684,16640,1
25684,20499,1
25685,6726,1
25685,20288,1
25686,20077,1
25687,12370,1
25687,19866,1
25687,24708,1
25687,29058,1
25688,19655,1
25688,30560,1
25689,19444,1
25690,19233,1
25690,30498,1
25691,19022,1
25692,18811,1
25693,11389,1
25693,18600,1
25694,18389,1
25695,18178,1
25696,17967,1
25697,8853,1
25697,17756,1
25698,17545,1
25699,17334,1
25699,27183,1
25700,17123,1
25701,16912,1
25702,16701,1
25702,21212,1
25703,7448,1
25703,11901,1
25703,16490,1
25703,29646,1
25704,16279,1
25704,31919,1
25705,4659,1
25705,16068,1
25706,15857,1
25707,15646,1
25708,15435,1
25708,16174,1
25709,7633,1
25709,15224,1
25710,15013,1
25710,26049,1
25711,7463,1
25711,14802,1
25712,14591,1
25713,2758,1
25713,14371,1
25713,14380,1
25714,3012,1
25714,14169,1
25715,13958,1
25715,16635,1
25715,23474,1
25716,13747,1
25716,14115,1
25716,24946,1
25716,31175,1
25717,13536,1
25718,13325,1
25718,17121,1
25719,13114,1
25720,12903,1
25720,25053,1
25721,12692,1
25721,29291,1
25722,12481,1
25722,16223,1
25722,25004,1
25722,29347,1
25723,12270,1
25724,6314,1
25724,11751,1
25724,12059,1
25724,23907,1
25725,2912,1
25725,11848,1
25725,20968,1
25726,46,1
25726,11637,1
25726,19388,1
25727,11426,1
25728,11215,1
25728,13281,1
25729,11004,1
25729,30248,1
25730,10793,1
25730,14401,1
25731,10582,1
25732,10371,1
25733,10160,1
25733,21731,1
25734,9949,1
25734,14697,1
25734,30223,1
25735,9738,1
25735,13731,1
25735,26335,1
25736,9527,1
25737,1851,1
25737,9316,1
25737,19570,1
25738,9105,1
25738,9808,1
25738,16838,1
25739,8894,1
25740,8683,1
25741,4497,1
25741,8472,1
25742,8261,1
25743,8050,1
25743,20277,1
25743,21861,1
25743,26800,1
25744,7839,1
25744,15010,1
25745,7628,1
25745,24882,1
25745,25708,1
25746,7417,1
25746,8131,1
25746,12872,1
25746,26435,1
25747,7206,1
25747,11845,1
25748,6995,1
25748,7858,1
25748,27679,1
25749,6784,1
25750,6573,1
25751,6362,1
25751,25771,1
25752,6151,1
25753,5940,1
25754,2799,1
25754,5729,1
25755,4131,1
25755,5518,1
25756,5307,1
25757,5096,1
25757,5644,1
25757,28530,1
25758,4885,1
25759,2923,1
25759,4674,1
25759,4839,1
25759,27845,1
25760,4463,1
25760,31844,1
25761,4252,1
25761,28052,1
25762,4041,1
25763,3830,1
25763,14709,1
25763,32307,1
25764,3619,1
25765,3408,1
25765,3756,1
25766,3197,1
25766,11727,1
25766,12658,1
25767,2986,1
25767,16910,1
25768,2775,1
25768,14119,1
25769,884,1
25769,2244,1
25769,2564,1
25769,13361,1
25770,2353,1
25771,2142,1
25772,1931,1
25772,17800,1
25773,1720,1
25773,17289,1
25773,32743,1
25774,1509,1
25775,1298,1
25775,21522,1
25776,1087,1
25777,876,1
25777,12539,1
25777,15389,1
25777,17070,1
25777,24237,1
25778,665,1
25778,3477,1
25778,9771,1
25778,27116,1
25779,454,1
25779,6369,1
25779,27622,1
25780,243,1
25780,710,1
25780,27220,1
25781,32,1
25781,5249,1
25782,32589,1
25783,32378,1
25784,32167,1
25785,31956,1
25786,31745,1
25787,13119,1
25787,14801,1
25787,31534,1
25788,31323,1
25789,13054,1
25789,23863,1
25789,31112,1
25790,30901,1
25791,3699,1
25791,30690,1
25792,30479,1
25793,30268,1
25794,9800,1
25794,29846,1
25794,30057,1
25795,29846,1
25796,22484,1
25796,29635,1
25796,30031,1
25797,28248,1
25797,29424,1
25798,10700,1
25798,29213,1
25799,16227,1
25799,22790,1
25799,29002,1
25800,6532,1
25800,22173,1
25800,28791,1
25800,32537,1
25801,4750,1
25801,28580,1
25802,28369,1
25803,28158,1
25804,19639,1
25804,22214,1
25804,25099,1
25804,26225,1
25804,27947,1
25805,24107,1
25805,27736,1
25806,27525,1
25807,27314,1
25807,28453,1
25808,27103,1
25809,26892,1
25810,14129,1
25810,26681,1
25811,26470,1
25811,31469,1
25812,527,1
25812,9725,1
25812,15790,1
25812,26259,1
25813,8495,1
25813,9400,1
25813,10599,1
25813,26048,1
25814,12713,1
25814,25837,1
25814,29324,1
25814,29878,1
25815,25626,1
25815,29490,1
25816,25415,1
25816,27393,1
25817,25204,1
25818,17034,1
25818,24993,1
25819,14275,1
25819,24782,1
25820,24571,1
25821,22954,1
25821,24360,1
25821,31409,1
25822,24149,1
25823,23938,1
25824,23727,1
25825,10677,1
25825,23516,1
25826,2707,1
25826,12862,1
25826,17255,1
25826,23305,1
25827,13992,1
25827,23094,1
25827,29816,1
25828,22883,1
25829,22672,1
25829,32057,1
25830,6492,1
25830,22461,1
25831,22250,1
25832,9766,1
25832,22039,1
25833,2326,1
25833,21828,1
25834,21617,1
25835,21406,1
25836,16725,1
25836,21195,1
25837,8465,1
25837,15943,1
25837,20984,1
25838,20773,1
25838,32348,1
25839,1352,1
25839,1980,1
25839,17635,1
25839,20562,1
25840,20351,1
25841,7215,1
25841,20140,1
25841,23384,1
25842,7285,1
25842,19929,1
25843,6281,1
25843,19718,1
25843,20424,1
25844,19507,1
25845,19296,1
25846,19085,1
25846,22602,1
25847,18874,1
25848,18663,1
25849,18452,1
25850,18241,1
25850,28521,1
25850,31464,1
25851,18030,1
25852,17819,1
25853,15565,1
25853,17608,1
25854,17397,1
25854,27701,1
25855,17186,1
25856,16975,1
25856,18318,1
25857,16764,1
25857,17049,1
25858,7741,1
25858,16553,1
25858,20716,1
25859,16342,1
25860,15028,1
25860,16131,1
25861,9734,1
25861,15920,1
25862,15709,1
25863,2129,1
25863,15498,1
25863,22608,1
25863,24681,1
25864,5923,1
25864,6510,1
25864,7311,1
25864,15287,1
25865,15076,1
25866,14865,1
25867,4328,1
25867,14654,1
25868,14443,1
25869,10092,1
25869,14232,1
25869,26777,1
25870,14021,1
25870,24881,1
25871,2013,1
25871,13810,1
25871,32625,1
25872,1477,1
25872,8812,1
25872,13599,1
25872,19521,1
25873,13388,1
25874,13177,1
25875,12966,1
25876,12755,1
25876,29345,1
25877,12544,1
25878,12333,1
25879,12122,1
25879,19277,1
25880,11911,1
25881,11700,1
25881,25732,1
25882,11489,1
25882,14523,1
25883,11278,1
25884,11067,1
25885,5330,1
25885,10856,1
25885,30719,1
25886,3095,1
25886,7120,1
25886,10645,1
25887,10434,1
25888,4990,1
25888,10223,1
25888,22825,1
25889,10012,1
25889,17640,1
25890,9801,1
25891,7816,1
25891,9590,1
25892,9379,1
25893,264,1
25893,8566,1
25893,9168,1
25893,23448,1
25894,8957,1
25895,6570,1
25895,8746,1
25895,17134,1
25896,8535,1
25897,26,1
25897,8324,1
25897,10763,1
25897,22010,1
25898,8113,1
25899,7902,1
25899,21031,1
25900,7691,1
25901,7480,1
25901,14127,1
25902,7269,1
25902,31531,1
25903,7058,1
25903,18333,1
25904,6847,1
25905,6636,1
25905,23414,1
25906,6425,1
25907,6214,1
25908,6003,1
25908,21336,1
25908,28403,1
25909,5792,1
25909,7596,1
25909,21909,1
25909,27644,1
25910,5581,1
25910,6316,1
25910,14083,1
25911,5370,1
25912,5159,1
25913,4948,1
25914,3414,1
25914,4737,1
25914,17276,1
25915,4526,1
25915,32435,1
25916,4315,1
25917,4104,1
25917,4218,1
25918,3893,1
25918,22095,1
25918,22542,1
25919,3052,1
25919,3682,1
25920,3471,1
25920,19737,1
25921,3260,1
25922,3049,1
25923,2838,1
25923,4774,1
25924,2627,1
25924,24090,1
25924,30809,1
25925,2416,1
25925,28241,1
25926,2205,1
25926,27954,1
25927,1994,1
25927,4153,1
25928,1783,1
25929,1572,1
25929,19532,1
25930,1361,1
25930,28125,1
25931,1150,1
25932,939,1
25932,19853,1
25933,728,1
25934,517,1
25934,14023,1
25935,306,1
25935,16303,1
25936,95,1
25937,31587,1
25937,32652,1
25938,32441,1
25939,11239,1
25939,32230,1
25940,11479,1
25940,32019,1
25940,32090,1
25941,31808,1
25942,31597,1
25943,11029,1
25943,19844,1
25943,31386,1
25944,16567,1
25944,28734,1
25944,31175,1
25945,5809,1
25945,13779,1
25945,17286,1
25945,23639,1
25945,24654,1
25945,30964,1
25946,30753,1
25947,30542,1
25948,2513,1
25948,7983,1
25948,28978,1
25948,30331,1
25949,299,1
25949,30120,1
25950,8681,1
25950,25703,1
25950,29909,1
25950,31695,1
25951,8963,1
25951,15464,1
25951,29698,1
25952,29487,1
25953,8298,1
25953,29276,1
25954,11964,1
25954,29065,1
25955,28854,1
25956,6400,1
25956,28643,1
25957,8616,1
25957,20552,1
25957,28432,1
25958,28221,1
25959,28010,1
25960,1201,1
25960,12749,1
25960,27799,1
25961,27588,1
25962,25739,1
25962,27377,1
25963,15706,1
25963,27166,1
25964,26955,1
25965,19233,1
25965,26744,1
25965,27610,1
25966,26533,1
25967,1078,1
25967,26322,1
25968,14975,1
25968,16517,1
25968,26111,1
25969,25900,1
25970,25689,1
25971,25478,1
25972,10168,1
25972,25267,1
25973,17641,1
25973,25056,1
25974,24845,1
25975,17127,1
25975,24634,1
25976,24423,1
25977,24212,1
25978,24001,1
25979,23790,1
25979,28842,1
25980,23579,1
25980,27399,1
25981,6931,1
25981,16459,1
25981,23368,1
25982,23157,1
25983,7166,1
25983,22946,1
25984,22735,1
25985,22524,1
25985,28466,1
25986,875,1
25986,22313,1
25986,31758,1
25987,4112,1
25987,15307,1
25987,22102,1
25988,9418,1
25988,21891,1
25989,21680,1
25990,1558,1
25990,21469,1
25991,21258,1
25991,23358,1
25991,26112,1
25992,13638,1
25992,14277,1
25992,21047,1
25992,31883,1
25992,32186,1
25993,20836,1
25994,5781,1
25994,16026,1
25994,20625,1
25994,24931,1
25995,20414,1
25996,20203,1
25996,29605,1
25997,19992,1
25998,19781,1
25999,19570,1
25999,26226,1
26000,19359,1
26001,19148,1
26002,18937,1
26003,18726,1
26004,18515,1
26005,18304,1
26006,18093,1
26006,29903,1
26007,17882,1
26007,31365,1
26008,17671,1
26008,21785,1
26009,17460,1
26010,17249,1
26011,17038,1
26012,6814,1
26012,16827,1
26013,16616,1
26013,28742,1
26014,2713,1
26014,16405,1
26014,20319,1
26015,16194,1
26015,28368,1
26016,15983,1
26017,15772,1
26018,15561,1
26019,9259,1
26019,15350,1
26020,15139,1
26020,26683,1
26021,14928,1
26021,31346,1
26022,14717,1
26022,26367,1
26022,32521,1
26023,14506,1
26023,30744,1
26024,14295,1
26024,26217,1
26025,7681,1
26025,14084,1
26026,13873,1
26026,26504,1
26027,13662,1
26028,162,1
26028,13451,1
26029,13240,1
26029,18631,1
26030,13029,1
26031,9325,1
26031,12818,1
26031,28502,1
26032,2956,1
26032,12607,1
26033,12396,1
26033,20823,1
26034,12185,1
26034,16782,1
26034,23893,1
26035,11974,1
26036,11763,1
26037,11552,1
26038,11341,1
26039,11130,1
26039,29157,1
26040,10919,1
26041,10708,1
26042,10497,1
26043,1556,1
26043,10286,1
26043,23722,1
26043,25596,1
26043,26298,1
26044,10075,1
26044,23880,1
26045,9864,1
26046,9653,1
26046,15384,1
26047,9442,1
26048,842,1
26048,9231,1
26048,10490,1
26048,12423,1
26048,30829,1
26049,9020,1
26049,15529,1
26049,22511,1
26050,8809,1
26051,8598,1
26051,14508,1
26052,1544,1
26052,5860,1
26052,8387,1
26052,25045,1
26052,29760,1
26053,8176,1
26053,17252,1
26053,21676,1
26054,7965,1
26055,7754,1
26055,15765,1
26056,7543,1
26056,15619,1
26056,28834,1
26057,7332,1
26057,17059,1
26058,7121,1
26058,22153,1
26059,6188,1
26059,6910,1
26060,6699,1
26060,19007,1
26061,6488,1
26062,6277,1
26062,11773,1
26063,6066,1
26064,5855,1
26065,5644,1
26065,14349,1
26065,29930,1
26066,5433,1
26066,23855,1
26067,5222,1
26067,13555,1
26068,5011,1
26068,24376,1
26069,4800,1
26070,4589,1
26070,17988,1
26071,4378,1
26071,5718,1
26072,4167,1
26072,21735,1
26073,3956,1
26074,3745,1
26074,6081,1
26075,3534,1
26076,3323,1
26077,3112,1
26078,2901,1
26078,25192,1
26079,2690,1
26079,28642,1
26080,2479,1
26081,2268,1
26081,5989,1
26081,19300,1
26081,26259,1
26082,2057,1
26082,9615,1
26082,19305,1
26083,1846,1
26083,11101,1
26083,29065,1
26084,1635,1
26084,22080,1
26085,1424,1
26085,31162,1
26086,1213,1
26086,7313,1
26086,24196,1
26087,1002,1
26088,791,1
26088,4417,1
26088,4812,1
26089,580,1
26090,369,1
26091,158,1
26091,11841,1
26092,32715,1
26093,7788,1
26093,32504,1
26094,32293,1
26095,22283,1
26095,32082,1
26096,31871,1
26097,1546,1
26097,14853,1
26097,31660,1
26098,7756,1
26098,24969,1
26098,31449,1
26099,11620,1
26099,31238,1
26100,31027,1
26101,11197,1
26101,20205,1
26101,30816,1
26102,22580,1
26102,30605,1
26103,30394,1
26104,19133,1
26104,30183,1
26105,29972,1
26105,32650,1
26106,29761,1
26107,20691,1
26107,29550,1
26108,29339,1
26109,8199,1
26109,29128,1
26110,28917,1
26110,30787,1
26111,28706,1
26112,24478,1
26112,28495,1
26113,28284,1
26114,85,1
26114,15381,1
26114,18323,1
26114,27355,1
26114,28073,1
26115,18336,1
26115,27862,1
26116,8109,1
26116,27651,1
26117,8241,1
26117,27440,1
26118,8637,1
26118,27229,1
26119,27018,1
26120,26807,1
26121,26382,1
26121,26596,1
26122,324,1
26122,26385,1
26122,31754,1
26123,9378,1
26123,25503,1
26123,26174,1
26124,25963,1
26125,25752,1
26126,25541,1
26127,16822,1
26127,25330,1
26128,703,1
26128,25119,1
26129,24908,1
26130,2047,1
26130,24697,1
26131,24486,1
26132,6440,1
26132,24275,1
26133,24064,1
26134,23853,1
26134,28948,1
26135,8996,1
26135,23642,1
26136,6187,1
26136,23431,1
26137,23220,1
26137,28593,1
26138,23009,1
26138,29705,1
26139,22798,1
26140,9813,1
26140,14582,1
26140,16928,1
26140,22587,1
26140,23585,1
26141,22376,1
26142,22165,1
26143,20895,1
26143,21954,1
26144,21743,1
26145,7409,1
26145,21532,1
26146,21321,1
26146,24002,1
26146,31530,1
26147,9099,1
26147,21110,1
26148,20899,1
26149,20688,1
26149,31165,1
26150,20477,1
26151,20266,1
26151,25320,1
26152,2753,1
26152,7810,1
26152,14878,1
26152,20055,1
26153,15769,1
26153,19844,1
26154,19633,1
26155,16975,1
26155,19422,1
26156,19211,1
26157,14861,1
26157,19000,1
26158,18115,1
26158,18789,1
26159,15621,1
26159,18578,1
26160,18367,1
26161,18156,1
26162,408,1
26162,8547,1
26162,11098,1
26162,17945,1
26162,26428,1
26163,17734,1
26163,25982,1
26163,29255,1
26164,10526,1
26164,11064,1
26164,17523,1
26164,27396,1
26165,617,1
26165,5298,1
26165,17312,1
26165,18357,1
26166,772,1
26166,4456,1
26166,11335,1
26166,17101,1
26166,17716,1
26166,28225,1
26167,12890,1
26167,16890,1
26167,24597,1
26168,16679,1
26168,21567,1
26169,11629,1
26169,16468,1
26170,16257,1
26171,16046,1
26172,783,1
26172,15835,1
26173,15624,1
26173,19725,1
26173,32725,1
26174,15413,1
26175,15202,1
26175,26774,1
26176,14991,1
26177,14780,1
26178,1426,1
26178,14569,1
26178,32199,1
26179,14358,1
26180,14147,1
26180,18601,1
26181,13936,1
26181,25184,1
26182,13725,1
26183,13514,1
26183,21479,1
26184,13303,1
26185,488,1
26185,13092,1
26186,12881,1
26186,30091,1
26187,12670,1
26187,22483,1
26187,23660,1
26188,12459,1
26189,12248,1
26190,12037,1
26191,11826,1
26191,26583,1
26192,11615,1
26193,11404,1
26193,16116,1
26194,3623,1
26194,3992,1
26194,11193,1
26195,3851,1
26195,10982,1
26196,10771,1
26197,1395,1
26197,10560,1
26197,25864,1
26198,8405,1
26198,10349,1
26198,15030,1
26198,32067,1
26199,10138,1
26200,3849,1
26200,9927,1
26200,29277,1
26201,8539,1
26201,9716,1
26201,10141,1
26201,25681,1
26202,7603,1
26202,9505,1
26202,18284,1
26203,9294,1
26204,6097,1
26204,9083,1
26204,22107,1
26205,3365,1
26205,8872,1
26205,9882,1
26206,8661,1
26206,30786,1
26207,8450,1
26208,8239,1
26209,8028,1
26209,24389,1
26210,7817,1
26210,30271,1
26211,7606,1
26212,7395,1
26213,7184,1
26214,6973,1
26214,13755,1
26214,14272,1
26214,17984,1
26214,29215,1
26215,6762,1
26216,6551,1
26217,6340,1
26218,6129,1
26219,5918,1
26219,8273,1
26220,5707,1
26221,5496,1
26221,16141,1
26222,1889,1
26222,5285,1
26223,5074,1
26224,4863,1
26225,4652,1
26225,14020,1
26226,4441,1
26227,4230,1
26227,6372,1
26227,27501,1
26228,4019,1
26228,8484,1
26229,3808,1
26230,3597,1
26231,3386,1
26232,3142,1
26232,3175,1
26232,4190,1
26232,32104,1
26233,2964,1
26233,9321,1
26234,2753,1
26235,2542,1
26235,10203,1
26235,26849,1
26236,2331,1
26237,2120,1
26237,17462,1
26237,29120,1
26238,1909,1
26239,1698,1
26239,15490,1
26239,26152,1
26240,1487,1
26241,1276,1
26241,24693,1
26242,1065,1
26243,854,1
26243,1295,1
26243,21225,1
26243,23844,1
26244,643,1
26244,28147,1
26245,432,1
26246,221,1
26247,10,1
26248,32567,1
26249,8713,1
26249,32356,1
26250,32145,1
26251,31934,1
26252,13451,1
26252,22554,1
26252,31723,1
26253,21605,1
26253,31512,1
26253,32695,1
26254,31301,1
26255,19486,1
26255,31090,1
26256,1170,1
26256,4658,1
26256,25073,1
26256,30879,1
26257,2661,1
26257,9053,1
26257,30668,1
26258,6633,1
26258,17925,1
26258,30457,1
26259,17007,1
26259,30246,1
26260,30035,1
26261,29824,1
26262,29613,1
26263,7763,1
26263,29402,1
26264,13987,1
26264,29191,1
26265,8306,1
26265,28980,1
26266,8049,1
26266,28769,1
26267,28558,1
26267,32204,1
26268,23254,1
26268,28347,1
26269,28136,1
26270,27925,1
26271,21007,1
26271,27714,1
26272,17237,1
26272,27503,1
26273,20005,1
26273,21847,1
26273,27292,1
26274,27081,1
26275,23202,1
26275,26870,1
26276,4506,1
26276,26659,1
26277,26448,1
26278,15115,1
26278,17393,1
26278,26237,1
26279,1984,1
26279,8911,1
26279,26026,1
26280,25815,1
26281,25604,1
26282,3959,1
26282,13768,1
26282,20976,1
26282,25393,1
26283,25182,1
26284,22167,1
26284,24971,1
26285,10029,1
26285,24760,1
26286,24549,1
26287,24338,1
26288,7532,1
26288,24127,1
26289,1904,1
26289,8893,1
26289,23916,1
26290,23705,1
26291,20833,1
26291,23494,1
26292,9476,1
26292,23283,1
26293,23072,1
26294,22861,1
26294,26083,1
26295,22650,1
26295,26982,1
26296,16907,1
26296,22439,1
26297,13994,1
26297,22228,1
26297,24004,1
26297,32347,1
26298,2297,1
26298,4858,1
26298,22017,1
26298,30617,1
26299,21806,1
26300,4342,1
26300,8274,1
26300,17864,1
26300,20540,1
26300,21595,1
26301,21384,1
26302,19203,1
26302,21173,1
26303,20962,1
26303,21459,1
26304,20751,1
26304,24826,1
26305,15344,1
26305,20540,1
26305,29313,1
26305,30369,1
26306,1030,1
26306,20329,1
26307,20118,1
26308,19251,1
26308,19907,1
26309,19696,1
26310,19485,1
26310,25366,1
26311,19274,1
26311,22119,1
26312,19063,1
26313,18852,1
26314,2471,1
26314,18641,1
26315,18430,1
26316,18219,1
26317,18008,1
26318,17797,1
26318,19367,1
26319,16463,1
26319,17586,1
26320,1809,1
26320,17375,1
26320,21191,1
26321,7852,1
26321,17164,1
26322,16953,1
26323,16742,1
26323,16767,1
26324,16531,1
26324,25303,1
26324,27235,1
26324,32364,1
26325,5260,1
26325,16320,1
26326,16109,1
26327,15898,1
26328,4267,1
26328,15687,1
26329,15476,1
26330,15265,1
26331,9749,1
26331,15054,1
26332,14843,1
26333,490,1
26333,11939,1
26333,14632,1
26333,20124,1
26333,31418,1
26334,14421,1
26335,14210,1
26335,21935,1
26336,13999,1
26336,25162,1
26337,13788,1
26337,14701,1
26338,13577,1
26339,11044,1
26339,13366,1
26340,13155,1
26340,24997,1
26341,5882,1
26341,12944,1
26341,17734,1
26342,12733,1
26342,18048,1
26343,12522,1
26344,328,1
26344,5735,1
26344,11128,1
26344,12311,1
26344,22636,1
26345,8305,1
26345,8561,1
26345,12100,1
26346,11889,1
26347,2762,1
26347,11678,1
26347,22197,1
26348,522,1
26348,11467,1
26348,14520,1
26348,18867,1
26349,11256,1
26349,18314,1
26350,11045,1
26350,16793,1
26350,17770,1
26351,9252,1
26351,10834,1
26351,22458,1
26351,23456,1
26352,10623,1
26353,10412,1
26353,11854,1
26353,25772,1
26354,10201,1
26355,5093,1
26355,9990,1
26355,28560,1
26356,9779,1
26356,13307,1
26357,9568,1
26357,20531,1
26357,20813,1
26358,9357,1
26359,9146,1
26359,13747,1
26359,27532,1
26360,8935,1
26361,1111,1
26361,8724,1
26362,8513,1
26362,15849,1
26363,8302,1
26363,29757,1
26364,8091,1
26365,7880,1
26365,28004,1
26366,7669,1
26367,7458,1
26368,3957,1
26368,7247,1
26368,12532,1
26369,3003,1
26369,7036,1
26370,908,1
26370,6825,1
26371,6614,1
26372,6403,1
26372,26847,1
26373,6192,1
26374,5981,1
26375,5770,1
26375,22081,1
26376,213,1
26376,5559,1
26376,11194,1
26377,1879,1
26377,2789,1
26377,5348,1
26377,9706,1
26378,5137,1
26378,23964,1
26379,4926,1
26379,17102,1
26379,26945,1
26380,4715,1
26381,4504,1
26381,17082,1
26382,4293,1
26382,20781,1
26383,4082,1
26383,14097,1
26384,3871,1
26384,7580,1
26385,3660,1
26385,28359,1
26386,3449,1
26386,12030,1
26386,22617,1
26387,3238,1
26387,28656,1
26388,3027,1
26388,9396,1
26388,24208,1
26389,1207,1
26389,2816,1
26389,27586,1
26390,2605,1
26390,16492,1
26391,2394,1
26391,16657,1
26392,2183,1
26392,6005,1
26392,6712,1
26392,26206,1
26393,1972,1
26394,1761,1
26394,10568,1
26395,937,1
26395,1550,1
26395,23947,1
26395,26769,1
26396,1339,1
26397,1128,1
26397,24551,1
26398,917,1
26399,706,1
26400,495,1
26400,31442,1
26401,284,1
26402,73,1
26402,3394,1
26403,541,1
26403,6732,1
26403,31729,1
26403,32630,1
26404,32419,1
26405,32208,1
26406,20585,1
26406,26461,1
26406,31997,1
26407,5740,1
26407,13629,1
26407,31786,1
26408,8327,1
26408,31575,1
26409,12987,1
26409,31364,1
26410,11966,1
26410,27569,1
26410,31153,1
26411,12211,1
26411,30942,1
26412,30731,1
26413,18978,1
26413,30520,1
26414,6171,1
26414,30309,1
26415,22279,1
26415,30098,1
26416,29212,1
26416,29887,1
26417,6412,1
26417,14283,1
26417,29676,1
26418,29465,1
26419,18542,1
26419,24686,1
26419,29254,1
26419,29936,1
26419,30070,1
26420,19160,1
26420,29043,1
26421,28832,1
26422,28621,1
26423,12197,1
26423,28410,1
26424,13693,1
26424,28199,1
26425,27988,1
26426,24439,1
26426,26362,1
26426,27777,1
26427,13386,1
26427,25991,1
26427,27566,1
26428,27355,1
26429,14939,1
26429,27144,1
26430,7837,1
26430,26933,1
26431,4444,1
26431,22320,1
26431,26722,1
26432,18555,1
26432,26511,1
26432,27097,1
26433,6474,1
26433,26300,1
26433,30914,1
26434,10114,1
26434,13421,1
26434,13676,1
26434,15143,1
26434,26089,1
26435,5031,1
26435,11687,1
26435,16833,1
26435,25878,1
26436,12820,1
26436,25667,1
26437,904,1
26437,25456,1
26438,5059,1
26438,25245,1
26439,4234,1
26439,6499,1
26439,6676,1
26439,25034,1
26440,18781,1
26440,24823,1
26441,24612,1
26441,29062,1
26442,8792,1
26442,24401,1
26443,24190,1
26444,23979,1
26445,23768,1
26446,5170,1
26446,7357,1
26446,23557,1
26446,25463,1
26447,23346,1
26448,10,1
26448,23135,1
26449,22924,1
26449,23479,1
26450,22713,1
26450,23587,1
26450,27972,1
26451,22502,1
26452,22291,1
26453,22080,1
26454,21869,1
26455,21658,1
26455,26947,1
26455,31281,1
26456,21447,1
26456,27897,1
26457,21236,1
26458,15818,1
26458,16334,1
26458,21025,1
26458,32379,1
26459,15402,1
26459,20814,1
26460,20603,1
26461,18352,1
26461,20392,1
26462,20181,1
26462,23442,1
26463,8122,1
26463,19970,1
26463,21873,1
26464,11877,1
26464,19759,1
26465,19548,1
26466,10691,1
26466,19337,1
26467,19126,1
26468,2760,1
26468,18915,1
26468,20484,1
26469,18704,1
26470,18493,1
26471,18282,1
26471,30653,1
26472,4332,1
26472,18071,1
26472,21663,1
26472,30156,1
26473,17860,1
26474,17479,1
26474,17649,1
26474,26244,1
26475,17438,1
26476,3338,1
26476,17227,1
26477,17016,1
26477,22165,1
26478,16805,1
26478,29450,1
26479,10395,1
26479,16594,1
26479,22718,1
26479,23208,1
26480,1255,1
26480,16383,1
26481,14313,1
26481,16172,1
26482,15961,1
26483,5290,1
26483,15750,1
26484,15539,1
26485,15328,1
26485,23654,1
26486,15117,1
26487,14906,1
26487,17281,1
26487,29222,1
26488,9704,1
26488,14695,1
26488,26010,1
26489,14484,1
26489,17516,1
26489,24928,1
26489,27788,1
26490,14273,1
26490,25144,1
26491,9373,1
26491,14062,1
26491,24726,1
26492,13851,1
26493,13640,1
26493,16403,1
26493,16698,1
26494,13429,1
26494,18559,1
26495,13218,1
26496,4402,1
26496,7122,1
26496,13007,1
26497,7343,1
26497,11572,1
26497,12796,1
26497,15715,1
26497,25794,1
26498,12585,1
26499,12374,1
26499,28162,1
26500,4716,1
26500,7813,1
26500,12163,1
26501,11952,1
26502,11741,1
26503,11530,1
26503,27234,1
26504,11319,1
26505,11108,1
26505,20313,1
26505,21002,1
26506,10897,1
26506,16693,1
26506,20243,1
26507,10686,1
26507,13466,1
26507,24629,1
26508,10475,1
26508,16419,1
26509,10264,1
26509,27653,1
26510,10053,1
26510,12362,1
26511,8067,1
26511,9842,1
26512,9631,1
26513,9420,1
26514,9209,1
26514,14703,1
26515,8998,1
26515,11199,1
26515,27216,1
26516,8787,1
26517,8576,1
26518,981,1
26518,8365,1
26519,8154,1
26519,13679,1
26520,4054,1
26520,7943,1
26520,25530,1
26521,2715,1
26521,7732,1
26522,7521,1
26523,1644,1
26523,7310,1
26524,7099,1
26525,3534,1
26525,6888,1
26525,26919,1
26526,6677,1
26527,6466,1
26528,6255,1
26528,10353,1
26529,5416,1
26529,6044,1
26529,10684,1
26530,5833,1
26530,20588,1
26531,5622,1
26532,5411,1
26532,9646,1
26533,5200,1
26533,13686,1
26533,24802,1
26533,29580,1
26534,4989,1
26534,24051,1
26535,4778,1
26536,4567,1
26537,4356,1
26537,5710,1
26537,26037,1
26538,4145,1
26538,15364,1
26539,3934,1
26539,18667,1
26540,3723,1
26540,26565,1
26540,30184,1
26541,3512,1
26542,3301,1
26543,1271,1
26543,3090,1
26544,2879,1
26544,12463,1
26544,23800,1
26545,1655,1
26545,2668,1
26546,2457,1
26546,4421,1
26546,12298,1
26547,2246,1
26547,28267,1
26548,2035,1
26548,26618,1
26549,1824,1
26550,1613,1
26551,1402,1
26551,14062,1
26551,18349,1
26552,1191,1
26552,1539,1
26552,7737,1
26552,31052,1
26553,980,1
26553,10965,1
26554,769,1
26554,13173,1
26555,558,1
26556,347,1
26556,11628,1
26556,12019,1
26557,136,1
26558,2668,1
26558,25455,1
26558,32693,1
26559,5619,1
26559,19018,1
26559,19564,1
26559,32482,1
26560,4340,1
26560,32271,1
26561,32060,1
26562,31849,1
26563,6887,1
26563,31638,1
26563,32451,1
26564,31427,1
26565,12458,1
26565,23033,1
26565,30664,1
26565,31216,1
26566,31005,1
26567,13376,1
26567,30794,1
26568,1161,1
26568,18573,1
26568,30583,1
26569,30372,1
26570,30161,1
26571,29950,1
26572,25051,1
26572,29739,1
26573,12180,1
26573,29528,1
26574,29317,1
26575,5980,1
26575,18764,1
26575,22524,1
26575,27650,1
26575,29106,1
26576,18313,1
26576,28895,1
26577,24651,1
26577,28684,1
26578,28473,1
26579,25564,1
26579,28262,1
26580,24838,1
26580,28051,1
26581,27840,1
26582,7211,1
26582,27629,1
26582,29727,1
26583,27418,1
26584,27207,1
26585,26996,1
26586,11336,1
26586,26785,1
26587,26574,1
26588,26363,1
26589,1937,1
26589,26152,1
26590,17976,1
26590,25941,1
26591,3610,1
26591,25730,1
26591,25768,1
26592,25519,1
26592,26689,1
26593,25308,1
26594,18771,1
26594,25097,1
26595,18021,1
26595,21311,1
26595,24886,1
26596,24675,1
26596,26227,1
26597,13181,1
26597,24464,1
26597,27386,1
26598,24253,1
26599,24042,1
26600,23831,1
26600,28342,1
26601,23620,1
26602,7560,1
26602,23409,1
26603,23198,1
26604,22987,1
26604,25128,1
26605,22776,1
26605,23241,1
26606,22565,1
26607,3921,1
26607,22354,1
26608,16260,1
26608,22143,1
26609,21932,1
26609,23199,1
26610,10714,1
26610,21721,1
26611,2173,1
26611,7279,1
26611,9267,1
26611,21510,1
26612,19034,1
26612,21299,1
26613,21088,1
26613,28703,1
26614,16871,1
26614,20877,1
26615,894,1
26615,1799,1
26615,16462,1
26615,20666,1
26616,5075,1
26616,20455,1
26616,26267,1
26617,16859,1
26617,20244,1
26618,20033,1
26619,2229,1
26619,19822,1
26620,19611,1
26621,6565,1
26621,19400,1
26622,19189,1
26623,16013,1
26623,18978,1
26624,18767,1
26624,23196,1
26625,18556,1
26625,24284,1
26626,18345,1
26627,18134,1
26627,21016,1
26628,17923,1
26628,25067,1
26628,27541,1
26629,17712,1
26630,10008,1
26630,17501,1
26631,17290,1
26632,17079,1
26633,13651,1
26633,16868,1
26633,29240,1
26634,335,1
26634,16657,1
26635,16446,1
26636,10397,1
26636,16235,1
26637,16024,1
26638,7630,1
26638,15813,1
26638,24819,1
26639,15602,1
26640,2748,1
26640,15391,1
26641,15180,1
26642,14969,1
26642,22972,1
26642,24792,1
26643,14758,1
26643,21183,1
26643,25174,1
26644,14547,1
26645,14336,1
26646,14125,1
26646,20429,1
26646,29949,1
26647,13914,1
26648,13703,1
26649,12487,1
26649,13492,1
26650,13281,1
26650,18094,1
26651,13070,1
26652,6441,1
26652,12859,1
26653,12648,1
26653,17593,1
26653,28728,1
26654,12437,1
26655,6803,1
26655,11740,1
26655,12226,1
26656,3544,1
26656,12015,1
26656,19749,1
26656,27913,1
26657,11804,1
26657,32724,1
26658,2454,1
26658,11593,1
26659,11382,1
26659,12087,1
26660,11171,1
26661,10960,1
26661,26976,1
26662,10749,1
26663,10538,1
26664,10327,1
26664,27632,1
26665,3057,1
26665,10116,1
26665,19989,1
26665,26522,1
26666,9623,1
26666,9905,1
26666,32415,1
26667,1645,1
26667,9694,1
26668,9483,1
26669,9272,1
26670,9061,1
26671,8850,1
26672,8639,1
26672,10484,1
26673,8428,1
26674,8217,1
26675,8006,1
26675,22785,1
26676,7795,1
26676,18889,1
26676,22826,1
26676,24184,1
26677,7584,1
26677,24820,1
26678,7373,1
26679,7162,1
26679,25100,1
26679,31194,1
26680,6951,1
26681,6740,1
26681,8541,1
26682,6529,1
26683,6318,1
26684,3803,1
26684,6107,1
26684,23619,1
26685,5896,1
26686,5685,1
26686,28163,1
26687,5474,1
26688,5263,1
26689,5052,1
26689,7340,1
26689,32038,1
26690,4383,1
26690,4841,1
26690,13452,1
26691,1088,1
26691,4630,1
26691,7827,1
26692,4419,1
26692,12581,1
26692,14752,1
26692,32402,1
26693,4208,1
26694,3997,1
26694,15016,1
26695,3786,1
26695,8579,1
26696,3575,1
26696,20663,1
26697,3364,1
26697,18519,1
26697,31684,1
26698,3153,1
26698,19132,1
26699,2942,1
26699,28195,1
26700,2731,1
26701,2520,1
26702,1503,1
26702,2309,1
26703,2098,1
26704,1887,1
26705,1676,1
26705,2987,1
26706,1465,1
26707,1254,1
26707,15079,1
26708,1043,1
26709,832,1
26709,23668,1
26710,621,1
26711,410,1
26711,704,1
26712,199,1
26712,16284,1
26713,32756,1
26714,1708,1
26714,15175,1
26714,19736,1
26714,32545,1
26715,20399,1
26715,32334,1
26716,32123,1
26717,31912,1
26718,17509,1
26718,31701,1
26719,18097,1
26719,19992,1
26719,25139,1
26719,31490,1
26720,31279,1
26721,31068,1
26722,7819,1
26722,26342,1
26722,30857,1
26723,209,1
26723,24646,1
26723,30646,1
26724,11133,1
26724,11571,1
26724,30435,1
26725,18758,1
26725,22430,1
26725,30224,1
26726,24309,1
26726,28276,1
26726,29799,1
26726,30013,1
26727,16566,1
26727,29802,1
26728,29591,1
26729,26072,1
26729,29380,1
26730,29169,1
26731,1989,1
26731,23178,1
26731,28958,1
26732,15740,1
26732,25457,1
26732,28747,1
26733,28536,1
26734,28325,1
26735,22635,1
26735,26980,1
26735,28114,1
26736,27903,1
26737,3290,1
26737,27692,1
26738,27481,1
26739,27270,1
26740,5373,1
26740,9281,1
26740,19090,1
26740,27059,1
26741,1946,1
26741,25374,1
26741,26848,1
26742,26637,1
26742,28733,1
26743,26426,1
26744,26215,1
26745,26004,1
26746,25793,1
26747,25582,1
26748,25371,1
26749,25160,1
26750,24949,1
26750,25384,1
26751,24738,1
26752,24527,1
26752,29288,1
26753,24316,1
26754,19154,1
26754,24105,1
26755,22730,1
26755,23894,1
26756,13596,1
26756,23683,1
26757,23472,1
26758,998,1
26758,23261,1
26759,23050,1
26760,22839,1
26761,22628,1
26761,25527,1
26762,22417,1
26763,13557,1
26763,22206,1
26763,32397,1
26764,21995,1
26764,27025,1
26764,32283,1
26765,21784,1
26766,19006,1
26766,19065,1
26766,21573,1
26767,21362,1
26767,21739,1
26768,21151,1
26769,13462,1
26769,20940,1
26769,30351,1
26770,20729,1
26771,20518,1
26772,20307,1
26773,883,1
26773,20096,1
26774,17115,1
26774,19885,1
26775,19674,1
26775,22456,1
26776,19463,1
26776,27179,1
26777,19252,1
26778,19041,1
26778,20562,1
26778,28757,1
26778,29825,1
26779,18830,1
26780,18619,1
26780,18975,1
26780,26661,1
26781,17514,1
26781,18408,1
26781,28095,1
26782,18197,1
26783,17986,1
26783,19695,1
26784,11123,1
26784,17775,1
26784,29737,1
26785,17564,1
26786,17353,1
26787,17142,1
26788,16931,1
26789,16720,1
26790,5076,1
26790,16509,1
26791,16298,1
26791,24115,1
26792,2011,1
26792,16087,1
26793,13270,1
26793,15876,1
26793,22994,1
26794,9821,1
26794,15665,1
26795,15454,1
26796,4775,1
26796,15243,1
26797,3125,1
26797,15032,1
26798,7519,1
26798,14821,1
26798,27113,1
26798,31354,1
26799,14610,1
26800,8531,1
26800,14399,1
26800,17326,1
26800,20521,1
26801,6063,1
26801,14188,1
26801,30583,1
26802,13977,1
26803,7611,1
26803,13766,1
26804,13555,1
26805,660,1
26805,2270,1
26805,9397,1
26805,13344,1
26805,26188,1
26806,13133,1
26807,12922,1
26808,12711,1
26808,19149,1
26809,12500,1
26809,31791,1
26810,12289,1
26811,7364,1
26811,9743,1
26811,12078,1
26811,32396,1
26812,11867,1
26813,867,1
26813,5077,1
26813,11656,1
26813,17873,1
26813,18274,1
26813,23364,1
26813,23825,1
26813,25509,1
26813,28355,1
26814,11445,1
26814,17128,1
26815,11234,1
26815,19172,1
26815,26283,1
26816,7302,1
26816,11023,1
26817,10812,1
26818,1671,1
26818,10601,1
26818,22355,1
26819,3204,1
26819,6797,1
26819,10390,1
26819,13772,1
26820,10179,1
26821,9968,1
26821,10562,1
26821,27254,1
26821,32286,1
26822,9757,1
26822,17920,1
26822,19386,1
26822,26605,1
26823,9546,1
26823,16711,1
26824,9335,1
26825,1474,1
26825,9124,1
26825,30141,1
26826,8913,1
26827,8702,1
26827,16967,1
26827,24474,1
26828,8491,1
26829,3383,1
26829,8280,1
26830,8069,1
26830,8518,1
26831,7858,1
26831,15857,1
26831,21277,1
26831,32068,1
26832,7647,1
26833,7436,1
26833,21422,1
26834,7225,1
26835,7014,1
26836,5776,1
26836,6803,1
26836,9996,1
26837,6592,1
26838,6381,1
26838,15390,1
26839,6170,1
26840,1461,1
26840,5959,1
26841,5748,1
26841,19436,1
26842,5537,1
26842,6778,1
26843,5326,1
26844,5115,1
26844,10387,1
26845,4904,1
26845,32522,1
26846,4693,1
26847,4482,1
26847,5151,1
26848,4271,1
26849,1990,1
26849,2056,1
26849,4060,1
26849,14722,1
26850,3849,1
26850,9661,1
26850,25814,1
26851,3638,1
26852,3427,1
26852,7265,1
26853,3216,1
26854,3005,1
26854,11267,1
26854,26136,1
26855,1437,1
26855,2794,1
26855,30570,1
26856,2583,1
26856,27046,1
26857,2372,1
26858,2161,1
26858,17295,1
26859,1950,1
26859,21347,1
26860,1739,1
26860,29443,1
26861,1528,1
26861,17844,1
26862,1317,1
26863,1106,1
26863,15096,1
26864,895,1
26864,2474,1
26864,22867,1
26864,25474,1
26865,684,1
26865,8334,1
26866,473,1
26866,1918,1
26866,6892,1
26867,262,1
26868,51,1
26868,12050,1
26869,32608,1
26870,31542,1
26870,32397,1
26871,32186,1
26872,6093,1
26872,31975,1
26873,5128,1
26873,8793,1
26873,9078,1
26873,12339,1
26873,26380,1
26873,31764,1
26874,31553,1
26875,1169,1
26875,9555,1
26875,22228,1
26875,31342,1
26876,6546,1
26876,15392,1
26876,31131,1
26877,30920,1
26878,30709,1
26879,30498,1
26880,24028,1
26880,30287,1
26881,6049,1
26881,30076,1
26882,1037,1
26882,29865,1
26883,29654,1
26884,19327,1
26884,29443,1
26885,29232,1
26886,29021,1
26887,27594,1
26887,28810,1
26888,11247,1
26888,28599,1
26888,30807,1
26889,10067,1
26889,27746,1
26889,28388,1
26890,12806,1
26890,21854,1
26890,27764,1
26890,28177,1
26891,27966,1
26892,4035,1
26892,27755,1
26893,10929,1
26893,27544,1
26894,9937,1
26894,13443,1
26894,27333,1
26895,10116,1
26895,27122,1
26896,26400,1
26896,26911,1
26896,30891,1
26897,8510,1
26897,26700,1
26898,7095,1
26898,14213,1
26898,26489,1
26899,26278,1
26900,26067,1
26900,27050,1
26901,22489,1
26901,25856,1
26901,27478,1
26902,25645,1
26903,9819,1
26903,25434,1
26904,15945,1
26904,25223,1
26905,25012,1
26906,24801,1
26907,1322,1
26907,12190,1
26907,19199,1
26907,24590,1
26908,24379,1
26908,29663,1
26909,24168,1
26910,23957,1
26911,23746,1
26912,237,1
26912,23535,1
26913,3164,1
26913,23324,1
26914,16109,1
26914,23113,1
26915,22902,1
26915,23355,1
26916,22691,1
26916,23563,1
26917,22480,1
26917,26030,1
26918,19936,1
26918,22269,1
26919,22058,1
26919,23519,1
26920,21847,1
26921,21636,1
26921,21746,1
26922,21425,1
26923,13366,1
26923,15601,1
26923,21214,1
26923,31691,1
26924,21003,1
26925,20792,1
26926,11924,1
26926,20581,1
26927,17858,1
26927,20370,1
26927,32682,1
26928,20159,1
26928,28148,1
26929,19948,1
26929,28371,1
26929,28873,1
26930,19737,1
26931,19526,1
26932,5296,1
26932,10440,1
26932,15920,1
26932,19315,1
26932,27328,1
26933,19104,1
26933,22823,1
26933,27315,1
26934,17494,1
26934,18893,1
26935,18682,1
26935,27573,1
26936,18471,1
26937,3576,1
26937,18260,1
26938,18049,1
26938,23697,1
26939,17838,1
26939,30312,1
26940,17627,1
26940,25074,1
26941,17416,1
26941,18730,1
26942,949,1
26942,5200,1
26942,17205,1
26943,16994,1
26944,16783,1
26945,16572,1
26945,30917,1
26946,16361,1
26947,16150,1
26948,14999,1
26948,15939,1
26948,17806,1
26948,24962,1
26949,15728,1
26949,24691,1
26950,15517,1
26951,7905,1
26951,15306,1
26952,15095,1
26952,22889,1
26952,32375,1
26953,14884,1
26954,14673,1
26954,15304,1
26955,14462,1
26956,3512,1
26956,14251,1
26957,14040,1
26957,17485,1
26957,27195,1
26958,10658,1
26958,13829,1
26959,8470,1
26959,13618,1
26960,13407,1
26961,13196,1
26961,21680,1
26961,27228,1
26962,259,1
26962,12985,1
26963,661,1
26963,4747,1
26963,5041,1
26963,12774,1
26963,14113,1
26963,19081,1
26964,12563,1
26965,12352,1
26966,12141,1
26967,11930,1
26967,24382,1
26968,7341,1
26968,11385,1
26968,11719,1
26969,11508,1
26970,11297,1
26970,30973,1
26970,32349,1
26971,3774,1
26971,11086,1
26972,10875,1
26973,10664,1
26973,11483,1
26973,20579,1
26973,28295,1
26974,10453,1
26974,24973,1
26975,10242,1
26975,16518,1
26975,19562,1
26976,10031,1
26977,9820,1
26978,9609,1
26979,4118,1
26979,9398,1
26979,24068,1
26980,9187,1
26981,8976,1
26982,8765,1
26983,8554,1
26984,8343,1
26985,6404,1
26985,8132,1
26985,28856,1
26986,7921,1
26986,13229,1
26986,22895,1
26986,24739,1
26987,7710,1
26988,7499,1
26988,29928,1
26989,7288,1
26990,6133,1
26990,7077,1
26990,18138,1
26991,1912,1
26991,6866,1
26992,6655,1
26993,3418,1
26993,3572,1
26993,6444,1
26993,8535,1
26993,8777,1
26994,6233,1
26994,29797,1
26995,6022,1
26996,3049,1
26996,5811,1
26997,5600,1
26997,14620,1
26997,27165,1
26998,5389,1
26998,7091,1
26998,19937,1
26999,1599,1
26999,5178,1
26999,27405,1
27000,4967,1
27000,25540,1
27001,4756,1
27002,4545,1
27003,4334,1
27003,20765,1
27003,25853,1
27003,28915,1
27003,32665,1
27004,4123,1
27005,3912,1
27005,26205,1
27006,3701,1
27006,10236,1
27007,3490,1
27007,4932,1
27007,17383,1
27008,1910,1
27008,3279,1
27008,30045,1
27009,3068,1
27010,2857,1
27010,21035,1
27010,22275,1
27011,2646,1
27011,25085,1
27011,31616,1
27012,2435,1
27013,2224,1
27014,2013,1
27014,24512,1
27014,29885,1
27014,31723,1
27015,1053,1
27015,1802,1
27015,6286,1
27016,1591,1
27017,1380,1
27017,16156,1
27017,17554,1
27018,1169,1
27018,15804,1
27018,16969,1
27019,958,1
27020,747,1
27021,536,1
27022,325,1
27023,114,1
27023,3666,1
27023,15579,1
27023,27607,1
27024,20764,1
27024,32671,1
27025,10974,1
27025,32460,1
27026,11314,1
27026,32249,1
27027,181,1
27027,3061,1
27027,32038,1
27028,18509,1
27028,31827,1
27029,31616,1
27030,27171,1
27030,31405,1
27031,26235,1
27031,31194,1
27032,30983,1
27033,28398,1
27033,30772,1
27034,1573,1
27034,21511,1
27034,30561,1
27035,28565,1
27035,30350,1
27036,647,1
27036,21645,1
27036,30139,1
27037,11972,1
27037,29928,1
27038,15474,1
27038,15586,1
27038,19479,1
27038,29717,1
27039,29506,1
27040,19501,1
27040,23477,1
27040,29295,1
27041,13297,1
27041,29084,1
27042,28873,1
27043,22787,1
27043,28662,1
27043,29731,1
27044,28451,1
27045,2679,1
27045,28240,1
27046,28029,1
27047,7949,1
27047,27818,1
27047,29933,1
27048,14,1
27048,6640,1
27048,27607,1
27049,4057,1
27049,27396,1
27050,22505,1
27050,27185,1
27051,26974,1
27051,29991,1
27052,26763,1
27053,26552,1
27053,26754,1
27054,26341,1
27055,7117,1
27055,13182,1
27055,26130,1
27056,8960,1
27056,19037,1
27056,25919,1
27057,4683,1
27057,13721,1
27057,25708,1
27058,25497,1
27059,652,1
27059,25286,1
27060,24791,1
27060,25075,1
27060,30251,1
27061,24864,1
27062,16164,1
27062,24653,1
27063,13816,1
27063,24442,1
27064,24231,1
27065,6333,1
27065,24020,1
27066,23809,1
27066,27889,1
27067,23598,1
27068,8544,1
27068,23387,1
27069,45,1
27069,23176,1
27070,16220,1
27070,22965,1
27070,30741,1
27071,22754,1
27072,22157,1
27072,22543,1
27073,105,1
27073,12231,1
27073,22332,1
27074,4859,1
27074,13979,1
27074,14796,1
27074,22121,1
27075,1102,1
27075,21910,1
27076,1105,1
27076,21699,1
27076,23177,1
27076,24941,1
27077,21488,1
27077,25869,1
27077,26603,1
27078,20373,1
27078,21277,1
27079,21066,1
27080,14769,1
27080,17474,1
27080,20855,1
27081,10724,1
27081,20644,1
27082,20433,1
27082,25921,1
27083,7353,1
27083,8693,1
27083,20222,1
27084,20011,1
27085,1385,1
27085,2603,1
27085,19800,1
27086,19589,1
27086,30398,1
27087,4644,1
27087,19378,1
27088,19167,1
27089,11994,1
27089,16473,1
27089,18956,1
27090,18745,1
27091,18534,1
27092,18323,1
27092,19517,1
27092,32035,1
27093,18112,1
27094,17901,1
27095,17690,1
27096,15796,1
27096,17479,1
27097,17268,1
27098,17057,1
27099,16846,1
27100,16635,1
27101,16424,1
27102,7322,1
27102,16020,1
27102,16213,1
27103,4244,1
27103,16002,1
27104,15791,1
27105,12479,1
27105,15580,1
27106,15369,1
27106,26524,1
27107,15158,1
27108,7270,1
27108,14947,1
27109,14736,1
27109,23919,1
27109,28043,1
27110,3982,1
27110,14525,1
27111,14314,1
27111,15070,1
27111,17064,1
27112,7253,1
27112,14103,1
27113,13892,1
27113,25534,1
27114,13681,1
27115,543,1
27115,13470,1
27116,13259,1
27117,13048,1
27118,12837,1
27119,12626,1
27120,12415,1
27120,15215,1
27121,12204,1
27122,11993,1
27123,11782,1
27124,11571,1
27124,26612,1
27125,11360,1
27126,11149,1
27127,10938,1
27128,3336,1
27128,9551,1
27128,10727,1
27128,20223,1
27129,10516,1
27130,10305,1
27131,10094,1
27131,18054,1
27132,9883,1
27132,11040,1
27132,27810,1
27133,9672,1
27134,3546,1
27134,9461,1
27135,4135,1
27135,9250,1
27136,9039,1
27137,8828,1
27137,31509,1
27138,2881,1
27138,8617,1
27138,24164,1
27139,8406,1
27139,17247,1
27139,29319,1
27140,8195,1
27140,13234,1
27141,7984,1
27142,4817,1
27142,7773,1
27142,19759,1
27143,7562,1
27144,7351,1
27145,7140,1
27145,19510,1
27146,6929,1
27147,6718,1
27148,6507,1
27149,6296,1
27149,26254,1
27150,6085,1
27150,17431,1
27151,5874,1
27151,8883,1
27152,5663,1
27152,6687,1
27152,6961,1
27152,8826,1
27152,17417,1
27153,754,1
27153,5452,1
27154,5241,1
27154,22892,1
27155,5030,1
27155,27227,1
27156,4819,1
27157,4608,1
27158,4397,1
27158,5318,1
27159,4186,1
27159,16642,1
27159,24862,1
27159,27749,1
27160,1424,1
27160,3975,1
27161,3764,1
27162,3553,1
27163,3342,1
27163,18379,1
27163,27482,1
27164,3131,1
27165,2920,1
27166,2709,1
27166,24641,1
27166,26262,1
27167,2498,1
27168,2287,1
27169,2076,1
27170,1865,1
27170,7926,1
27170,16602,1
27170,18839,1
27170,21926,1
27170,24811,1
27171,1654,1
27171,16169,1
27172,1443,1
27172,12325,1
27172,30802,1
27173,1232,1
27174,1021,1
27175,810,1
27175,5333,1
27175,25219,1
27176,599,1
27176,6436,1
27176,18982,1
27176,21093,1
27177,388,1
27177,18450,1
27178,177,1
27179,32734,1
27180,25759,1
27180,32523,1
27181,30978,1
27181,32312,1
27182,32101,1
27183,31890,1
27184,31679,1
27185,31468,1
27186,31257,1
27187,8020,1
27187,31046,1
27188,15789,1
27188,30835,1
27189,30624,1
27189,32100,1
27190,22185,1
27190,30413,1
27191,9238,1
27191,9630,1
27191,27270,1
27191,30202,1
27192,2551,1
27192,7425,1
27192,8818,1
27192,29991,1
27193,16600,1
27193,29780,1
27194,29569,1
27195,11625,1
27195,29358,1
27196,3633,1
27196,14077,1
27196,29147,1
27197,28936,1
27198,28725,1
27199,25849,1
27199,28514,1
27200,859,1
27200,28303,1
27201,28092,1
27202,27881,1
27203,27670,1
27204,27459,1
27204,28411,1
27204,32450,1
27205,6210,1
27205,27248,1
27205,28032,1
27206,27037,1
27207,26826,1
27208,670,1
27208,8165,1
27208,26615,1
27208,30503,1
27209,2447,1
27209,6303,1
27209,11789,1
27209,18403,1
27209,26404,1
27210,17391,1
27210,26193,1
27210,27643,1
27211,4482,1
27211,25982,1
27212,25771,1
27213,25560,1
27214,25349,1
27215,25138,1
27216,24927,1
27217,12008,1
27217,17125,1
27217,24716,1
27218,21166,1
27218,24505,1
27219,12744,1
27219,24294,1
27220,13015,1
27220,24083,1
27221,23872,1
27222,9178,1
27222,23661,1
27223,9145,1
27223,23450,1
27223,24976,1
27224,23239,1
27224,30204,1
27225,9589,1
27225,23028,1
27226,22817,1
27227,22606,1
27228,933,1
27228,14179,1
27228,22395,1
27229,22184,1
27230,21973,1
27231,21762,1
27232,21551,1
27233,21340,1
27234,21129,1
27235,20918,1
27236,20707,1
27237,20496,1
27238,968,1
27238,20285,1
27238,32496,1
27239,20012,1
27239,20074,1
27240,4208,1
27240,19863,1
27241,15964,1
27241,19652,1
27241,24990,1
27242,16301,1
27242,19441,1
27243,1432,1
27243,19230,1
27244,19019,1
27244,29660,1
27245,15822,1
27245,18808,1
27246,18597,1
27247,18386,1
27248,12855,1
27248,15411,1
27248,18175,1
27249,17964,1
27249,25289,1
27250,8774,1
27250,16076,1
27250,17753,1
27251,17537,1
27251,17542,1
27251,29666,1
27252,17331,1
27253,5104,1
27253,17120,1
27253,20388,1
27254,12969,1
27254,16909,1
27254,22555,1
27255,16698,1
27256,16487,1
27257,1842,1
27257,6247,1
27257,16276,1
27258,16065,1
27258,29230,1
27259,3527,1
27259,15854,1
27260,15643,1
27260,20757,1
27260,31709,1
27261,15432,1
27261,18691,1
27262,15221,1
27262,17959,1
27263,15010,1
27264,8209,1
27264,14799,1
27264,28361,1
27264,30580,1
27265,14588,1
27266,14377,1
27267,14166,1
27267,14381,1
27268,7620,1
27268,13955,1
27268,31444,1
27269,10433,1
27269,13744,1
27270,2624,1
27270,13533,1
27270,29542,1
27271,13322,1
27271,17062,1
27272,13111,1
27272,26981,1
27272,29449,1
27273,12900,1
27274,12689,1
27274,22322,1
27275,6623,1
27275,8447,1
27275,12478,1
27276,12267,1
27276,28996,1
27277,12056,1
27278,11845,1
27278,30996,1
27279,11634,1
27279,21747,1
27280,11423,1
27281,2363,1
27281,11212,1
27281,18007,1
27282,4945,1
27282,11001,1
27283,9157,1
27283,10790,1
27284,630,1
27284,927,1
27284,10579,1
27285,4559,1
27285,10368,1
27285,12946,1
27285,19295,1
27286,10157,1
27287,9946,1
27288,6255,1
27288,7617,1
27288,7920,1
27288,9735,1
27288,22431,1
27289,9524,1
27289,15141,1
27289,16719,1
27290,9313,1
27291,9102,1
27292,566,1
27292,3507,1
27292,8891,1
27292,13468,1
27292,14721,1
27292,31197,1
27293,8680,1
27294,8469,1
27295,7689,1
27295,8258,1
27295,20028,1
27295,23870,1
27296,7406,1
27296,8047,1
27296,16139,1
27297,971,1
27297,7836,1
27297,10839,1
27298,7625,1
27298,16988,1
27298,24330,1
27299,7414,1
27299,18109,1
27299,22544,1
27300,7203,1
27301,6992,1
27301,17497,1
27302,6781,1
27303,6570,1
27304,6359,1
27305,6148,1
27306,5937,1
27306,21901,1
27307,5726,1
27307,7863,1
27308,5515,1
27308,5594,1
27308,24448,1
27308,29018,1
27308,29776,1
27309,5304,1
27309,10230,1
27310,4842,1
27310,5093,1
27311,4882,1
27311,8366,1
27311,31279,1
27312,4671,1
27312,23464,1
27313,4460,1
27314,4249,1
27314,30598,1
27315,4038,1
27315,28899,1
27316,3827,1
27317,3616,1
27317,16941,1
27317,25953,1
27318,3405,1
27318,18560,1
27318,21406,1
27319,3194,1
27320,377,1
27320,2983,1
27320,32414,1
27321,2772,1
27322,2561,1
27323,2350,1
27324,2139,1
27325,1928,1
27326,1717,1
27326,27678,1
27327,1506,1
27327,31756,1
27328,1295,1
27328,3569,1
27328,4615,1
27329,1084,1
27329,4620,1
27330,873,1
27331,662,1
27332,451,1
27332,9802,1
27333,240,1
27334,29,1
27334,28839,1
27334,31658,1
27335,32586,1
27336,24301,1
27336,32375,1
27337,2101,1
27337,4551,1
27337,32164,1
27338,12310,1
27338,16849,1
27338,31953,1
27339,18755,1
27339,31742,1
27340,9790,1
27340,27766,1
27340,31531,1
27341,31320,1
27342,24812,1
27342,31109,1
27343,30898,1
27344,2531,1
27344,30687,1
27345,5719,1
27345,30476,1
27346,29576,1
27346,30265,1
27347,24245,1
27347,30054,1
27348,29843,1
27349,14017,1
27349,20010,1
27349,29632,1
27349,31289,1
27350,29421,1
27351,29210,1
27352,16199,1
27352,18265,1
27352,28999,1
27353,5074,1
27353,28788,1
27354,21838,1
27354,28577,1
27354,29097,1
27355,7706,1
27355,28366,1
27356,28155,1
27357,27944,1
27358,20273,1
27358,27733,1
27359,27522,1
27360,27311,1
27361,17333,1
27361,27100,1
27362,13017,1
27362,19418,1
27362,26889,1
27363,13393,1
27363,26678,1
27364,26467,1
27365,15946,1
27365,26256,1
27366,25504,1
27366,26045,1
27366,31054,1
27367,4255,1
27367,12248,1
27367,25834,1
27368,7039,1
27368,25623,1
27368,28777,1
27369,25412,1
27370,25201,1
27371,2219,1
27371,8651,1
27371,24990,1
27372,24779,1
27373,24568,1
27374,24357,1
27375,24146,1
27376,23935,1
27377,23724,1
27378,5785,1
27378,8629,1
27378,23513,1
27378,25970,1
27378,31056,1
27379,23302,1
27380,23091,1
27381,5171,1
27381,13158,1
27381,22880,1
27382,13000,1
27382,22669,1
27382,32127,1
27383,13437,1
27383,22458,1
27384,22247,1
27384,27022,1
27385,22036,1
27385,28383,1
27386,21825,1
27386,30964,1
27387,21614,1
27388,12967,1
27388,19067,1
27388,21403,1
27389,21192,1
27390,20981,1
27390,32080,1
27391,8418,1
27391,19301,1
27391,20770,1
27392,20559,1
27393,7511,1
27393,20348,1
27394,10424,1
27394,20137,1
27395,19926,1
27396,19715,1
27396,26221,1
27396,28432,1
27397,12477,1
27397,19504,1
27397,21398,1
27397,25936,1
27398,19293,1
27398,24161,1
27399,19082,1
27400,12815,1
27400,15686,1
27400,18871,1
27401,1427,1
27401,18660,1
27401,19329,1
27402,18449,1
27403,16545,1
27403,18238,1
27404,3484,1
27404,18027,1
27405,17816,1
27406,4596,1
27406,17605,1
27406,28104,1
27407,203,1
27407,17394,1
27407,25617,1
27408,8695,1
27408,17183,1
27409,3811,1
27409,16972,1
27410,16761,1
27410,30473,1
27411,14427,1
27411,16550,1
27412,16339,1
27413,16128,1
27414,15917,1
27415,4909,1
27415,15706,1
27416,15495,1
27417,7137,1
27417,14483,1
27417,15284,1
27418,15073,1
27419,7200,1
27419,14862,1
27420,14651,1
27421,14440,1
27421,23265,1
27422,14229,1
27423,525,1
27423,8396,1
27423,14018,1
27423,26581,1
27424,13807,1
27425,13596,1
27426,13385,1
27426,26240,1
27427,3648,1
27427,6256,1
27427,13174,1
27428,5778,1
27428,12963,1
27428,21520,1
27429,12752,1
27430,1079,1
27430,1994,1
27430,12541,1
27430,26779,1
27431,12330,1
27432,8638,1
27432,12119,1
27433,11587,1
27433,11908,1
27434,1617,1
27434,11697,1
27434,12132,1
27435,11486,1
27435,20637,1
27436,11275,1
27436,23386,1
27437,11064,1
27438,912,1
27438,10853,1
27439,10642,1
27440,10431,1
27440,11056,1
27440,27531,1
27441,10220,1
27442,2694,1
27442,10009,1
27443,9798,1
27443,22333,1
27444,9587,1
27444,21589,1
27444,31479,1
27445,1921,1
27445,9376,1
27445,20805,1
27446,9165,1
27446,11681,1
27446,27944,1
27446,29808,1
27447,8954,1
27448,2136,1
27448,2615,1
27448,8743,1
27448,22409,1
27449,8532,1
27450,8321,1
27450,21051,1
27450,27297,1
27451,8110,1
27451,23975,1
27452,7899,1
27452,26749,1
27453,7688,1
27454,7477,1
27455,7266,1
27455,9944,1
27456,6695,1
27456,7055,1
27457,6844,1
27458,1721,1
27458,1776,1
27458,6633,1
27458,8195,1
27459,6422,1
27460,3636,1
27460,6211,1
27460,9659,1
27460,28445,1
27461,6000,1
27462,5789,1
27462,18569,1
27463,5578,1
27464,5367,1
27464,15922,1
27465,5156,1
27466,4945,1
27467,4734,1
27467,5877,1
27467,13933,1
27468,4523,1
27469,4312,1
27469,6503,1
27470,4101,1
27470,29159,1
27471,3890,1
27472,3679,1
27472,9590,1
27473,2495,1
27473,3468,1
27473,14800,1
27473,17769,1
27474,3257,1
27475,3046,1
27476,699,1
27476,2835,1
27477,2624,1
27478,2413,1
27479,2202,1
27480,1991,1
27480,8940,1
27481,1780,1
27481,5625,1
27482,1569,1
27483,1358,1
27483,8964,1
27483,31901,1
27484,1147,1
27484,18842,1
27484,21890,1
27485,936,1
27485,10746,1
27486,725,1
27486,13425,1
27486,21695,1
27486,32134,1
27487,514,1
27488,303,1
27489,92,1
27490,18099,1
27490,32649,1
27491,7124,1
27491,26210,1
27491,32438,1
27492,32227,1
27493,2642,1
27493,32016,1
27494,31805,1
27495,12455,1
27495,25209,1
27495,28203,1
27495,31594,1
27496,31383,1
27497,4181,1
27497,31172,1
27498,21351,1
27498,30961,1
27499,30750,1
27500,19860,1
27500,30539,1
27501,23888,1
27501,30328,1
27502,23292,1
27502,24372,1
27502,30117,1
27503,13171,1
27503,17663,1
27503,29906,1
27504,4367,1
27504,10675,1
27504,18090,1
27504,29695,1
27505,9134,1
27505,19629,1
27505,29484,1
27506,24087,1
27506,29273,1
27507,28275,1
27507,29062,1
27508,28851,1
27509,20946,1
27509,28640,1
27510,423,1
27510,5255,1
27510,28429,1
27511,28218,1
27512,21662,1
27512,28007,1
27513,13314,1
27513,27796,1
27514,26257,1
27514,27585,1
27515,22329,1
27515,27374,1
27516,96,1
27516,27163,1
27517,26952,1
27518,11423,1
27518,24859,1
27518,25810,1
27518,26741,1
27518,27651,1
27518,31738,1
27519,26530,1
27519,30660,1
27520,14159,1
27520,26319,1
27521,26108,1
27522,25897,1
27523,3011,1
27523,8632,1
27523,25686,1
27524,25475,1
27524,30227,1
27524,32132,1
27525,25264,1
27525,27283,1
27526,12433,1
27526,25053,1
27527,24842,1
27528,12571,1
27528,20458,1
27528,24631,1
27529,1398,1
27529,11531,1
27529,15120,1
27529,24420,1
27530,24209,1
27531,5268,1
27531,23328,1
27531,23998,1
27532,3626,1
27532,23787,1
27532,26543,1
27533,23576,1
27534,23365,1
27535,23154,1
27535,31018,1
27536,17367,1
27536,22943,1
27537,2928,1
27537,10678,1
27537,22732,1
27537,24308,1
27538,22521,1
27539,22310,1
27540,14791,1
27540,22099,1
27541,21888,1
27542,10936,1
27542,21677,1
27543,21466,1
27544,21255,1
27545,21044,1
27546,6788,1
27546,17562,1
27546,20833,1
27546,30478,1
27547,6410,1
27547,20622,1
27548,20411,1
27549,8957,1
27549,20200,1
27550,5830,1
27550,19989,1
27551,19398,1
27551,19778,1
27552,19567,1
27552,28770,1
27553,19356,1
27554,19145,1
27555,18934,1
27556,10462,1
27556,18723,1
27557,18512,1
27558,7903,1
27558,18301,1
27559,16249,1
27559,18090,1
27560,17879,1
27560,28829,1
27561,17668,1
27562,17457,1
27563,17246,1
27564,17035,1
27565,16824,1
27565,23621,1
27566,13941,1
27566,16613,1
27566,29941,1
27567,16402,1
27567,19176,1
27568,6383,1
27568,16191,1
27568,20723,1
27568,23185,1
27568,30554,1
27569,15980,1
27570,5,1
27570,61,1
27570,15769,1
27571,1517,1
27571,12245,1
27571,15558,1
27571,30036,1
27572,15347,1
27573,5348,1
27573,15136,1
27573,22128,1
27574,14925,1
27575,14714,1
27575,16423,1
27576,14503,1
27576,26834,1
27576,26890,1
27577,14292,1
27578,14081,1
27579,13870,1
27579,31834,1
27580,13659,1
27581,372,1
27581,13448,1
27582,13237,1
27582,21593,1
27582,31877,1
27583,13026,1
27583,17868,1
27584,12815,1
27584,17277,1
27584,31548,1
27585,12604,1
27585,23510,1
27586,12393,1
27587,7728,1
27587,12182,1
27587,24130,1
27588,11084,1
27588,11971,1
27588,13014,1
27589,11760,1
27590,11549,1
27590,25319,1
27591,11338,1
27592,11127,1
27593,10916,1
27593,25467,1
27594,10705,1
27594,28029,1
27595,10494,1
27596,5540,1
27596,10283,1
27596,17889,1
27597,10072,1
27597,16173,1
27598,731,1
27598,9861,1
27599,9650,1
27600,9439,1
27600,12729,1
27601,9228,1
27602,1523,1
27602,9017,1
27603,8806,1
27604,8595,1
27604,19164,1
27605,8384,1
27606,8173,1
27607,7962,1
27607,28499,1
27608,7751,1
27609,2968,1
27609,7540,1
27610,7329,1
27610,30887,1
27611,7118,1
27612,6907,1
27613,6696,1
27614,6485,1
27615,6274,1
27616,6063,1
27617,5852,1
27617,27814,1
27617,31305,1
27618,5641,1
27619,5430,1
27619,16448,1
27619,27184,1
27619,29891,1
27620,5219,1
27620,13529,1
27620,23560,1
27621,5008,1
27621,13066,1
27621,15622,1
27622,4797,1
27622,10137,1
27622,17263,1
27623,4586,1
27624,4375,1
27624,23288,1
27625,4164,1
27626,3953,1
27626,19337,1
27627,3742,1
27627,19798,1
27627,29589,1
27628,3531,1
27629,3320,1
27630,3109,1
27630,5042,1
27630,25904,1
27631,2898,1
27631,12827,1
27631,24271,1
27631,26387,1
27631,27945,1
27632,2687,1
27632,6810,1
27633,2476,1
27634,2265,1
27634,22906,1
27634,23742,1
27635,2054,1
27635,3713,1
27635,5531,1
27636,1843,1
27636,3923,1
27637,1632,1
27637,21265,1
27637,24113,1
27638,1421,1
27639,1210,1
27639,17809,1
27639,30309,1
27640,999,1
27640,15186,1
27641,788,1
27641,30233,1
27641,31667,1
27642,577,1
27642,28581,1
27643,366,1
27644,155,1
27644,22191,1
27644,30712,1
27645,32712,1
27646,19062,1
27646,32501,1
27647,27781,1
27647,32290,1
27648,32079,1
27649,31868,1
27650,18400,1
27650,31657,1
27651,15420,1
27651,31446,1
27652,14214,1
27652,23963,1
27652,31235,1
27653,24879,1
27653,31024,1
27654,30813,1
27655,6341,1
27655,30602,1
27656,2077,1
27656,30391,1
27657,27266,1
27657,30180,1
27658,1436,1
27658,9085,1
27658,17617,1
27658,17876,1
27658,29969,1
27659,19866,1
27659,29758,1
27660,12991,1
27660,18271,1
27660,29547,1
27660,30578,1
27661,19294,1
27661,21795,1
27661,29336,1
27662,23830,1
27662,29125,1
27663,21151,1
27663,28914,1
27664,6935,1
27664,9855,1
27664,28703,1
27665,16891,1
27665,28492,1
27666,28281,1
27667,23982,1
27667,25127,1
27667,28066,1
27667,28070,1
27668,6165,1
27668,6889,1
27668,27859,1
27669,27648,1
27670,27437,1
27671,27226,1
27672,3654,1
27672,27015,1
27673,26804,1
27674,26593,1
27674,29786,1
27675,26382,1
27676,5229,1
27676,6452,1
27676,26171,1
27677,6721,1
27677,25960,1
27678,5517,1
27678,23228,1
27678,25749,1
27679,16638,1
27679,25538,1
27679,25682,1
27679,30203,1
27680,25327,1
27681,25116,1
27682,24905,1
27683,4705,1
27683,24694,1
27684,12947,1
27684,24483,1
27685,2640,1
27685,24272,1
27686,22074,1
27686,24061,1
27687,2198,1
27687,23850,1
27688,5282,1
27688,23204,1
27688,23639,1
27689,3781,1
27689,17068,1
27689,23206,1
27689,23428,1
27690,22162,1
27690,23217,1
27691,5479,1
27691,14461,1
27691,23006,1
27692,22418,1
27692,22795,1
27693,22584,1
27693,27690,1
27694,7309,1
27694,22373,1
27695,22162,1
27696,6610,1
27696,12918,1
27696,21951,1
27697,21740,1
27698,21529,1
27699,13148,1
27699,21318,1
27699,28815,1
27700,21107,1
27701,1396,1
27701,5500,1
27701,8493,1
27701,20896,1
27701,28610,1
27702,11757,1
27702,20685,1
27703,5294,1
27703,20474,1
27704,20263,1
27705,6008,1
27705,20052,1
27706,19841,1
27706,30897,1
27706,31559,1
27707,19630,1
27707,26180,1
27708,16143,1
27708,19419,1
27708,24647,1
27709,1064,1
27709,12003,1
27709,19208,1
27709,25514,1
27710,18997,1
27711,14169,1
27711,18786,1
27711,20075,1
27712,18575,1
27713,18364,1
27714,18153,1
27715,15952,1
27715,17942,1
27716,9483,1
27716,17731,1
27717,17520,1
27717,25960,1
27718,4410,1
27718,17309,1
27718,26000,1
27719,17098,1
27720,16887,1
27721,16676,1
27722,5527,1
27722,16465,1
27723,16254,1
27724,16043,1
27724,16888,1
27724,22375,1
27725,9568,1
27725,11268,1
27725,15832,1
27726,15621,1
27727,15410,1
27728,15199,1
27728,24636,1
27729,14988,1
27730,7840,1
27730,14777,1
27730,31966,1
27731,14566,1
27732,7701,1
27732,14355,1
27732,28057,1
27733,9466,1
27733,14144,1
27733,16289,1
27734,13933,1
27734,30868,1
27735,13722,1
27735,31577,1
27736,13511,1
27736,28954,1
27736,29082,1
27737,4069,1
27737,12084,1
27737,13300,1
27738,13089,1
27738,19408,1
27739,12878,1
27739,30205,1
27740,12667,1
27740,31644,1
27741,3708,1
27741,12456,1
27741,13585,1
27741,16254,1
27741,16346,1
27741,16393,1
27742,12245,1
27742,17069,1
27743,5483,1
27743,8220,1
27743,12034,1
27744,7887,1
27744,11823,1
27745,11612,1
27746,11401,1
27747,11190,1
27748,10979,1
27749,10768,1
27749,18187,1
27750,10557,1
27750,24344,1
27750,30515,1
27751,10346,1
27751,11823,1
27751,19165,1
27751,25955,1
27752,10135,1
27753,9924,1
27754,9713,1
27754,18190,1
27754,27937,1
27754,31016,1
27755,9502,1
27756,2327,1
27756,9291,1
27756,11166,1
27757,9080,1
27757,25717,1
27758,8869,1
27758,29633,1
27759,8658,1
27760,8447,1
27760,30371,1
27761,8236,1
27761,10321,1
27761,15252,1
27762,8025,1
27762,10651,1
27763,7814,1
27764,7603,1
27765,7392,1
27766,7181,1
27766,23463,1
27767,6970,1
27768,6759,1
27769,6548,1
27770,6337,1
27770,6346,1
27771,6126,1
27772,5915,1
27772,31167,1
27773,5704,1
27773,14420,1
27774,5493,1
27775,5282,1
27776,2281,1
27776,5071,1
27777,4860,1
27777,6805,1
27778,4649,1
27779,4438,1
27779,14947,1
27780,4227,1
27780,6807,1
27780,25624,1
27781,4016,1
27782,3805,1
27782,11825,1
27782,13728,1
27783,3594,1
27784,3383,1
27785,3172,1
27786,2961,1
27786,9784,1
27786,27471,1
27786,30297,1
27787,2750,1
27788,2539,1
27789,2328,1
27790,2117,1
27790,17037,1
27791,1906,1
27791,11334,1
27791,19461,1
27792,1695,1
27792,12303,1
27792,14149,1
27793,1484,1
27793,29874,1
27794,1273,1
27794,11830,1
27794,22391,1
27794,24081,1
27794,31950,1
27795,1062,1
27795,16560,1
27796,851,1
27796,23454,1
27797,640,1
27797,6101,1
27797,15075,1
27798,429,1
27799,218,1
27799,32767,1
27800,7,1
27801,11351,1
27801,12647,1
27801,32564,1
27802,32353,1
27803,32142,1
27804,14896,1
27804,31931,1
27805,15609,1
27805,18594,1
27805,31720,1
27806,15207,1
27806,31509,1
27807,31298,1
27808,340,1
27808,5983,1
27808,31087,1
27809,16082,1
27809,29852,1
27809,30876,1
27810,30665,1
27811,1383,1
27811,27763,1
27811,30454,1
27812,30243,1
27813,22763,1
27813,29602,1
27813,30032,1
27814,29821,1
27815,485,1
27815,18515,1
27815,29610,1
27816,16579,1
27816,29399,1
27817,22919,1
27817,29188,1
27818,9074,1
27818,10973,1
27818,22780,1
27818,28977,1
27819,28766,1
27819,29414,1
27820,7702,1
27820,28555,1
27820,29982,1
27821,19456,1
27821,28344,1
27822,394,1
27822,28133,1
27823,15842,1
27823,27922,1
27824,8573,1
27824,8674,1
27824,27711,1
27825,23625,1
27825,27500,1
27826,10589,1
27826,16790,1
27826,27289,1
27827,1231,1
27827,27078,1
27828,26860,1
27828,26867,1
27829,26656,1
27830,1733,1
27830,26445,1
27830,27485,1
27831,18983,1
27831,26234,1
27832,26023,1
27833,25812,1
27833,31312,1
27834,25601,1
27835,25390,1
27836,25179,1
27836,25701,1
27836,28271,1
27837,21141,1
27837,24968,1
27838,4983,1
27838,24757,1
27839,24546,1
27839,26233,1
27840,3977,1
27840,24335,1
27841,24124,1
27841,24580,1
27842,23913,1
27843,481,1
27843,1406,1
27843,13007,1
27843,23702,1
27844,11829,1
27844,12163,1
27844,21414,1
27844,23491,1
27844,31316,1
27845,11870,1
27845,13869,1
27845,23280,1
27846,10025,1
27846,16309,1
27846,23069,1
27847,22858,1
27848,22647,1
27848,28583,1
27849,22436,1
27850,2788,1
27850,9068,1
27850,22225,1
27851,22014,1
27852,21803,1
27853,21592,1
27854,21381,1
27855,19739,1
27855,21170,1
27856,20959,1
27857,6151,1
27857,20748,1
27857,22923,1
27857,29699,1
27858,20537,1
27858,31712,1
27859,20326,1
27860,2578,1
27860,13948,1
27860,20115,1
27860,26471,1
27860,31351,1
27861,19904,1
27862,19693,1
27862,27540,1
27863,10402,1
27863,14931,1
27863,19482,1
27864,19271,1
27865,19060,1
27866,18849,1
27867,18638,1
27867,29901,1
27868,16128,1
27868,18427,1
27868,27018,1
27868,29372,1
27869,9164,1
27869,18216,1
27870,18005,1
27871,17794,1
27872,6318,1
27872,17583,1
27873,17372,1
27874,17161,1
27874,21954,1
27875,7529,1
27875,16950,1
27876,9631,1
27876,15762,1
27876,16739,1
27876,23172,1
27877,4096,1
27877,16009,1
27877,16528,1
27878,10437,1
27878,16317,1
27878,31567,1
27879,3208,1
27879,16106,1
27880,8110,1
27880,15895,1
27881,15684,1
27882,1457,1
27882,13391,1
27882,15473,1
27882,24547,1
27883,15262,1
27884,15051,1
27884,19214,1
27885,14840,1
27886,2200,1
27886,14629,1
27886,23704,1
27887,6706,1
27887,14418,1
27887,21365,1
27888,14092,1
27888,14207,1
27889,13996,1
27890,13785,1
27890,25324,1
27891,13574,1
27892,9600,1
27892,13363,1
27893,6794,1
27893,13152,1
27893,28425,1
27894,12941,1
27894,27511,1
27895,12730,1
27896,7901,1
27896,12519,1
27897,12308,1
27897,27445,1
27898,12097,1
27899,11886,1
27899,17009,1
27900,11134,1
27900,11675,1
27901,11464,1
27902,11253,1
27903,11042,1
27903,17901,1
27904,10831,1
27904,15503,1
27905,5549,1
27905,10620,1
27905,17519,1
27905,28269,1
27906,4970,1
27906,10409,1
27906,13338,1
27906,31296,1
27907,10198,1
27908,9987,1
27908,32045,1
27909,9776,1
27910,7057,1
27910,9565,1
27911,9354,1
27912,9143,1
27912,19899,1
27912,25276,1
27913,8932,1
27914,8721,1
27914,28252,1
27915,8510,1
27916,8299,1
27916,26863,1
27917,5238,1
27917,8088,1
27918,7877,1
27918,18294,1
27918,26420,1
27918,27043,1
27919,7666,1
27919,23672,1
27919,25878,1
27920,7455,1
27921,7244,1
27921,20880,1
27922,7033,1
27922,14007,1
27923,6822,1
27923,10487,1
27924,6611,1
27924,6934,1
27925,6400,1
27925,30146,1
27926,2385,1
27926,6189,1
27926,21392,1
27927,5978,1
27927,13883,1
27928,5767,1
27929,5556,1
27929,25704,1
27930,507,1
27930,5345,1
27931,5134,1
27931,17602,1
27931,23041,1
27932,4923,1
27932,22507,1
27933,4712,1
27933,19308,1
27934,4501,1
27934,13106,1
27934,20104,1
27934,23539,1
27935,4290,1
27935,28178,1
27936,4079,1
27936,22438,1
27936,24487,1
27937,3868,1
27937,15194,1
27937,18220,1
27938,3657,1
27938,31108,1
27939,3446,1
27939,21302,1
27940,3235,1
27940,4960,1
27941,3024,1
27942,2813,1
27943,1236,1
27943,2602,1
27943,19849,1
27944,2391,1
27944,13964,1
27944,29550,1
27945,335,1
27945,2180,1
27945,21674,1
27946,1969,1
27946,5388,1
27946,18447,1
27947,1758,1
27948,1547,1
27948,25776,1
27949,1336,1
27950,1125,1
27951,914,1
27952,703,1
27952,10637,1
27953,492,1
27953,17035,1
27954,281,1
27954,16644,1
27955,70,1
27955,14307,1
27956,31451,1
27956,32627,1
27957,4261,1
27957,31395,1
27957,32416,1
27958,14768,1
27958,32205,1
27959,21703,1
27959,31994,1
27960,31783,1
27961,31572,1
27962,10953,1
27962,23505,1
27962,31361,1
27963,22389,1
27963,24637,1
27963,31150,1
27964,2109,1
27964,30939,1
27965,9794,1
27965,30728,1
27966,30517,1
27967,2361,1
27967,30306,1
27968,30095,1
27969,8338,1
27969,20861,1
27969,27375,1
27969,29884,1
27970,29673,1
27971,24364,1
27971,29462,1
27971,29588,1
27972,356,1
27972,29251,1
27973,14481,1
27973,18470,1
27973,29040,1
27974,27694,1
27974,28829,1
27975,1112,1
27975,26830,1
27975,28618,1
27976,28407,1
27977,28196,1
27978,27985,1
27978,31849,1
27979,27774,1
27980,11384,1
27980,27563,1
27981,12627,1
27981,21323,1
27981,27352,1
27982,27141,1
27983,26930,1
27984,341,1
27984,24270,1
27984,26719,1
27984,29081,1
27985,26508,1
27986,9773,1
27986,25688,1
27986,26297,1
27987,26086,1
27988,25875,1
27989,17454,1
27989,25664,1
27990,25453,1
27991,25242,1
27992,25031,1
27992,26546,1
27992,27272,1
27993,22687,1
27993,24820,1
27994,24609,1
27995,24398,1
27996,24187,1
27996,26305,1
27997,23976,1
27998,14814,1
27998,23765,1
27999,23554,1
28000,23343,1
28001,10831,1
28001,21270,1
28001,22911,1
28001,23132,1
28001,31763,1
28001,32285,1
28002,7076,1
28002,22921,1
28003,8944,1
28003,11362,1
28003,11612,1
28003,17973,1
28003,22710,1
28004,22499,1
28005,5360,1
28005,7761,1
28005,13595,1
28005,22288,1
28005,24925,1
28006,16587,1
28006,22077,1
28006,24322,1
28007,21866,1
28008,6707,1
28008,21655,1
28009,6959,1
28009,20426,1
28009,21444,1
28010,2611,1
28010,14333,1
28010,21233,1
28010,25462,1
28011,21022,1
28012,20811,1
28013,16734,1
28013,20600,1
28014,20389,1
28015,20178,1
28015,20227,1
28016,19967,1
28017,19756,1
28018,19545,1
28018,31286,1
28019,863,1
28019,7833,1
28019,19334,1
28020,17859,1
28020,19123,1
28020,25227,1
28020,29665,1
28021,18912,1
28022,18701,1
28022,25984,1
28023,18490,1
28024,18279,1
28024,21688,1
28025,18068,1
28025,32423,1
28026,17857,1
28027,131,1
28027,17646,1
28027,21253,1
28028,17435,1
28028,20119,1
28029,17224,1
28029,17827,1
28029,18366,1
28030,17013,1
28031,16802,1
28032,16591,1
28032,21139,1
28033,1509,1
28033,10442,1
28033,16380,1
28034,737,1
28034,16169,1
28034,26135,1
28035,15958,1
28035,16290,1
28036,15747,1
28036,16384,1
28037,15536,1
28037,23184,1
28038,5550,1
28038,9917,1
28038,15325,1
28038,20420,1
28038,30268,1
28039,15114,1
28040,14903,1
28040,29408,1
28041,14692,1
28042,14481,1
28043,14270,1
28043,19040,1
28044,7298,1
28044,11455,1
28044,14059,1
28044,17545,1
28044,23535,1
28045,13848,1
28045,21756,1
28046,1679,1
28046,13637,1
28047,40,1
28047,13426,1
28048,13215,1
28049,13004,1
28049,19908,1
28050,685,1
28050,12793,1
28051,12582,1
28052,12371,1
28053,12160,1
28054,11949,1
28054,22870,1
28055,10852,1
28055,11738,1
28055,14830,1
28055,23352,1
28055,26230,1
28056,11527,1
28056,28308,1
28057,11316,1
28057,13745,1
28058,11105,1
28059,10894,1
28059,27580,1
28060,265,1
28060,10683,1
28060,11522,1
28061,10472,1
28061,19800,1
28062,4798,1
28062,10261,1
28062,19795,1
28062,21385,1
28063,10050,1
28064,9839,1
28064,17336,1
28065,5701,1
28065,9628,1
28065,30425,1
28066,9417,1
28066,12588,1
28066,19906,1
28067,3924,1
28067,9206,1
28068,7000,1
28068,8995,1
28069,8784,1
28070,3956,1
28070,8573,1
28071,8362,1
28071,19751,1
28071,20366,1
28072,8151,1
28072,24920,1
28072,31170,1
28073,7940,1
28074,1060,1
28074,7729,1
28075,7518,1
28075,11514,1
28075,20559,1
28075,27743,1
28076,897,1
28076,7307,1
28076,32678,1
28077,7096,1
28077,27853,1
28078,4946,1
28078,6885,1
28078,16207,1
28079,2740,1
28079,6674,1
28080,2188,1
28080,6463,1
28080,10408,1
28081,6252,1
28081,13479,1
28081,27915,1
28082,6041,1
28083,5830,1
28084,5619,1
28084,23886,1
28085,5408,1
28086,2452,1
28086,5197,1
28086,28600,1
28087,4986,1
28087,21061,1
28088,4775,1
28088,6076,1
28088,7859,1
28089,4564,1
28090,4353,1
28090,21363,1
28091,4142,1
28091,15992,1
28091,20479,1
28092,3931,1
28092,15047,1
28092,18619,1
28092,20149,1
28093,3720,1
28094,3509,1
28094,20988,1
28094,21113,1
28095,3298,1
28095,27299,1
28096,1129,1
28096,3087,1
28096,25712,1
28096,25731,1
28097,2876,1
28098,2665,1
28098,6884,1
28098,25381,1
28098,26138,1
28099,2454,1
28100,800,1
28100,2174,1
28100,2243,1
28100,32675,1
28101,2032,1
28101,16145,1
28102,150,1
28102,1821,1
28102,26758,1
28103,1610,1
28103,3481,1
28104,1399,1
28104,8794,1
28105,1188,1
28105,8113,1
28106,977,1
28106,9984,1
28107,766,1
28107,29951,1
28107,31975,1
28108,555,1
28108,1811,1
28108,7174,1
28109,344,1
28110,133,1
28110,7204,1
28111,32690,1
28112,21047,1
28112,32479,1
28113,27309,1
28113,30626,1
28113,32268,1
28114,32057,1
28115,11523,1
28115,31846,1
28116,31635,1
28117,393,1
28117,4140,1
28117,18351,1
28117,31424,1
28118,18017,1
28118,26219,1
28118,31213,1
28119,20268,1
28119,31002,1
28120,13574,1
28120,30791,1
28121,6552,1
28121,13835,1
28121,30580,1
28122,5926,1
28122,12823,1
28122,30369,1
28123,30158,1
28124,29947,1
28125,13016,1
28125,29736,1
28126,1182,1
28126,29525,1
28127,544,1
28127,11092,1
28127,17033,1
28127,29314,1
28127,32135,1
28128,8708,1
28128,12552,1
28128,29103,1
28129,17751,1
28129,28892,1
28130,1590,1
28130,28681,1
28131,20980,1
28131,28470,1
28132,9465,1
28132,28259,1
28132,30640,1
28133,7853,1
28133,28048,1
28134,26751,1
28134,27837,1
28135,27626,1
28136,27415,1
28137,27204,1
28138,26993,1
28139,9440,1
28139,23099,1
28139,26782,1
28140,3397,1
28140,26571,1
28141,26360,1
28141,26548,1
28142,26149,1
28143,5235,1
28143,21907,1
28143,25938,1
28144,1401,1
28144,25727,1
28144,27215,1
28145,25516,1
28145,27946,1
28146,25305,1
28147,2572,1
28147,25094,1
28148,24883,1
28149,6351,1
28149,24672,1
28150,6159,1
28150,14404,1
28150,24461,1
28151,3897,1
28151,24250,1
28151,26148,1
28152,12284,1
28152,24039,1
28153,23828,1
28154,23617,1
28155,23406,1
28156,23195,1
28157,20471,1
28157,21322,1
28157,22984,1
28157,28797,1
28158,16140,1
28158,22773,1
28158,29886,1
28159,22562,1
28159,30034,1
28160,19105,1
28160,22351,1
28161,20873,1
28161,22140,1
28162,789,1
28162,4861,1
28162,17603,1
28162,21929,1
28163,21718,1
28164,4824,1
28164,21507,1
28165,9612,1
28165,21296,1
28166,6995,1
28166,21085,1
28166,27066,1
28166,27646,1
28167,20874,1
28168,19218,1
28168,20663,1
28169,7361,1
28169,20452,1
28170,20241,1
28171,2087,1
28171,20030,1
28172,1098,1
28172,19819,1
28172,22569,1
28172,27161,1
28173,3460,1
28173,19608,1
28174,1472,1
28174,19397,1
28174,27140,1
28175,3053,1
28175,19186,1
28176,5706,1
28176,18975,1
28177,7268,1
28177,9778,1
28177,18764,1
28178,8716,1
28178,18553,1
28179,18342,1
28180,2958,1
28180,10280,1
28180,18131,1
28180,19324,1
28181,17920,1
28181,20050,1
28182,17709,1
28183,17498,1
28184,17287,1
28185,17076,1
28185,25645,1
28185,28249,1
28185,32529,1
28186,8882,1
28186,13523,1
28186,16865,1
28186,30394,1
28187,11018,1
28187,13268,1
28187,16654,1
28188,16443,1
28189,1504,1
28189,16232,1
28190,16021,1
28190,27633,1
28191,7660,1
28191,9620,1
28191,12648,1
28191,15810,1
28192,15599,1
28192,20900,1
28192,32442,1
28193,15388,1
28194,14776,1
28194,15177,1
28195,14966,1
28196,14755,1
28197,11859,1
28197,14544,1
28198,9161,1
28198,14333,1
28199,6353,1
28199,14122,1
28199,28467,1
28200,13911,1
28201,6817,1
28201,13700,1
28202,13286,1
28202,13489,1
28202,26660,1
28203,13278,1
28204,13067,1
28204,25055,1
28205,12856,1
28205,23988,1
28206,5562,1
28206,12645,1
28207,12434,1
28207,18624,1
28208,6095,1
28208,12223,1
28209,12012,1
28209,19569,1
28209,21201,1
28210,11801,1
28210,16413,1
28211,9242,1
28211,11278,1
28211,11590,1
28212,11379,1
28212,19647,1
28213,11168,1
28214,10957,1
28214,13240,1
28214,20251,1
28215,10746,1
28216,10535,1
28217,10324,1
28218,10113,1
28218,17131,1
28219,9902,1
28219,29920,1
28220,1024,1
28220,9691,1
28220,30535,1
28221,9480,1
28222,9269,1
28223,9058,1
28224,8847,1
28224,20107,1
28224,25018,1
28225,8636,1
28226,8425,1
28226,23663,1
28227,8214,1
28228,8003,1
28229,289,1
28229,7792,1
28229,20699,1
28229,25427,1
28230,7581,1
28231,7370,1
28231,8558,1
28232,7159,1
28232,27238,1
28233,6948,1
28233,19014,1
28233,29809,1
28234,6737,1
28234,20217,1
28235,6526,1
28235,18526,1
28235,22986,1
28236,6315,1
28236,32555,1
28237,6104,1
28238,2934,1
28238,5893,1
28239,5682,1
28239,9702,1
28239,29802,1
28240,571,1
28240,5471,1
28240,16626,1
28241,5260,1
28241,18680,1
28242,5049,1
28243,4838,1
28244,4627,1
28245,4416,1
28245,11440,1
28245,27201,1
28246,4205,1
28247,3994,1
28248,3783,1
28248,10259,1
28248,10751,1
28249,3572,1
28249,23545,1
28250,3361,1
28251,3150,1
28251,20058,1
28251,30573,1
28252,2259,1
28252,2939,1
28253,2728,1
28253,3795,1
28254,2517,1
28254,6191,1
28254,17404,1
28254,23381,1
28255,2306,1
28255,15275,1
28255,23452,1
28256,2095,1
28256,19529,1
28257,1884,1
28258,1673,1
28259,1462,1
28260,1251,1
28260,20482,1
28261,1040,1
28262,829,1
28262,19333,1
28263,618,1
28264,407,1
28265,196,1
28265,5390,1
28265,20567,1
28266,1742,1
28266,25545,1
28266,28494,1
28266,32753,1
28267,27054,1
28267,32542,1
28268,26320,1
28268,31169,1
28268,32331,1
28269,32120,1
28270,27006,1
28270,29653,1
28270,31909,1
28271,31698,1
28272,31487,1
28273,18580,1
28273,21145,1
28273,31276,1
28274,31065,1
28275,30854,1
28276,25648,1
28276,30643,1
28277,30432,1
28278,25900,1
28278,30221,1
28278,31751,1
28279,19017,1
28279,30010,1
28280,29799,1
28281,29588,1
28282,29377,1
28283,29166,1
28284,23554,1
28284,28955,1
28285,28744,1
28286,28533,1
28287,28322,1
28288,4393,1
28288,28111,1
28288,28965,1
28289,5673,1
28289,27900,1
28290,20138,1
28290,27689,1
28290,28818,1
28290,31355,1
28291,25630,1
28291,27478,1
28292,6729,1
28292,9698,1
28292,27267,1
28293,16688,1
28293,27056,1
28294,9061,1
28294,26845,1
28295,23914,1
28295,26634,1
28296,3566,1
28296,26287,1
28296,26423,1
28297,26212,1
28297,29231,1
28298,26001,1
28299,25790,1
28300,25579,1
28301,25368,1
28302,13095,1
28302,25157,1
28303,24946,1
28303,27567,1
28304,19336,1
28304,24735,1
28305,6527,1
28305,21859,1
28305,24524,1
28306,24313,1
28307,8652,1
28307,24102,1
28308,6021,1
28308,13405,1
28308,23891,1
28308,25484,1
28308,31172,1
28309,23680,1
28310,13089,1
28310,23469,1
28311,6320,1
28311,14106,1
28311,23258,1
28312,23047,1
28313,22836,1
28313,24844,1
28314,13400,1
28314,22625,1
28315,22414,1
28316,22203,1
28317,21992,1
28318,13172,1
28318,21781,1
28319,21570,1
28320,21359,1
28321,21148,1
28321,28615,1
28322,14583,1
28322,20937,1
28323,20726,1
28323,21714,1
28323,31536,1
28324,20515,1
28325,20304,1
28326,12281,1
28326,20093,1
28327,19882,1
28327,31210,1
28327,31790,1
28328,19671,1
28328,21436,1
28329,1518,1
28329,4913,1
28329,19460,1
28330,19239,1
28330,19249,1
28331,19038,1
28331,19603,1
28332,18827,1
28333,18616,1
28333,20812,1
28334,18405,1
28334,25432,1
28335,18194,1
28335,24814,1
28336,17983,1
28337,17772,1
28337,28512,1
28338,17561,1
28339,17350,1
28339,25552,1
28340,1928,1
28340,12473,1
28340,17139,1
28340,30137,1
28341,16928,1
28342,16717,1
28342,17576,1
28342,19445,1
28343,16506,1
28343,17949,1
28343,32113,1
28344,3780,1
28344,12782,1
28344,16295,1
28345,16084,1
28346,15873,1
28346,23989,1
28347,15662,1
28347,22829,1
28347,24735,1
28347,24790,1
28347,31784,1
28348,15451,1
28349,15240,1
28349,17804,1
28349,20618,1
28350,4256,1
28350,15029,1
28351,12430,1
28351,14818,1
28352,14566,1
28352,14607,1
28353,14396,1
28353,26458,1
28354,1313,1
28354,14185,1
28354,27589,1
28354,32643,1
28355,13974,1
28356,169,1
28356,13763,1
28357,7675,1
28357,13552,1
28358,13341,1
28359,6694,1
28359,13130,1
28359,29318,1
28360,12919,1
28361,12708,1
28361,18787,1
28361,25102,1
28362,9014,1
28362,12497,1
28362,29498,1
28363,12286,1
28364,12075,1
28365,8466,1
28365,11864,1
28366,11653,1
28366,15596,1
28367,6298,1
28367,11442,1
28368,11231,1
28368,16673,1
28369,11020,1
28370,10809,1
28371,10598,1
28372,10387,1
28373,10060,1
28373,10176,1
28374,368,1
28374,9965,1
28374,16270,1
28374,26150,1
28375,9754,1
28375,12432,1
28375,13052,1
28376,9390,1
28376,9543,1
28377,5734,1
28377,9332,1
28377,13204,1
28377,30316,1
28378,9121,1
28378,23655,1
28378,29004,1
28379,3452,1
28379,8910,1
28379,22365,1
28380,8699,1
28380,16272,1
28380,27387,1
28381,8488,1
28382,8277,1
28382,21186,1
28383,8066,1
28384,2131,1
28384,7855,1
28384,14519,1
28384,28424,1
28384,31583,1
28385,4483,1
28385,7644,1
28385,11940,1
28385,32691,1
28386,7433,1
28386,11028,1
28386,20045,1
28387,7222,1
28387,13814,1
28387,14286,1
28388,7011,1
28389,6800,1
28389,16317,1
28390,6589,1
28390,18494,1
28391,6378,1
28392,6167,1
28393,5956,1
28393,22272,1
28394,5745,1
28395,5534,1
28395,15000,1
28396,5323,1
28396,32319,1
28397,5112,1
28398,4901,1
28398,20803,1
28399,3016,1
28399,4690,1
28400,4479,1
28401,4268,1
28402,4057,1
28402,11374,1
28402,11943,1
28403,3846,1
28403,12052,1
28403,31908,1
28404,3635,1
28404,15095,1
28404,31854,1
28405,770,1
28405,3424,1
28405,19903,1
28406,3213,1
28407,3002,1
28407,20190,1
28408,1329,1
28408,2791,1
28409,2580,1
28409,22296,1
28409,31837,1
28410,2369,1
28410,17319,1
28410,20518,1
28411,2158,1
28411,31277,1
28412,1947,1
28412,17585,1
28413,1736,1
28413,28706,1
28414,1525,1
28415,1314,1
28415,6401,1
28416,1103,1
28416,23934,1
28416,28921,1
28416,29706,1
28416,32173,1
28417,892,1
28417,6222,1
28418,681,1
28419,470,1
28420,259,1
28420,3910,1
28421,48,1
28421,18359,1
28422,17493,1
28422,32605,1
28423,14121,1
28423,26995,1
28423,32394,1
28424,29046,1
28424,32183,1
28425,7945,1
28425,21725,1
28425,31972,1
28426,164,1
28426,24298,1
28426,31761,1
28427,22100,1
28427,31550,1
28428,11887,1
28428,26263,1
28428,31339,1
28429,31128,1
28430,8858,1
28430,30917,1
28431,30706,1
28432,4624,1
28432,5551,1
28432,25638,1
28432,28430,1
28432,30495,1
28433,30284,1
28434,30073,1
28435,24695,1
28435,29862,1
28436,29651,1
28437,5018,1
28437,18946,1
28437,29440,1
28438,29229,1
28439,4037,1
28439,29018,1
28440,18439,1
28440,28807,1
28441,24498,1
28441,28596,1
28442,28385,1
28442,31494,1
28443,11359,1
28443,28174,1
28444,27963,1
28444,28761,1
28445,25082,1
28445,27752,1
28446,11914,1
28446,17194,1
28446,27541,1
28447,19713,1
28447,27330,1
28448,5513,1
28448,15310,1
28448,27119,1
28449,791,1
28449,6872,1
28449,26908,1
28450,26697,1
28451,19052,1
28451,26486,1
28452,24377,1
28452,26275,1
28453,5113,1
28453,26064,1
28454,25853,1
28455,5427,1
28455,6363,1
28455,10830,1
28455,21330,1
28455,23605,1
28455,25642,1
28456,19236,1
28456,25431,1
28456,31263,1
28457,2402,1
28457,14248,1
28457,14311,1
28457,25220,1
28458,10610,1
28458,25009,1
28459,149,1
28459,24798,1
28459,27289,1
28460,1409,1
28460,24587,1
28461,24376,1
28461,24750,1
28462,12722,1
28462,24165,1
28463,23954,1
28464,6765,1
28464,8242,1
28464,23743,1
28465,23532,1
28465,31903,1
28466,23321,1
28467,21285,1
28467,23110,1
28468,22899,1
28469,22688,1
28470,22477,1
28471,22266,1
28472,12109,1
28472,14609,1
28472,22055,1
28472,29425,1
28473,21844,1
28473,22337,1
28474,21633,1
28475,21422,1
28475,25613,1
28476,21211,1
28477,14794,1
28477,16731,1
28477,21000,1
28478,13683,1
28478,20789,1
28479,20578,1
28480,7050,1
28480,9060,1
28480,20367,1
28481,20156,1
28482,19945,1
28482,23972,1
28483,19734,1
28484,17955,1
28484,19523,1
28485,19312,1
28486,19101,1
28487,10847,1
28487,18890,1
28487,23706,1
28488,18679,1
28489,18468,1
28490,18257,1
28490,22234,1
28491,12732,1
28491,18046,1
28491,31869,1
28492,13867,1
28492,17835,1
28493,17624,1
28494,17413,1
28494,24563,1
28495,17202,1
28496,16991,1
28497,3017,1
28497,16780,1
28498,16569,1
28498,17190,1
28498,28673,1
28499,15794,1
28499,16358,1
28500,5518,1
28500,13553,1
28500,16147,1
28501,15936,1
28502,8483,1
28502,15725,1
28502,19764,1
28502,28705,1
28503,15514,1
28504,15303,1
28504,17208,1
28505,15092,1
28505,17077,1
28506,14881,1
28507,14670,1
28507,25435,1
28508,14459,1
28508,14750,1
28508,28931,1
28509,14248,1
28510,1642,1
28510,1905,1
28510,7275,1
28510,13559,1
28510,14037,1
28511,13826,1
28512,11755,1
28512,13615,1
28512,19997,1
28513,10292,1
28513,13404,1
28514,13193,1
28515,12982,1
28516,12771,1
28517,9380,1
28517,12560,1
28517,26258,1
28518,168,1
28518,12349,1
28518,21197,1
28519,1069,1
28519,1130,1
28519,12138,1
28519,14627,1
28520,3514,1
28520,11927,1
28520,23904,1
28520,25935,1
28521,11716,1
28521,13448,1
28522,11505,1
28523,8575,1
28523,11294,1
28523,24100,1
28524,11083,1
28524,16054,1
28524,19247,1
28525,10872,1
28526,8765,1
28526,10661,1
28527,10450,1
28528,10239,1
28529,10028,1
28530,9817,1
28531,9606,1
28531,12766,1
28531,26729,1
28531,31030,1
28532,9395,1
28533,9184,1
28534,8973,1
28534,25410,1
28535,8762,1
28535,19288,1
28536,8294,1
28536,8551,1
28537,8340,1
28537,8553,1
28538,8129,1
28538,18630,1
28539,3594,1
28539,7918,1
28540,7707,1
28540,8129,1
28540,9408,1
28540,18634,1
28541,876,1
28541,7496,1
28541,29165,1
28542,7285,1
28543,7074,1
28543,32461,1
28544,6863,1
28544,31034,1
28545,1249,1
28545,6652,1
28545,10894,1
28546,3871,1
28546,6441,1
28546,11834,1
28546,25548,1
28547,6230,1
28548,6019,1
28548,23400,1
28549,5808,1
28550,5597,1
28551,5386,1
28551,15267,1
28552,1463,1
28552,5175,1
28552,10015,1
28553,4964,1
28554,4753,1
28554,12684,1
28555,4542,1
28555,25491,1
28556,4331,1
28557,4120,1
28557,15340,1
28557,32383,1
28558,3909,1
28559,3698,1
28559,28920,1
28560,3487,1
28561,3276,1
28561,5674,1
28562,3065,1
28562,8570,1
28563,2854,1
28563,4670,1
28563,10066,1
28564,2643,1
28564,10567,1
28564,12081,1
28565,2432,1
28566,2221,1
28567,736,1
28567,807,1
28567,2010,1
28567,14352,1
28568,1799,1
28568,11855,1
28568,14464,1
28568,22692,1
28569,1588,1
28570,1377,1
28571,1166,1
28571,22782,1
28572,955,1
28572,17305,1
28573,744,1
28574,533,1
28574,18613,1
28575,322,1
28576,111,1
28576,6489,1
28576,22292,1
28576,31507,1
28577,3701,1
28577,32668,1
28578,32457,1
28579,21049,1
28579,32246,1
28580,32035,1
28581,31824,1
28582,21549,1
28582,31613,1
28583,31402,1
28584,31191,1
28585,30980,1
28586,30769,1
28587,30558,1
28588,20534,1
28588,30347,1
28589,7274,1
28589,19487,1
28589,30136,1
28590,1163,1
28590,29925,1
28590,31651,1
28591,29714,1
28592,29503,1
28593,29292,1
28594,1325,1
28594,14166,1
28594,29081,1
28595,26951,1
28595,28870,1
28596,28659,1
28596,28743,1
28597,28448,1
28598,15588,1
28598,27894,1
28598,28237,1
28599,14501,1
28599,28026,1
28600,14785,1
28600,15834,1
28600,18976,1
28600,26019,1
28600,27815,1
28601,27604,1
28601,27905,1
28602,20652,1
28602,27393,1
28603,27182,1
28604,3124,1
28604,26971,1
28605,26760,1
28605,32111,1
28606,26549,1
28607,2666,1
28607,26338,1
28608,15680,1
28608,26127,1
28609,11607,1
28609,25916,1
28610,6464,1
28610,25705,1
28611,25494,1
28612,22044,1
28612,24591,1
28612,25283,1
28613,25072,1
28614,24861,1
28615,24650,1
28616,24439,1
28617,24228,1
28617,27476,1
28618,440,1
28618,6181,1
28618,23711,1
28618,24017,1
28618,26162,1
28619,23806,1
28620,10163,1
28620,11709,1
28620,23595,1
28621,15080,1
28621,23384,1
28622,9675,1
28622,23173,1
28623,4200,1
28623,9348,1
28623,9870,1
28623,19482,1
28623,22962,1
28624,7641,1
28624,22751,1
28625,3296,1
28625,22540,1
28625,25605,1
28626,22329,1
28627,22118,1
28627,28263,1
28628,5272,1
28628,13248,1
28628,21907,1
28629,11594,1
28629,21696,1
28630,4706,1
28630,21485,1
28631,18422,1
28631,19158,1
28631,21274,1
28632,21063,1
28633,14804,1
28633,20852,1
28634,1059,1
28634,20641,1
28635,1094,1
28635,20430,1
28635,32359,1
28636,20219,1
28637,20008,1
28638,19797,1
28638,31694,1
28639,19586,1
28639,28093,1
28640,12645,1
28640,19375,1
28640,20951,1
28641,10512,1
28641,19164,1
28642,14848,1
28642,18953,1
28643,10445,1
28643,18742,1
28644,18531,1
28644,21060,1
28645,18320,1
28646,18109,1
28647,16756,1
28647,17898,1
28648,17687,1
28649,1682,1
28649,17476,1
28649,18693,1
28649,29905,1
28650,17265,1
28651,12720,1
28651,17054,1
28651,19872,1
28652,16843,1
28652,27268,1
28653,2309,1
28653,16632,1
28654,16421,1
28655,13821,1
28655,16210,1
28656,14598,1
28656,15999,1
28656,26994,1
28656,32416,1
28657,15788,1
28658,15577,1
28659,15366,1
28660,15155,1
28661,14944,1
28662,14733,1
28663,14522,1
28663,23251,1
28663,24347,1
28664,4083,1
28664,14311,1
28664,19433,1
28665,13131,1
28665,14100,1
28666,10662,1
28666,13889,1
28666,18811,1
28667,13678,1
28668,3964,1
28668,13467,1
28668,13572,1
28668,19430,1
28669,13256,1
28670,2372,1
28670,13045,1
28671,12834,1
28671,30709,1
28672,12623,1
28673,12412,1
28674,12201,1
28674,22935,1
28675,11990,1
28676,11779,1
28677,11568,1
28678,7217,1
28678,11357,1
28679,2393,1
28679,11146,1
28680,10935,1
28681,10724,1
28681,12089,1
28682,10513,1
28682,13160,1
28682,28949,1
28682,32182,1
28683,10302,1
28683,24241,1
28683,25627,1
28684,10091,1
28684,14471,1
28685,9880,1
28686,9669,1
28686,13859,1
28687,2834,1
28687,9458,1
28687,24564,1
28688,9247,1
28688,20598,1
28689,9036,1
28689,26329,1
28690,7173,1
28690,8825,1
28691,5004,1
28691,8614,1
28692,8403,1
28692,11091,1
28692,31115,1
28693,8192,1
28694,7981,1
28695,7770,1
28695,16248,1
28695,25468,1
28696,7559,1
28696,26204,1
28697,7348,1
28697,28340,1
28697,32054,1
28698,7137,1
28699,6926,1
28699,20758,1
28700,6715,1
28700,22123,1
28701,6504,1
28702,6293,1
28702,21100,1
28702,27655,1
28702,31321,1
28703,6082,1
28704,4529,1
28704,5871,1
28704,25868,1
28705,5660,1
28706,5449,1
28707,5238,1
28707,6244,1
28707,15550,1
28707,27772,1
28708,5027,1
28708,5940,1
28708,24944,1
28709,4816,1
28710,4605,1
28711,4394,1
28712,4183,1
28712,32099,1
28713,3972,1
28714,3761,1
28714,17589,1
28715,3550,1
28716,3339,1
28717,3128,1
28717,7186,1
28718,2917,1
28718,10242,1
28719,2706,1
28720,2495,1
28721,2284,1
28721,18402,1
28721,31904,1
28722,2073,1
28722,31207,1
28723,1862,1
28723,24313,1
28723,29644,1
28724,1651,1
28725,1440,1
28725,13157,1
28725,22740,1
28726,1229,1
28726,23181,1
28727,1018,1
28727,12261,1
28727,21331,1
28728,807,1
28728,20849,1
28729,596,1
28729,19668,1
28729,20868,1
28730,385,1
28730,6992,1
28730,26977,1
28731,174,1
28731,2466,1
28732,14720,1
28732,32731,1
28733,2265,1
28733,32520,1
28734,3860,1
28734,32309,1
28735,504,1
28735,32098,1
28736,320,1
28736,25838,1
28736,28752,1
28736,31887,1
28737,31676,1
28738,1234,1
28738,21824,1
28738,31465,1
28739,31254,1
28739,32428,1
28740,31043,1
28741,30832,1
28742,17577,1
28742,24615,1
28742,30621,1
28743,30410,1
28744,26391,1
28744,30199,1
28745,15475,1
28745,29178,1
28745,29988,1
28746,2882,1
28746,9333,1
28746,10588,1
28746,14079,1
28746,28529,1
28746,29777,1
28747,29566,1
28748,4843,1
28748,5568,1
28748,5737,1
28748,16501,1
28748,25156,1
28748,29355,1
28749,1532,1
28749,29144,1
28750,28933,1
28751,28722,1
28752,28511,1
28753,12408,1
28753,28300,1
28754,28089,1
28755,25234,1
28755,27878,1
28756,27667,1
28757,27456,1
28758,27245,1
28759,1694,1
28759,27034,1
28760,26823,1
28761,17907,1
28761,23775,1
28761,26612,1
28762,25149,1
28762,26401,1
28763,11102,1
28763,26190,1
28764,5859,1
28764,25979,1
28764,31525,1
28765,16269,1
28765,18307,1
28765,25768,1
28766,16094,1
28766,24910,1
28766,25557,1
28766,25924,1
28767,23671,1
28767,25346,1
28768,25135,1
28769,3549,1
28769,24924,1
28770,24713,1
28770,27982,1
28771,24502,1
28772,24291,1
28772,25691,1
28772,29603,1
28773,5955,1
28773,7769,1
28773,14228,1
28773,24080,1
28773,27792,1
28774,23869,1
28775,608,1
28775,7214,1
28775,9194,1
28775,11403,1
28775,23658,1
28776,8126,1
28776,23447,1
28776,27124,1
28777,23236,1
28777,26874,1
28778,19476,1
28778,23025,1
28779,16256,1
28779,21752,1
28779,22814,1
28780,13047,1
28780,22603,1
28781,8233,1
28781,22392,1
28782,22181,1
28783,3436,1
28783,20966,1
28783,21970,1
28783,25653,1
28784,21759,1
28785,21548,1
28786,21337,1
28786,24894,1
28787,21126,1
28787,24386,1
28788,20915,1
28789,7129,1
28789,20704,1
28790,267,1
28790,20493,1
28790,29020,1
28791,17851,1
28791,20282,1
28792,20071,1
28793,19860,1
28794,19649,1
28794,31328,1
28795,17423,1
28795,19438,1
28796,19227,1
28797,19016,1
28798,18805,1
28799,18594,1
28800,18383,1
28801,18172,1
28802,17315,1
28802,17961,1
28803,17571,1
28803,17750,1
28804,17539,1
28804,24666,1
28804,24895,1
28805,17328,1
28806,9271,1
28806,16784,1
28806,17117,1
28806,19638,1
28807,12959,1
28807,16906,1
28807,22481,1
28807,25585,1
28807,31896,1
28808,16695,1
28809,16484,1
28809,30466,1
28810,2583,1
28810,14259,1
28810,16273,1
28811,16062,1
28812,15851,1
28813,15640,1
28814,15429,1
28814,16387,1
28815,15218,1
28816,8729,1
28816,15007,1
28816,25395,1
28817,14796,1
28817,25400,1
28818,14585,1
28818,16304,1
28818,23461,1
28819,14374,1
28819,28168,1
28820,14163,1
28820,28803,1
28821,12233,1
28821,13952,1
28822,13741,1
28823,13530,1
28824,4271,1
28824,13319,1
28825,5811,1
28825,13108,1
28825,30592,1
28826,12897,1
28826,31302,1
28827,12686,1
28828,346,1
28828,12475,1
28829,12264,1
28830,2568,1
28830,11951,1
28830,12053,1
28830,14493,1
28831,11842,1
28831,29086,1
28832,11631,1
28833,11420,1
28833,27145,1
28834,11209,1
28835,10998,1
28836,10787,1
28836,17848,1
28837,10576,1
28837,12968,1
28838,10365,1
28839,10154,1
28839,29918,1
28840,9943,1
28841,9732,1
28842,4923,1
28842,9521,1
28843,9310,1
28843,16823,1
28844,9099,1
28844,28545,1
28845,8888,1
28846,8677,1
28847,8466,1
28848,8255,1
28848,15427,1
28848,19267,1
28848,19561,1
28849,8044,1
28850,7833,1
28851,7622,1
28851,15369,1
28851,27797,1
28852,7411,1
28853,7200,1
28853,10959,1
28853,12297,1
28853,16093,1
28854,6989,1
28854,7558,1
28855,6778,1
28855,8078,1
28855,24903,1
28856,5351,1
28856,6567,1
28856,15485,1
28856,30941,1
28857,367,1
28857,6356,1
28857,10036,1
28858,6145,1
28859,5934,1
28860,5723,1
28860,23238,1
28861,813,1
28861,5512,1
28861,18878,1
28862,5301,1
28862,29126,1
28863,5090,1
28863,13306,1
28863,27918,1
28864,4879,1
28865,4668,1
28865,21572,1
28865,25698,1
28866,4457,1
28867,4246,1
28868,4035,1
28869,976,1
28869,3824,1
28869,11310,1
28870,3613,1
28870,14536,1
28870,15147,1
28870,31293,1
28871,3402,1
28871,20852,1
28872,3191,1
28872,32523,1
28873,2980,1
28874,2769,1
28874,4576,1
28874,10775,1
28875,2558,1
28876,2347,1
28876,6645,1
28877,2136,1
28877,17468,1
28877,29955,1
28877,30785,1
28878,1925,1
28879,1714,1
28879,4381,1
28879,8356,1
28879,9739,1
28880,1503,1
28880,20237,1
28881,941,1
28881,1292,1
28881,22951,1
28882,1081,1
28883,870,1
28884,659,1
28884,21629,1
28885,448,1
28885,17517,1
28886,237,1
28886,24730,1
28886,25634,1
28887,26,1
28888,32583,1
28889,32372,1
28890,32161,1
28891,14530,1
28891,31950,1
28892,14045,1
28892,31739,1
28893,2653,1
28893,24560,1
28893,31528,1
28894,8380,1
28894,31317,1
28895,27696,1
28895,31106,1
28896,15771,1
28896,24023,1
28896,30895,1
28897,14120,1
28897,30684,1
28898,14985,1
28898,18558,1
28898,30473,1
28899,18942,1
28899,30262,1
28900,30051,1
28901,4146,1
28901,29840,1
28902,1310,1
28902,4161,1
28902,29629,1
28903,19930,1
28903,29418,1
28904,5645,1
28904,29207,1
28905,28996,1
28906,24414,1
28906,28785,1
28907,9127,1
28907,9656,1
28907,28574,1
28908,3841,1
28908,11474,1
28908,28363,1
28909,28152,1
28910,5953,1
28910,8438,1
28910,11369,1
28910,20253,1
28910,27941,1
28911,27730,1
28912,1870,1
28912,27519,1
28912,32434,1
28913,657,1
28913,1595,1
28913,12186,1
28913,27308,1
28914,27097,1
28915,26886,1
28916,26675,1
28917,2433,1
28917,23698,1
28917,26464,1
28918,26253,1
28918,31434,1
28919,22015,1
28919,26042,1
28920,5559,1
28920,16119,1
28920,25831,1
28920,26390,1
28921,25620,1
28922,25409,1
28922,29856,1
28923,25198,1
28924,24987,1
28925,24776,1
28926,7283,1
28926,24565,1
28927,24354,1
28928,24143,1
28929,8248,1
28929,23932,1
28930,23721,1
28931,5896,1
28931,23510,1
28932,23299,1
28933,156,1
28933,23088,1
28934,22877,1
28934,32507,1
28935,22666,1
28936,22455,1
28936,23547,1
28937,22244,1
28938,22033,1
28939,21822,1
28940,6790,1
28940,21611,1
28941,19514,1
28941,21400,1
28942,21189,1
28943,20978,1
28943,24644,1
28944,2874,1
28944,20767,1
28944,29305,1
28945,20556,1
28945,32432,1
28946,20345,1
28947,15885,1
28947,20134,1
28948,19923,1
28948,28892,1
28949,5400,1
28949,19712,1
28950,19501,1
28950,20461,1
28951,19290,1
28952,19079,1
28953,4536,1
28953,18868,1
28954,11671,1
28954,18657,1
28955,10010,1
28955,18446,1
28956,18235,1
28957,1123,1
28957,13842,1
28957,17048,1
28957,18024,1
28958,12192,1
28958,14514,1
28958,17813,1
28958,26592,1
28959,12791,1
28959,17602,1
28960,17391,1
28960,18086,1
28961,17180,1
28961,25880,1
28961,29828,1
28962,16969,1
28963,9372,1
28963,16758,1
28963,28653,1
28964,16547,1
28965,5536,1
28965,7183,1
28965,12668,1
28965,16336,1
28965,21620,1
28966,16125,1
28966,24405,1
28967,11146,1
28967,15914,1
28968,15703,1
28969,865,1
28969,13020,1
28969,15492,1
28969,21476,1
28969,26499,1
28970,5874,1
28970,15281,1
28971,15070,1
28971,30424,1
28972,9324,1
28972,14859,1
28973,14648,1
28974,13801,1
28974,14437,1
28974,25066,1
28975,14226,1
28976,14015,1
28977,13804,1
28977,18254,1
28978,13593,1
28978,18275,1
28979,13382,1
28980,5025,1
28980,13171,1
28981,12960,1
28981,30828,1
28982,10659,1
28982,12749,1
28982,28708,1
28983,12538,1
28984,12327,1
28984,13053,1
28984,31755,1
28985,12116,1
28986,11905,1
28987,8968,1
28987,11694,1
28988,11483,1
28988,15947,1
28988,17359,1
28988,21822,1
28989,5894,1
28989,10488,1
28989,11272,1
28989,11452,1
28990,4280,1
28990,11061,1
28990,23011,1
28991,10850,1
28991,12608,1
28991,19621,1
28992,10639,1
28992,16962,1
28992,21271,1
28993,10428,1
28993,12840,1
28993,14838,1
28993,16004,1
28994,10217,1
28994,29822,1
28995,9536,1
28995,10006,1
28996,9795,1
28996,30841,1
28997,9584,1
28997,16489,1
28998,9373,1
28998,18112,1
28998,21107,1
28999,9162,1
29000,8951,1
29001,4600,1
29001,8740,1
29002,6963,1
29002,8529,1
29002,16193,1
29002,26986,1
29003,6540,1
29003,8318,1
29003,17167,1
29004,1425,1
29004,8107,1
29005,7896,1
29005,21267,1
29006,7685,1
29006,20396,1
29006,28870,1
29007,7474,1
29007,21772,1
29008,7263,1
29009,7052,1
29010,6841,1
29011,6630,1
29012,6419,1
29012,22879,1
29013,6208,1
29013,20476,1
29014,5504,1
29014,5997,1
29014,10296,1
29015,5786,1
29015,14650,1
29016,5575,1
29017,5364,1
29017,9047,1
29018,5153,1
29018,15153,1
29019,4942,1
29020,4731,1
29020,31865,1
29021,4520,1
29021,28930,1
29022,964,1
29022,4309,1
29023,4098,1
29023,15163,1
29024,3887,1
29024,15338,1
29025,3676,1
29025,14037,1
29026,3465,1
29027,3254,1
29028,3043,1
29028,12604,1
29028,29869,1
29029,2832,1
29029,17389,1
29029,25115,1
29030,2621,1
29030,3098,1
29030,3411,1
29031,2410,1
29031,7658,1
29032,2199,1
29033,1988,1
29033,20074,1
29034,1777,1
29035,1566,1
29035,4346,1
29035,12210,1
29036,1355,1
29036,20460,1
29037,1144,1
29037,29209,1
29038,933,1
29039,722,1
29039,15800,1
29039,16974,1
29039,19993,1
29039,28488,1
29040,511,1
29041,300,1
29041,22361,1
29042,89,1
29042,22269,1
29043,5094,1
29043,6098,1
29043,32646,1
29044,32435,1
29045,32224,1
29046,32013,1
29047,28139,1
29047,31802,1
29048,31591,1
29049,31380,1
29050,26274,1
29050,31169,1
29051,1968,1
29051,30495,1
29051,30958,1
29052,848,1
29052,30747,1
29053,30536,1
29054,30325,1
29055,2538,1
29055,30114,1
29056,2922,1
29056,29903,1
29057,11534,1
29057,29692,1
29058,11443,1
29058,29481,1
29059,29270,1
29060,11549,1
29060,29059,1
29061,4710,1
29061,6466,1
29061,21616,1
29061,27465,1
29061,28848,1
29061,29011,1
29062,28637,1
29062,30384,1
29063,8891,1
29063,28426,1
29064,23030,1
29064,28215,1
29065,1478,1
29065,19188,1
29065,28004,1
29066,27793,1
29067,2606,1
29067,27582,1
29067,31705,1
29068,13401,1
29068,15482,1
29068,27070,1
29068,27371,1
29069,3730,1
29069,27160,1
29070,17018,1
29070,26949,1
29071,26738,1
29072,601,1
29072,26388,1
29072,26527,1
29073,19825,1
29073,26316,1
29074,26105,1
29075,25894,1
29076,17136,1
29076,25683,1
29076,29258,1
29077,6110,1
29077,25472,1
29078,25261,1
29079,9182,1
29079,25050,1
29080,7797,1
29080,24839,1
29081,24628,1
29082,3116,1
29082,24417,1
29083,24206,1
29084,8876,1
29084,23995,1
29085,21080,1
29085,23784,1
29086,23573,1
29087,345,1
29087,23362,1
29088,23151,1
29088,23596,1
29088,31718,1
29089,152,1
29089,7478,1
29089,22940,1
29090,22729,1
29091,14082,1
29091,22518,1
29092,9234,1
29092,22307,1
29093,18197,1
29093,22096,1
29094,21885,1
29094,30815,1
29095,11946,1
29095,21674,1
29096,21463,1
29097,21252,1
29097,28623,1
29098,21041,1
29099,20830,1
29100,3675,1
29100,3844,1
29100,20619,1
29101,319,1
29101,16282,1
29101,20408,1
29102,20197,1
29103,14291,1
29103,14611,1
29103,19986,1
29104,9250,1
29104,19775,1
29105,19564,1
29106,19353,1
29107,19142,1
29108,9933,1
29108,18931,1
29108,21610,1
29108,24951,1
29109,13178,1
29109,18720,1
29110,18509,1
29110,30067,1
29111,18298,1
29112,529,1
29112,13236,1
29112,18087,1
29112,32441,1
29113,17876,1
29113,18350,1
29114,17665,1
29115,936,1
29115,17454,1
29116,17243,1
29117,17032,1
29118,16821,1
29118,18538,1
29119,16610,1
29120,16399,1
29121,12204,1
29121,16188,1
29122,9488,1
29122,15977,1
29123,15766,1
29124,1003,1
29124,14953,1
29124,15555,1
29125,9920,1
29125,15344,1
29126,15133,1
29126,32372,1
29127,11728,1
29127,14922,1
29128,14711,1
29129,9934,1
29129,14500,1
29130,14289,1
29131,14078,1
29131,16027,1
29132,13867,1
29133,10539,1
29133,13656,1
29134,2656,1
29134,11296,1
29134,13445,1
29134,30017,1
29135,13234,1
29136,13023,1
29136,20295,1
29137,12812,1
29137,31140,1
29138,12601,1
29138,17137,1
29138,31637,1
29139,12390,1
29140,12179,1
29141,11968,1
29142,11757,1
29143,11546,1
29144,11335,1
29145,11124,1
29146,10913,1
29146,11622,1
29147,10702,1
29148,6594,1
29148,10491,1
29149,7795,1
29149,10280,1
29150,10069,1
29150,26712,1
29151,9858,1
29151,18395,1
29152,9647,1
29153,9436,1
29153,14935,1
29154,9225,1
29154,15259,1
29155,9014,1
29156,8803,1
29156,9173,1
29156,16155,1
29157,8592,1
29157,11003,1
29158,8381,1
29159,8170,1
29159,16064,1
29159,29106,1
29160,7959,1
29161,7748,1
29161,14182,1
29162,7537,1
29162,17721,1
29163,7326,1
29164,7115,1
29164,22838,1
29165,4929,1
29165,6149,1
29165,6904,1
29165,19780,1
29166,6693,1
29167,5389,1
29167,6482,1
29167,12621,1
29168,6271,1
29168,18268,1
29168,30865,1
29169,6060,1
29169,6470,1
29169,16078,1
29169,21039,1
29170,1378,1
29170,5849,1
29170,9103,1
29171,5638,1
29171,27667,1
29172,5427,1
29173,5216,1
29174,5005,1
29175,4794,1
29175,25543,1
29175,27887,1
29176,4583,1
29177,4372,1
29178,4161,1
29178,21114,1
29179,654,1
29179,3950,1
29179,9573,1
29179,26743,1
29180,3739,1
29180,12264,1
29180,20584,1
29180,23948,1
29180,25071,1
29181,3528,1
29182,3317,1
29182,5982,1
29182,21367,1
29183,248,1
29183,3106,1
29183,10979,1
29183,25399,1
29184,2895,1
29185,2684,1
29185,8791,1
29186,2473,1
29187,2262,1
29187,29200,1
29188,2051,1
29188,16484,1
29189,1840,1
29189,8486,1
29190,1629,1
29191,1418,1
29191,11633,1
29192,1062,1
29192,1207,1
29192,6750,1
29193,840,1
29193,996,1
29193,12159,1
29193,14423,1
29193,19381,1
29194,331,1
29194,785,1
29195,574,1
29195,4915,1
29195,18068,1
29196,363,1
29196,17234,1
29197,152,1
29197,8972,1
29197,11905,1
29197,17219,1
29198,953,1
29198,27576,1
29198,32709,1
29199,9415,1
29199,32498,1
29200,32287,1
29201,7060,1
29201,32076,1
29202,31865,1
29203,12572,1
29203,31654,1
29204,31443,1
29205,31232,1
29206,30615,1
29206,31021,1
29207,19082,1
29207,30810,1
29208,787,1
29208,19435,1
29208,29527,1
29208,30599,1
29209,15459,1
29209,25134,1
29209,30388,1
29210,18738,1
29210,30177,1
29210,30463,1
29211,29966,1
29212,29755,1
29213,29544,1
29213,31384,1
29214,29333,1
29215,26992,1
29215,29122,1
29216,28911,1
29217,13566,1
29217,23599,1
29217,28700,1
29218,21040,1
29218,28489,1
29219,28278,1
29220,1626,1
29220,9833,1
29220,10868,1
29220,22078,1
29220,28067,1
29221,5723,1
29221,24999,1
29221,27856,1
29221,30783,1
29222,20477,1
29222,27645,1
29222,32124,1
29223,4426,1
29223,27434,1
29223,30043,1
29224,27223,1
29225,14290,1
29225,26145,1
29225,27012,1
29226,358,1
29226,26801,1
29226,28916,1
29227,26590,1
29228,26379,1
29229,3550,1
29229,26168,1
29230,952,1
29230,9910,1
29230,25957,1
29231,13413,1
29231,25424,1
29231,25746,1
29232,2755,1
29232,24011,1
29232,25535,1
29233,2138,1
29233,25324,1
29233,31692,1
29234,16791,1
29234,25113,1
29235,4717,1
29235,24902,1
29235,30191,1
29236,24691,1
29237,24480,1
29237,27273,1
29238,24269,1
29238,25512,1
29239,24058,1
29240,9283,1
29240,23847,1
29241,9556,1
29241,23636,1
29242,4654,1
29242,23425,1
29242,26663,1
29243,4248,1
29243,16411,1
29243,17477,1
29243,23214,1
29244,23003,1
29244,23702,1
29245,22792,1
29245,24214,1
29246,22581,1
29246,30016,1
29247,22370,1
29248,18596,1
29248,22159,1
29249,16091,1
29249,21856,1
29249,21948,1
29249,28866,1
29250,12435,1
29250,21737,1
29251,4794,1
29251,21526,1
29252,91,1
29252,21315,1
29253,21104,1
29253,23629,1
29254,20893,1
29255,882,1
29255,3580,1
29255,16738,1
29255,20682,1
29256,20471,1
29257,20260,1
29258,6375,1
29258,20049,1
29259,13028,1
29259,19838,1
29259,31204,1
29260,19627,1
29261,19416,1
29261,31781,1
29262,6207,1
29262,19205,1
29263,18994,1
29263,24401,1
29264,15045,1
29264,18783,1
29265,18572,1
29266,4316,1
29266,18361,1
29267,18150,1
29267,18735,1
29267,22660,1
29268,17939,1
29269,11341,1
29269,17728,1
29270,17517,1
29270,31244,1
29271,17306,1
29272,6014,1
29272,17095,1
29273,446,1
29273,16884,1
29273,17050,1
29273,31572,1
29274,16673,1
29274,30650,1
29275,16462,1
29276,16251,1
29277,16040,1
29278,15829,1
29278,18681,1
29279,15618,1
29280,15407,1
29281,15196,1
29281,32089,1
29282,14985,1
29283,14774,1
29283,24400,1
29284,14563,1
29285,14352,1
29286,14141,1
29286,15744,1
29287,13930,1
29287,17435,1
29288,13719,1
29288,24574,1
29289,13508,1
29289,18885,1
29290,13297,1
29290,27500,1
29291,13086,1
29292,12875,1
29293,8434,1
29293,12664,1
29294,12453,1
29294,13885,1
29294,14131,1
29295,12242,1
29296,2880,1
29296,12031,1
29297,11820,1
29298,11609,1
29298,15017,1
29298,19264,1
29298,21595,1
29299,11398,1
29300,916,1
29300,11187,1
29300,13737,1
29300,19355,1
29300,24065,1
29301,10976,1
29302,10765,1
29302,12165,1
29302,32749,1
29303,10554,1
29304,10343,1
29304,11188,1
29304,17569,1
29305,10132,1
29305,23650,1
29306,9921,1
29307,9710,1
29308,9499,1
29309,6920,1
29309,9288,1
29309,29102,1
29310,9077,1
29311,8866,1
29311,22066,1
29311,22516,1
29312,8655,1
29312,26051,1
29312,28510,1
29313,8444,1
29313,10209,1
29314,8233,1
29314,16921,1
29314,32296,1
29315,8022,1
29315,26709,1
29316,7811,1
29316,8955,1
29316,13872,1
29317,5929,1
29317,7600,1
29318,7389,1
29318,24643,1
29319,3999,1
29319,7178,1
29319,25387,1
29320,6967,1
29321,6756,1
29322,6545,1
29322,24939,1
29323,6334,1
29323,22654,1
29324,6123,1
29324,28033,1
29325,5912,1
29325,19707,1
29325,26882,1
29325,29148,1
29326,5701,1
29327,5490,1
29327,7389,1
29327,10481,1
29327,24185,1
29328,5279,1
29328,24145,1
29329,5068,1
29330,4857,1
29331,4646,1
29331,30210,1
29332,4435,1
29332,26580,1
29332,27981,1
29333,4224,1
29333,8667,1
29334,4013,1
29335,3802,1
29335,9386,1
29335,10412,1
29336,3591,1
29337,3380,1
29337,20122,1
29338,3169,1
29338,25925,1
29339,2958,1
29340,2747,1
29340,5622,1
29340,10298,1
29341,2536,1
29341,2669,1
29341,11004,1
29342,2325,1
29343,2114,1
29344,1903,1
29344,21987,1
29345,1692,1
29345,17159,1
29346,1481,1
29346,12169,1
29347,1270,1
29348,1059,1
29348,32561,1
29349,848,1
29349,5421,1
29350,637,1
29351,426,1
29352,215,1
29353,4,1
29354,2394,1
29354,16631,1
29354,30932,1
29354,32561,1
29355,19966,1
29355,32350,1
29356,1091,1
29356,32139,1
29357,16179,1
29357,31928,1
29357,32759,1
29358,31717,1
29359,2654,1
29359,31506,1
29360,31295,1
29361,22140,1
29361,31084,1
29362,10240,1
29362,27609,1
29362,30873,1
29363,17002,1
29363,30662,1
29364,17370,1
29364,30451,1
29365,7234,1
29365,30240,1
29365,31233,1
29366,30029,1
29367,6061,1
29367,29089,1
29367,29818,1
29368,944,1
29368,29607,1
29369,29396,1
29370,29185,1
29370,31164,1
29371,6530,1
29371,8611,1
29371,28974,1
29372,6449,1
29372,7924,1
29372,25169,1
29372,28763,1
29373,10758,1
29373,28552,1
29373,31674,1
29374,28341,1
29375,5300,1
29375,21074,1
29375,28130,1
29376,27919,1
29377,21953,1
29377,27708,1
29378,22126,1
29378,27497,1
29379,26644,1
29379,27286,1
29380,12547,1
29380,21102,1
29380,27075,1
29381,11876,1
29381,26864,1
29382,14753,1
29382,26653,1
29383,9832,1
29383,26442,1
29384,26231,1
29385,9042,1
29385,17638,1
29385,26020,1
29386,14788,1
29386,25809,1
29387,25598,1
29388,25387,1
29389,25176,1
29390,13280,1
29390,21319,1
29390,24965,1
29390,29679,1
29391,23562,1
29391,24754,1
29392,24543,1
29393,17755,1
29393,24332,1
29393,26768,1
29393,32701,1
29394,24121,1
29395,23910,1
29396,23699,1
29397,23488,1
29398,23277,1
29398,26501,1
29399,23066,1
29400,8100,1
29400,11640,1
29400,22855,1
29401,21236,1
29401,22644,1
29402,22433,1
29403,16559,1
29403,22222,1
29404,6279,1
29404,22011,1
29405,9026,1
29405,21800,1
29405,28137,1
29406,21589,1
29407,13321,1
29407,17411,1
29407,21378,1
29407,27504,1
29408,14867,1
29408,21167,1
29408,21757,1
29408,23207,1
29408,28415,1
29409,20956,1
29410,20745,1
29411,8222,1
29411,11822,1
29411,20534,1
29412,20323,1
29413,3669,1
29413,20112,1
29414,19229,1
29414,19901,1
29414,22201,1
29415,447,1
29415,8740,1
29415,11630,1
29415,19690,1
29416,19479,1
29416,26851,1
29417,19268,1
29418,19057,1
29419,41,1
29419,18846,1
29420,18635,1
29421,18424,1
29421,30724,1
29422,18213,1
29422,31176,1
29422,32062,1
29423,18002,1
29423,27338,1
29424,17791,1
29425,17580,1
29426,13841,1
29426,17369,1
29427,17158,1
29427,21800,1
29428,16947,1
29429,16736,1
29429,22677,1
29430,16525,1
29431,16314,1
29431,22619,1
29432,456,1
29432,16103,1
29432,26542,1
29433,5603,1
29433,15892,1
29434,15681,1
29434,22902,1
29435,3710,1
29435,4638,1
29435,9228,1
29435,15470,1
29436,8742,1
29436,15259,1
29437,10342,1
29437,15048,1
29437,24460,1
29438,14837,1
29439,919,1
29439,14626,1
29440,14415,1
29440,17658,1
29441,14204,1
29442,13993,1
29442,20372,1
29442,27721,1
29443,13602,1
29443,13782,1
29443,20052,1
29444,9495,1
29444,13571,1
29445,6919,1
29445,7102,1
29445,13360,1
29445,27148,1
29446,13149,1
29446,21177,1
29447,10165,1
29447,12938,1
29448,12727,1
29448,26864,1
29449,12516,1
29449,15130,1
29450,12305,1
29451,12094,1
29452,9520,1
29452,11883,1
29453,4727,1
29453,11672,1
29453,14066,1
29453,25191,1
29454,11461,1
29455,11250,1
29456,11039,1
29456,26199,1
29457,10828,1
29458,10617,1
29458,21941,1
29459,10406,1
29460,10195,1
29461,9984,1
29462,9773,1
29462,19774,1
29463,9562,1
29464,9351,1
29464,30793,1
29465,9140,1
29465,20027,1
29466,8929,1
29467,8718,1
29468,8507,1
29469,2104,1
29469,8296,1
29469,31098,1
29470,8085,1
29471,7874,1
29472,7663,1
29472,21643,1
29473,5124,1
29473,7452,1
29473,27742,1
29474,2663,1
29474,7241,1
29474,16549,1
29475,7030,1
29475,21913,1
29476,6819,1
29476,11968,1
29477,6608,1
29477,26028,1
29478,6397,1
29478,10598,1
29479,5632,1
29479,6186,1
29480,5975,1
29480,29810,1
29481,5764,1
29482,2060,1
29482,5553,1
29482,9622,1
29482,12441,1
29483,5342,1
29483,25402,1
29484,5131,1
29484,9738,1
29485,4920,1
29485,5088,1
29485,7642,1
29486,4709,1
29486,11816,1
29487,4498,1
29488,4287,1
29489,290,1
29489,4076,1
29489,30861,1
29490,3865,1
29490,28459,1
29491,3654,1
29491,24410,1
29492,271,1
29492,3443,1
29492,12057,1
29492,17720,1
29493,3232,1
29494,3021,1
29494,21064,1
29494,31046,1
29495,2810,1
29496,1665,1
29496,2599,1
29497,2388,1
29498,2177,1
29499,1966,1
29499,29606,1
29500,1755,1
29501,1544,1
29501,30089,1
29502,1333,1
29502,31924,1
29503,1122,1
29503,24227,1
29504,911,1
29504,8238,1
29504,16478,1
29505,700,1
29505,25477,1
29506,489,1
29506,18219,1
29506,23347,1
29507,278,1
29507,1551,1
29508,67,1
29508,26439,1
29509,32624,1
29510,32413,1
29511,21673,1
29511,32202,1
29512,1014,1
29512,23419,1
29512,31991,1
29513,31780,1
29514,31569,1
29515,31358,1
29516,31147,1
29517,30936,1
29518,26280,1
29518,30725,1
29519,30514,1
29519,32188,1
29520,22559,1
29520,30303,1
29521,3600,1
29521,30092,1
29522,4074,1
29522,29881,1
29523,13390,1
29523,29670,1
29524,29459,1
29525,8063,1
29525,23068,1
29525,29248,1
29526,12323,1
29526,29037,1
29527,26632,1
29527,28826,1
29528,6251,1
29528,28615,1
29529,10260,1
29529,28404,1
29530,28193,1
29531,12249,1
29531,25103,1
29531,27982,1
29531,29390,1
29532,5280,1
29532,13874,1
29532,27771,1
29533,27560,1
29534,27349,1
29534,29301,1
29535,8072,1
29535,12145,1
29535,27138,1
29535,28477,1
29536,1519,1
29536,26727,1
29536,26927,1
29537,20192,1
29537,25798,1
29537,26716,1
29538,2293,1
29538,26505,1
29539,4679,1
29539,26294,1
29540,26083,1
29541,7208,1
29541,25872,1
29542,25661,1
29543,4771,1
29543,25450,1
29544,17783,1
29544,25239,1
29545,25028,1
29546,15580,1
29546,17915,1
29546,24817,1
29547,5970,1
29547,24606,1
29548,24395,1
29549,24184,1
29549,25722,1
29550,23973,1
29550,28018,1
29551,23762,1
29552,14447,1
29552,23551,1
29553,23340,1
29553,28801,1
29554,6567,1
29554,23129,1
29555,22918,1
29556,6122,1
29556,12282,1
29556,22707,1
29557,22496,1
29558,12489,1
29558,12934,1
29558,22285,1
29558,26445,1
29559,22074,1
29560,2132,1
29560,5808,1
29560,14773,1
29560,21863,1
29560,27313,1
29561,9110,1
29561,21652,1
29562,21441,1
29563,6322,1
29563,21230,1
29564,2067,1
29564,21019,1
29565,6398,1
29565,20808,1
29566,3205,1
29566,20597,1
29567,20386,1
29568,7981,1
29568,18571,1
29568,20175,1
29568,23236,1
29569,19964,1
29570,2284,1
29570,18489,1
29570,19753,1
29571,19542,1
29571,20417,1
29571,31217,1
29572,19331,1
29573,13706,1
29573,19120,1
29573,24562,1
29574,13387,1
29574,13991,1
29574,18909,1
29575,18698,1
29576,6691,1
29576,18487,1
29576,29196,1
29577,18276,1
29577,20679,1
29578,6572,1
29578,18065,1
29578,26098,1
29578,26904,1
29578,30325,1
29579,17854,1
29579,19153,1
29579,25740,1
29580,17643,1
29581,3885,1
29581,17432,1
29581,23144,1
29582,1481,1
29582,17221,1
29582,20506,1
29583,12691,1
29583,17010,1
29583,23304,1
29584,16799,1
29584,18018,1
29584,22609,1
29585,16588,1
29586,283,1
29586,16377,1
29587,8232,1
29587,16166,1
29588,15955,1
29589,15744,1
29590,15533,1
29590,18455,1
29590,22504,1
29591,15322,1
29591,21417,1
29592,2883,1
29592,15111,1
29593,14900,1
29594,14689,1
29595,14478,1
29596,14267,1
29597,1049,1
29597,14056,1
29598,13845,1
29599,13634,1
29600,13423,1
29600,15385,1
29600,22540,1
29601,13212,1
29601,14556,1
29601,30310,1
29602,10692,1
29602,13001,1
29603,12790,1
29603,23952,1
29604,7806,1
29604,12579,1
29604,17241,1
29605,12368,1
29606,12157,1
29607,11946,1
29608,11735,1
29608,32686,1
29609,11524,1
29610,10287,1
29610,11313,1
29611,11102,1
29611,11465,1
29611,24592,1
29612,442,1
29612,10891,1
29612,29761,1
29612,32433,1
29613,10680,1
29613,29574,1
29614,10469,1
29615,10258,1
29615,12813,1
29615,16887,1
29615,23943,1
29616,10047,1
29617,9836,1
29617,12123,1
29618,9625,1
29618,15176,1
29619,9414,1
29620,9203,1
29620,10314,1
29620,32598,1
29621,8992,1
29621,24250,1
29621,28940,1
29622,8781,1
29622,27317,1
29623,8570,1
29624,8359,1
29625,8148,1
29625,10473,1
29626,7937,1
29626,20200,1
29627,6547,1
29627,7726,1
29627,14851,1
29627,15133,1
29628,7515,1
29629,7304,1
29629,27419,1
29630,3112,1
29630,7093,1
29630,19127,1
29630,27424,1
29631,6882,1
29632,6671,1
29633,6460,1
29634,6249,1
29634,29041,1
29635,6038,1
29635,10861,1
29636,5827,1
29636,9162,1
29637,5616,1
29637,20837,1
29638,5405,1
29638,25415,1
29639,5090,1
29639,5194,1
29640,4983,1
29640,15456,1
29641,4772,1
29642,4561,1
29643,4350,1
29643,7333,1
29644,4139,1
29644,8717,1
29644,28165,1
29644,30706,1
29645,3928,1
29645,5653,1
29646,3717,1
29647,3506,1
29647,12905,1
29647,13517,1
29647,18404,1
29647,31147,1
29648,179,1
29648,2805,1
29648,3295,1
29648,9374,1
29648,15102,1
29649,3084,1
29650,2873,1
29650,3859,1
29650,32117,1
29651,2662,1
29651,4649,1
29651,7038,1
29651,19810,1
29651,26392,1
29652,2451,1
29653,2240,1
29653,8488,1
29654,2029,1
29654,13645,1
29655,1818,1
29656,1607,1
29656,4216,1
29656,24776,1
29657,1396,1
29657,17575,1
29657,29204,1
29658,1185,1
29658,14569,1
29659,974,1
29660,763,1
29660,17490,1
29661,552,1
29661,6741,1
29661,27813,1
29662,341,1
29663,130,1
29663,23294,1
29664,4699,1
29664,14164,1
29664,32687,1
29665,32476,1
29666,32265,1
29667,2846,1
29667,32054,1
29668,15299,1
29668,21783,1
29668,31843,1
29669,1958,1
29669,8796,1
29669,23524,1
29669,31632,1
29670,29539,1
29670,31421,1
29671,31210,1
29672,12023,1
29672,22520,1
29672,30999,1
29673,20697,1
29673,26046,1
29673,30788,1
29674,30577,1
29675,7801,1
29675,9507,1
29675,30366,1
29675,31205,1
29676,14484,1
29676,30155,1
29677,29944,1
29678,21413,1
29678,29733,1
29679,29522,1
29680,29311,1
29680,31768,1
29681,25999,1
29681,29100,1
29682,3884,1
29682,28889,1
29683,7330,1
29683,17030,1
29683,25615,1
29683,28678,1
29683,32698,1
29684,28467,1
29685,211,1
29685,217,1
29685,28256,1
29686,20228,1
29686,28045,1
29687,27834,1
29688,27623,1
29688,31101,1
29688,31404,1
29689,27412,1
29690,1217,1
29690,11138,1
29690,27201,1
29691,26990,1
29692,15798,1
29692,20928,1
29692,26779,1
29693,26568,1
29693,32715,1
29694,26357,1
29694,30681,1
29695,2488,1
29695,26146,1
29696,25935,1
29697,25724,1
29698,22689,1
29698,25513,1
29699,16866,1
29699,18762,1
29699,25076,1
29699,25302,1
29700,7651,1
29700,25091,1
29701,8339,1
29701,24880,1
29702,11764,1
29702,24669,1
29703,24458,1
29704,8537,1
29704,8630,1
29704,10356,1
29704,11147,1
29704,24247,1
29705,19057,1
29705,24036,1
29705,28496,1
29706,23825,1
29707,23614,1
29708,14105,1
29708,23403,1
29708,26012,1
29709,23192,1
29710,19406,1
29710,22981,1
29711,1593,1
29711,22770,1
29712,22559,1
29713,22348,1
29714,22137,1
29715,16603,1
29715,21926,1
29715,27522,1
29716,12555,1
29716,15572,1
29716,21715,1
29716,25403,1
29716,26763,1
29717,7321,1
29717,21504,1
29718,21293,1
29719,21082,1
29719,26168,1
29719,26673,1
29720,20871,1
29720,30880,1
29721,10056,1
29721,20660,1
29721,21249,1
29721,22022,1
29722,20449,1
29722,24656,1
29722,26497,1
29722,30846,1
29723,20238,1
29724,2913,1
29724,6013,1
29724,20027,1
29725,19816,1
29725,23469,1
29726,19605,1
29727,3672,1
29727,19394,1
29727,26294,1
29728,19183,1
29729,10186,1
29729,18972,1
29729,29442,1
29730,2944,1
29730,17014,1
29730,18761,1
29731,12914,1
29731,18550,1
29731,25988,1
29732,6166,1
29732,18339,1
29732,27705,1
29733,18128,1
29733,22055,1
29734,9873,1
29734,13913,1
29734,17917,1
29735,2074,1
29735,17542,1
29735,17706,1
29735,27640,1
29735,29798,1
29736,17495,1
29736,19794,1
29736,22250,1
29737,17284,1
29738,4832,1
29738,6028,1
29738,13048,1
29738,17073,1
29738,30003,1
29739,16862,1
29740,16651,1
29740,25161,1
29741,16440,1
29742,3020,1
29742,16229,1
29742,16230,1
29742,23822,1
29742,28707,1
29743,16018,1
29744,15807,1
29745,15596,1
29746,10122,1
29746,15385,1
29746,18482,1
29747,15174,1
29747,21538,1
29748,14963,1
29749,14752,1
29750,14541,1
29751,815,1
29751,14330,1
29752,6600,1
29752,11637,1
29752,14119,1
29752,17965,1
29753,13908,1
29754,3737,1
29754,13697,1
29755,4931,1
29755,10927,1
29755,13486,1
29756,10947,1
29756,11468,1
29756,13275,1
29757,13064,1
29758,12853,1
29759,12642,1
29759,27016,1
29760,12431,1
29760,19268,1
29761,12220,1
29761,32745,1
29762,12009,1
29762,24020,1
29762,24239,1
29763,11798,1
29763,18178,1
29764,2419,1
29764,11587,1
29764,20487,1
29765,11376,1
29766,11165,1
29767,10954,1
29767,20979,1
29767,23019,1
29768,10743,1
29768,32437,1
29769,8930,1
29769,10532,1
29769,30534,1
29770,6924,1
29770,10321,1
29770,27709,1
29771,10110,1
29771,15006,1
29771,23953,1
29772,9899,1
29773,3941,1
29773,9688,1
29773,12462,1
29774,5040,1
29774,9477,1
29774,14188,1
29774,29452,1
29775,9266,1
29775,12013,1
29776,9055,1
29776,30206,1
29777,8844,1
29777,29477,1
29778,2114,1
29778,8633,1
29778,15361,1
29778,20191,1
29779,5744,1
29779,8422,1
29779,29125,1
29780,861,1
29780,8211,1
29781,4262,1
29781,8000,1
29781,16892,1
29781,21440,1
29782,7789,1
29782,12745,1
29783,743,1
29783,7578,1
29784,7367,1
29785,7156,1
29785,13791,1
29785,16882,1
29786,1896,1
29786,6945,1
29786,24610,1
29787,6734,1
29788,4079,1
29788,6523,1
29788,9291,1
29789,6312,1
29789,28230,1
29790,6101,1
29790,30735,1
29791,5890,1
29792,5679,1
29792,8469,1
29793,5468,1
29793,16121,1
29793,31242,1
29794,1090,1
29794,5257,1
29795,5046,1
29796,1664,1
29796,4835,1
29796,11288,1
29797,4624,1
29797,12851,1
29797,14890,1
29798,4413,1
29799,4174,1
29799,4202,1
29799,15483,1
29800,3991,1
29800,16264,1
29801,3780,1
29801,6425,1
29802,3569,1
29802,10841,1
29802,28637,1
29802,30883,1
29803,3358,1
29804,3147,1
29804,29235,1
29805,2802,1
29805,2936,1
29806,2725,1
29806,8161,1
29807,1501,1
29807,2514,1
29808,117,1
29808,2303,1
29808,25718,1
29809,2092,1
29809,18904,1
29809,24919,1
29810,1881,1
29810,23917,1
29811,681,1
29811,1670,1
29812,1459,1
29813,1248,1
29814,1037,1
29814,27770,1
29814,28153,1
29815,826,1
29816,615,1
29816,24668,1
29817,404,1
29817,6999,1
29818,193,1
29818,9287,1
29818,12769,1
29818,26865,1
29818,27034,1
29819,32750,1
29820,8746,1
29820,32539,1
29821,2767,1
29821,8333,1
29821,32328,1
29822,30947,1
29822,31097,1
29822,32117,1
29823,31906,1
29824,31695,1
29825,20053,1
29825,31484,1
29826,31273,1
29827,31062,1
29828,18457,1
29828,30851,1
29829,30640,1
29830,30429,1
29831,23821,1
29831,24197,1
29831,30218,1
29832,8046,1
29832,30007,1
29832,32542,1
29833,6611,1
29833,9343,1
29833,29796,1
29834,29585,1
29835,29374,1
29836,29163,1
29837,15558,1
29837,28952,1
29838,28741,1
29839,9664,1
29839,15630,1
29839,28530,1
29840,18650,1
29840,28319,1
29841,28108,1
29842,27897,1
29843,15904,1
29843,27686,1
29844,8292,1
29844,27475,1
29844,31158,1
29845,27264,1
29846,19241,1
29846,27053,1
29847,26842,1
29848,26631,1
29849,17259,1
29849,26420,1
29850,13518,1
29850,23483,1
29850,26209,1
29851,8330,1
29851,25998,1
29852,9201,1
29852,19033,1
29852,25787,1
29853,25576,1
29854,25365,1
29855,9779,1
29855,25154,1
29856,13346,1
29856,24943,1
29857,12957,1
29857,24732,1
29858,12483,1
29858,24521,1
29859,24310,1
29860,24099,1
29861,23888,1
29862,15458,1
29862,23677,1
29862,30784,1
29863,23466,1
29864,23255,1
29865,10657,1
29865,23044,1
29866,22833,1
29867,22622,1
29868,22411,1
29869,16746,1
29869,22200,1
29869,24232,1
29870,21989,1
29871,4676,1
29871,21778,1
29872,14940,1
29872,21567,1
29873,21356,1
29874,21145,1
29875,20934,1
29876,16916,1
29876,20723,1
29877,20512,1
29877,21582,1
29878,19245,1
29878,20301,1
29879,20090,1
29880,19879,1
29881,958,1
29881,5814,1
29881,16676,1
29881,19668,1
29881,24878,1
29881,31203,1
29882,19457,1
29883,3472,1
29883,19246,1
29884,19035,1
29885,18824,1
29886,2790,1
29886,18613,1
29886,25292,1
29886,29997,1
29887,18402,1
29888,16726,1
29888,18191,1
29888,22711,1
29888,23032,1
29889,17980,1
29889,24781,1
29890,17769,1
29890,30138,1
29891,116,1
29891,1022,1
29891,6673,1
29891,17558,1
29892,10022,1
29892,12663,1
29892,17347,1
29893,17136,1
29894,16925,1
29895,576,1
29895,8509,1
29895,16714,1
29895,27911,1
29895,30497,1
29896,16503,1
29896,21252,1
29897,16292,1
29898,3100,1
29898,15435,1
29898,16081,1
29898,21534,1
29899,15870,1
29899,27519,1
29900,1687,1
29900,15659,1
29900,21296,1
29901,15448,1
29902,15237,1
29903,15026,1
29904,14815,1
29904,24650,1
29905,14604,1
29906,14393,1
29906,26871,1
29907,14182,1
29908,13971,1
29908,30202,1
29909,417,1
29909,13760,1
29910,13549,1
29911,4965,1
29911,11559,1
29911,13338,1
29911,20747,1
29911,25173,1
29911,25689,1
29911,31195,1
29912,13127,1
29913,12916,1
29914,12705,1
29914,15629,1
29914,21986,1
29915,5134,1
29915,7845,1
29915,12494,1
29915,29438,1
29916,12229,1
29916,12283,1
29916,20912,1
29917,12072,1
29918,11861,1
29918,19900,1
29919,11650,1
29919,14217,1
29920,11439,1
29920,25047,1
29921,11228,1
29922,11017,1
29923,3280,1
29923,10806,1
29924,10595,1
29925,10384,1
29925,27866,1
29926,10173,1
29926,15644,1
29927,9962,1
29928,9751,1
29929,9540,1
29929,19636,1
29930,9329,1
29930,31847,1
29931,9118,1
29932,8907,1
29933,8696,1
29933,11042,1
29933,23859,1
29934,1514,1
29934,8485,1
29934,8809,1
29934,14049,1
29935,8274,1
29935,14678,1
29936,8063,1
29936,12970,1
29937,7852,1
29938,6858,1
29938,7641,1
29938,27260,1
29938,29083,1
29939,7430,1
29940,7219,1
29941,7008,1
29942,6797,1
29942,30743,1
29943,6586,1
29943,14029,1
29943,31970,1
29944,6375,1
29944,8682,1
29944,31575,1
29945,2336,1
29945,6164,1
29945,32431,1
29946,5953,1
29946,14905,1
29947,5742,1
29948,5531,1
29948,12636,1
29949,5320,1
29949,23306,1
29949,28109,1
29950,5109,1
29951,4898,1
29952,4687,1
29952,12047,1
29952,14158,1
29953,4476,1
29953,19964,1
29954,2072,1
29954,4265,1
29954,11162,1
29954,19178,1
29955,4054,1
29956,3843,1
29957,3632,1
29957,25622,1
29958,3421,1
29958,20902,1
29959,3210,1
29960,2999,1
29961,2033,1
29961,2788,1
29961,5700,1
29961,16982,1
29962,2577,1
29963,2366,1
29963,15693,1
29964,2155,1
29964,16288,1
29965,1944,1
29965,7100,1
29966,1733,1
29966,31449,1
29967,1522,1
29967,3834,1
29967,17099,1
29967,25338,1
29968,1311,1
29968,24200,1
29969,1100,1
29969,7477,1
29969,17089,1
29970,889,1
29971,678,1
29971,771,1
29972,467,1
29972,26728,1
29973,256,1
29973,6604,1
29974,45,1
29974,9695,1
29975,15760,1
29975,32602,1
29976,32391,1
29977,19543,1
29977,27275,1
29977,32180,1
29978,18745,1
29978,31969,1
29979,31758,1
29980,14208,1
29980,28635,1
29980,31547,1
29981,18548,1
29981,31336,1
29982,31125,1
29983,30914,1
29984,30703,1
29985,5966,1
29985,30492,1
29986,30281,1
29987,30070,1
29988,29859,1
29989,2408,1
29989,19162,1
29989,29648,1
29990,700,1
29990,4312,1
29990,29437,1
29991,6526,1
29991,26907,1
29991,29226,1
29992,29015,1
29993,13135,1
29993,28804,1
29994,17572,1
29994,28593,1
29995,28382,1
29996,25599,1
29996,28171,1
29997,10192,1
29997,18446,1
29997,27960,1
29998,27749,1
29999,21491,1
29999,27538,1
30000,22549,1
30000,27327,1
30000,29015,1
30001,1392,1
30001,27116,1
30002,238,1
30002,26905,1
30003,24488,1
30003,26463,1
30003,26694,1
30004,15074,1
30004,26483,1
30004,28745,1
30005,26272,1
30006,26061,1
30007,5523,1
30007,25850,1
30008,25639,1
30009,25428,1
30010,25217,1
30011,16325,1
30011,25006,1
30012,7059,1
30012,24795,1
30013,24584,1
30014,16605,1
30014,24373,1
30014,32602,1
30015,22158,1
30015,24162,1
30016,23951,1
30017,23740,1
30018,3694,1
30018,23529,1
30019,19539,1
30019,21063,1
30019,23318,1
30020,23107,1
30020,30000,1
30021,13481,1
30021,22896,1
30022,22685,1
30022,22890,1
30023,22474,1
30024,22263,1
30025,22052,1
30025,30755,1
30026,12151,1
30026,21841,1
30027,21630,1
30027,25131,1
30028,21419,1
30029,21208,1
30030,16671,1
30030,20997,1
30030,31440,1
30031,20786,1
30032,5395,1
30032,11866,1
30032,13918,1
30032,20575,1
30033,20364,1
30034,20153,1
30035,19119,1
30035,19942,1
30035,20126,1
30036,14009,1
30036,19731,1
30036,20705,1
30036,21207,1
30037,19520,1
30038,19309,1
30038,29043,1
30039,19098,1
30040,8437,1
30040,18887,1
30040,27548,1
30041,10459,1
30041,18676,1
30041,26232,1
30041,28287,1
30042,14765,1
30042,18465,1
30042,32603,1
30043,18012,1
30043,18254,1
30043,18338,1
30043,29983,1
30044,18043,1
30045,17832,1
30046,5889,1
30046,17621,1
30047,17410,1
30048,822,1
30048,17199,1
30049,16988,1
30049,20756,1
30050,7467,1
30050,16777,1
30051,16566,1
30051,30656,1
30052,4799,1
30052,11837,1
30052,16355,1
30053,16144,1
30054,15933,1
30054,20043,1
30055,15722,1
30056,15511,1
30056,32585,1
30057,15300,1
30058,1817,1
30058,15089,1
30058,17801,1
30059,14878,1
30060,14667,1
30060,20056,1
30061,14456,1
30062,14245,1
30062,19504,1
30063,5557,1
30063,14034,1
30064,4818,1
30064,11826,1
30064,13823,1
30064,25009,1
30065,8296,1
30065,13612,1
30066,13401,1
30066,17578,1
30067,13190,1
30068,12979,1
30068,23035,1
30069,12768,1
30069,24351,1
30070,12557,1
30071,536,1
30071,12346,1
30072,12135,1
30072,27757,1
30072,29488,1
30073,4892,1
30073,11924,1
30074,2266,1
30074,11713,1
30075,11502,1
30075,24412,1
30076,11291,1
30077,11080,1
30077,14126,1
30078,10869,1
30078,13818,1
30078,29366,1
30079,10658,1
30080,10447,1
30080,20993,1
30081,10236,1
30081,27219,1
30082,720,1
30082,10025,1
30083,9814,1
30084,9603,1
30084,19272,1
30085,9392,1
30086,8016,1
30086,9181,1
30086,13470,1
30087,6020,1
30087,8970,1
30088,8759,1
30088,19112,1
30089,8548,1
30089,10886,1
30090,8337,1
30090,10108,1
30091,8126,1
30091,20635,1
30091,22803,1
30092,7915,1
30093,7704,1
30093,9733,1
30093,30521,1
30094,7493,1
30094,21155,1
30094,22266,1
30095,7282,1
30095,22560,1
30096,6906,1
30096,7071,1
30096,7825,1
30097,6860,1
30098,6649,1
30098,10471,1
30099,1084,1
30099,6438,1
30100,6227,1
30100,31160,1
30101,6016,1
30101,20179,1
30101,27290,1
30102,5805,1
30102,15460,1
30103,5594,1
30103,30008,1
30104,4650,1
30104,5383,1
30104,10712,1
30105,5172,1
30105,5767,1
30106,4961,1
30107,4750,1
30107,18059,1
30108,4539,1
30108,5172,1
30108,22814,1
30109,4328,1
30109,11431,1
30109,13502,1
30109,24392,1
30110,4117,1
30111,3906,1
30111,16019,1
30112,3695,1
30112,14265,1
30113,3484,1
30114,3273,1
30114,6705,1
30114,23579,1
30115,3062,1
30115,6208,1
30115,30516,1
30116,2851,1
30116,18210,1
30117,2640,1
30118,2429,1
30118,18127,1
30118,30284,1
30119,2218,1
30119,26270,1
30120,505,1
30120,2007,1
30120,16098,1
30121,1796,1
30121,32373,1
30122,1585,1
30122,2120,1
30122,26068,1
30123,1374,1
30123,17155,1
30123,18019,1
30124,1163,1
30125,952,1
30125,5473,1
30125,9444,1
30126,741,1
30127,530,1
30127,8210,1
30127,19366,1
30127,30528,1
30128,319,1
30129,108,1
30129,17529,1
30129,30086,1
30129,30390,1
30130,13227,1
30130,24384,1
30130,32665,1
30131,21382,1
30131,32454,1
30132,32243,1
30133,29022,1
30133,32032,1
30134,31821,1
30135,4905,1
30135,31610,1
30136,21006,1
30136,31399,1
30137,10998,1
30137,18034,1
30137,19114,1
30137,24044,1
30137,31188,1
30138,23307,1
30138,30977,1
30139,18616,1
30139,30766,1
30140,24059,1
30140,30555,1
30141,2685,1
30141,29961,1
30141,30344,1
30142,22950,1
30142,30133,1
30143,21223,1
30143,29922,1
30144,196,1
30144,29711,1
30145,19834,1
30145,29500,1
30146,14454,1
30146,29289,1
30147,8831,1
30147,29078,1
30148,14961,1
30148,28867,1
30149,14533,1
30149,17275,1
30149,28656,1
30150,28445,1
30151,28234,1
30152,28023,1
30153,9942,1
30153,27812,1
30153,30627,1
30154,27601,1
30155,27390,1
30156,27179,1
30157,2362,1
30157,26968,1
30157,27081,1
30158,26757,1
30159,16372,1
30159,26546,1
30160,26335,1
30160,30399,1
30161,1175,1
30161,26124,1
30161,27734,1
30162,25913,1
30163,8114,1
30163,19773,1
30163,25702,1
30163,29427,1
30163,31881,1
30164,727,1
30164,23334,1
30164,25491,1
30165,25280,1
30166,25069,1
30167,20220,1
30167,24858,1
30168,24647,1
30168,26381,1
30168,30531,1
30169,2502,1
30169,24436,1
30170,24225,1
30171,223,1
30171,10244,1
30171,24014,1
30171,26513,1
30172,23803,1
30172,25915,1
30173,15382,1
30173,23592,1
30173,26107,1
30173,29557,1
30174,23381,1
30175,21046,1
30175,23170,1
30176,22959,1
30177,10641,1
30177,22748,1
30178,10674,1
30178,17094,1
30178,22537,1
30178,31866,1
30179,20059,1
30179,22326,1
30180,22115,1
30180,23471,1
30180,27498,1
30181,21904,1
30181,26348,1
30181,29859,1
30181,32400,1
30182,21693,1
30182,22171,1
30183,7867,1
30183,21482,1
30184,9410,1
30184,21271,1
30184,31916,1
30185,21060,1
30186,1219,1
30186,20849,1
30187,15783,1
30187,20638,1
30187,24332,1
30188,20427,1
30189,20216,1
30190,20005,1
30191,11889,1
30191,19794,1
30191,29055,1
30192,16531,1
30192,17596,1
30192,19583,1
30193,19372,1
30194,7374,1
30194,14199,1
30194,14470,1
30194,19161,1
30195,16022,1
30195,18950,1
30196,18739,1
30196,24937,1
30197,18528,1
30198,18317,1
30199,3586,1
30199,4075,1
30199,7760,1
30199,11958,1
30199,17147,1
30199,18106,1
30200,17895,1
30201,10436,1
30201,17684,1
30201,21710,1
30202,2563,1
30202,17473,1
30203,17262,1
30204,16498,1
30204,17051,1
30205,16840,1
30205,19582,1
30205,23445,1
30205,25705,1
30206,16629,1
30207,16418,1
30208,3203,1
30208,16207,1
30209,5227,1
30209,15996,1
30210,15785,1
30210,28384,1
30211,15574,1
30212,15363,1
30212,32203,1
30213,15152,1
30214,10339,1
30214,14941,1
30215,14730,1
30215,22422,1
30216,14519,1
30217,857,1
30217,3292,1
30217,14308,1
30217,24445,1
30217,30028,1
30218,222,1
30218,14097,1
30219,13886,1
30220,13675,1
30221,13464,1
30222,13253,1
30223,13042,1
30224,8446,1
30224,12831,1
30225,10750,1
30225,12620,1
30226,12409,1
30226,23173,1
30227,12198,1
30228,11987,1
30229,5601,1
30229,11776,1
30230,7509,1
30230,11565,1
30230,22287,1
30230,31389,1
30231,5582,1
30231,6639,1
30231,11354,1
30231,22945,1
30232,11143,1
30233,10932,1
30234,10721,1
30234,12379,1
30235,10510,1
30236,10299,1
30236,16460,1
30237,10088,1
30237,27780,1
30238,9877,1
30239,9666,1
30240,9455,1
30240,9906,1
30240,20225,1
30241,9244,1
30242,9033,1
30242,24475,1
30242,25876,1
30243,8822,1
30243,11097,1
30243,30780,1
30244,8611,1
30245,3232,1
30245,8400,1
30246,8189,1
30247,7978,1
30247,26017,1
30248,7767,1
30248,10791,1
30248,11298,1
30248,19043,1
30249,7556,1
30250,7345,1
30250,22971,1
30251,7134,1
30251,26224,1
30252,6923,1
30253,6712,1
30254,6501,1
30254,9313,1
30255,6290,1
30255,14216,1
30255,27767,1
30256,6079,1
30257,5868,1
30258,5657,1
30258,10957,1
30259,3039,1
30259,5446,1
30259,25604,1
30260,5235,1
30261,5024,1
30262,4813,1
30263,4602,1
30264,4391,1
30264,21503,1
30265,4180,1
30265,20393,1
30266,3969,1
30266,25111,1
30267,3758,1
30267,6553,1
30268,3547,1
30269,3336,1
30269,10142,1
30270,3125,1
30271,180,1
30271,2914,1
30271,7344,1
30271,19374,1
30272,709,1
30272,2703,1
30272,12494,1
30272,22393,1
30273,2492,1
30273,24770,1
30273,29307,1
30274,2281,1
30274,19054,1
30274,29989,1
30275,2070,1
30275,30849,1
30276,1859,1
30276,8666,1
30276,24174,1
30277,1648,1
30278,1437,1
30279,1226,1
30279,29107,1
30280,1015,1
30280,17186,1
30280,26063,1
30281,804,1
30281,2859,1
30282,593,1
30282,25222,1
30283,382,1
30283,4414,1
30283,10843,1
30283,17022,1
30283,23062,1
30284,171,1
30284,8719,1
30284,12125,1
30284,17648,1
30285,19698,1
30285,32728,1
30286,30766,1
30286,32517,1
30287,97,1
30287,143,1
30287,32306,1
30288,10199,1
30288,22487,1
30288,32095,1
30289,25351,1
30289,31884,1
30290,31673,1
30291,4882,1
30291,22548,1
30291,22587,1
30291,31125,1
30291,31462,1
30292,16654,1
30292,31251,1
30293,21823,1
30293,24179,1
30293,30647,1
30293,31040,1
30294,3856,1
30294,11511,1
30294,30829,1
30295,29716,1
30295,30618,1
30296,2851,1
30296,27984,1
30296,30407,1
30297,1292,1
30297,30196,1
30298,29985,1
30299,14855,1
30299,29774,1
30300,16167,1
30300,29563,1
30301,29352,1
30302,22623,1
30302,26770,1
30302,29141,1
30303,28930,1
30304,6864,1
30304,22767,1
30304,28719,1
30305,4040,1
30305,28508,1
30306,28297,1
30306,28788,1
30307,27143,1
30307,28086,1
30308,13495,1
30308,27875,1
30309,27664,1
30310,27453,1
30311,27242,1
30312,6226,1
30312,27031,1
30313,4034,1
30313,4546,1
30313,26820,1
30313,32741,1
30314,26609,1
30315,9700,1
30315,19117,1
30315,26398,1
30315,27248,1
30315,29851,1
30316,9504,1
30316,26187,1
30317,25976,1
30317,29076,1
30317,30948,1
30318,25765,1
30319,25554,1
30319,27087,1
30320,2464,1
30320,4334,1
30320,25343,1
30320,25699,1
30321,5837,1
30321,25132,1
30322,14738,1
30322,24921,1
30323,24246,1
30323,24710,1
30323,26327,1
30324,7717,1
30324,24499,1
30325,19679,1
30325,24288,1
30326,24077,1
30327,852,1
30327,23866,1
30327,26393,1
30327,31795,1
30328,14564,1
30328,23655,1
30328,29514,1
30329,23444,1
30330,23233,1
30331,7147,1
30331,23022,1
30332,4132,1
30332,22811,1
30333,16776,1
30333,22600,1
30334,22389,1
30335,20208,1
30335,22178,1
30336,21967,1
30336,25669,1
30337,21756,1
30338,21545,1
30338,21651,1
30338,29540,1
30339,21334,1
30340,7221,1
30340,11272,1
30340,21123,1
30341,20912,1
30342,20701,1
30342,29509,1
30342,31871,1
30343,15222,1
30343,20490,1
30343,27135,1
30344,20279,1
30345,20068,1
30346,8779,1
30346,19857,1
30347,17075,1
30347,19646,1
30348,1773,1
30348,19435,1
30349,19224,1
30349,23084,1
30349,29494,1
30350,6990,1
30350,19013,1
30351,8857,1
30351,18802,1
30351,21268,1
30352,18591,1
30353,8757,1
30353,13194,1
30353,18380,1
30354,18169,1
30355,12039,1
30355,17958,1
30356,17747,1
30357,7456,1
30357,17536,1
30358,8626,1
30358,12176,1
30358,17325,1
30359,4687,1
30359,17114,1
30359,27257,1
30360,16903,1
30361,16692,1
30362,16481,1
30363,16270,1
30364,16059,1
30364,23431,1
30365,15848,1
30366,8582,1
30366,15637,1
30366,26970,1
30367,10162,1
30367,15426,1
30368,13263,1
30368,15215,1
30369,15004,1
30370,2230,1
30370,14793,1
30371,14582,1
30372,14371,1
30373,11295,1
30373,14160,1
30374,13949,1
30375,13738,1
30376,13527,1
30377,4988,1
30377,13316,1
30377,16454,1
30378,5084,1
30378,10542,1
30378,13105,1
30379,12894,1
30379,17294,1
30380,12683,1
30380,24532,1
30381,12472,1
30382,3488,1
30382,12261,1
30383,12050,1
30383,25902,1
30384,11839,1
30384,20664,1
30385,6559,1
30385,11628,1
30385,22200,1
30386,11417,1
30387,3882,1
30387,11206,1
30387,21020,1
30388,10995,1
30388,24032,1
30388,26517,1
30388,27527,1
30388,31366,1
30389,10784,1
30389,24907,1
30390,6802,1
30390,10573,1
30390,17226,1
30390,17257,1
30391,10362,1
30392,10151,1
30393,9940,1
30393,27155,1
30394,6267,1
30394,9729,1
30394,19056,1
30394,30481,1
30395,9518,1
30396,9307,1
30397,9096,1
30398,8885,1
30399,8674,1
30400,8463,1
30400,24303,1
30401,8252,1
30401,9569,1
30401,27110,1
30402,8041,1
30402,30659,1
30403,7830,1
30403,11408,1
30404,7619,1
30404,14657,1
30404,27536,1
30405,3354,1
30405,7408,1
30405,9825,1
30406,7197,1
30406,22866,1
30407,6986,1
30407,13955,1
30407,15641,1
30408,732,1
30408,6775,1
30408,12312,1
30408,23646,1
30409,1577,1
30409,6564,1
30410,6353,1
30410,7818,1
30410,10107,1
30410,24823,1
30411,6142,1
30411,8095,1
30412,2794,1
30412,3886,1
30412,4372,1
30412,5931,1
30412,18566,1
30413,5720,1
30414,5509,1
30415,1601,1
30415,3775,1
30415,5298,1
30416,4993,1
30416,5087,1
30416,19483,1
30417,4876,1
30418,4665,1
30418,24255,1
30419,4454,1
30419,20821,1
30420,4243,1
30420,22914,1
30421,4032,1
30421,5055,1
30422,3821,1
30422,21508,1
30422,30452,1
30423,3610,1
30424,3399,1
30425,3188,1
30426,2977,1
30426,17080,1
30427,2766,1
30427,27098,1
30428,2555,1
30428,8501,1
30428,24528,1
30429,2344,1
30430,1575,1
30430,2133,1
30430,20162,1
30430,23136,1
30431,926,1
30431,1922,1
30431,8191,1
30432,1711,1
30433,1500,1
30434,1289,1
30435,1078,1
30435,7491,1
30436,867,1
30437,656,1
30437,21965,1
30438,445,1
30438,19258,1
30439,234,1
30439,2776,1
30440,23,1
30440,15913,1
30440,30487,1
30441,1489,1
30441,32580,1
30442,19096,1
30442,32369,1
30443,5972,1
30443,12267,1
30443,32158,1
30444,31390,1
30444,31947,1
30445,4157,1
30445,31736,1
30446,31525,1
30447,7527,1
30447,19935,1
30447,31314,1
30448,31103,1
30449,17535,1
30449,28534,1
30449,30892,1
30450,4460,1
30450,23662,1
30450,30681,1
30451,20543,1
30451,30470,1
30452,19566,1
30452,30259,1
30452,30736,1
30453,479,1
30453,30048,1
30454,29837,1
30455,20720,1
30455,29626,1
30456,29415,1
30457,29204,1
30458,28993,1
30459,16088,1
30459,28782,1
30460,28571,1
30461,16999,1
30461,28360,1
30462,28149,1
30463,27938,1
30464,27727,1
30464,29480,1
30465,27516,1
30466,17329,1
30466,27305,1
30467,27094,1
30468,26883,1
30469,26672,1
30469,31524,1
30470,26461,1
30471,1836,1
30471,26250,1
30472,4989,1
30472,20327,1
30472,26039,1
30473,2291,1
30473,25828,1
30474,8406,1
30474,17881,1
30474,25617,1
30475,25406,1
30476,25195,1
30477,24984,1
30477,25587,1
30478,5417,1
30478,21353,1
30478,24773,1
30478,31317,1
30479,17021,1
30479,24562,1
30480,17871,1
30480,24351,1
30480,28410,1
30481,4149,1
30481,24140,1
30482,23929,1
30483,23718,1
30483,27947,1
30484,9300,1
30484,23507,1
30485,253,1
30485,5190,1
30485,23296,1
30486,3070,1
30486,7484,1
30486,23085,1
30487,22874,1
30488,6822,1
30488,22663,1
30489,20022,1
30489,22452,1
30490,2627,1
30490,4651,1
30490,22241,1
30491,22030,1
30492,21819,1
30493,10595,1
30493,21608,1
30494,1297,1
30494,21397,1
30495,21186,1
30496,20975,1
30497,20764,1
30498,20553,1
30499,20342,1
30500,18193,1
30500,20131,1
30500,22085,1
30501,8416,1
30501,19920,1
30501,22793,1
30502,19709,1
30502,25817,1
30503,19498,1
30503,26609,1
30504,13850,1
30504,19287,1
30505,1150,1
30505,19076,1
30506,18865,1
30506,31268,1
30507,5029,1
30507,18654,1
30508,18443,1
30509,8425,1
30509,18232,1
30510,590,1
30510,18021,1
30511,13712,1
30511,17810,1
30512,17599,1
30513,258,1
30513,9863,1
30513,17388,1
30514,10855,1
30514,17013,1
30514,17177,1
30515,7367,1
30515,16966,1
30515,28067,1
30516,734,1
30516,3495,1
30516,7447,1
30516,16755,1
30516,17258,1
30517,16544,1
30518,114,1
30518,3282,1
30518,12220,1
30518,13627,1
30518,16333,1
30518,18763,1
30518,21477,1
30519,5117,1
30519,16122,1
30519,18230,1
30519,27865,1
30520,14340,1
30520,15911,1
30521,10585,1
30521,15700,1
30522,15489,1
30522,16697,1
30523,15278,1
30524,15067,1
30525,14856,1
30526,14645,1
30527,13155,1
30527,14434,1
30527,16021,1
30528,14223,1
30529,6313,1
30529,14012,1
30529,26818,1
30529,27455,1
30530,13801,1
30531,13590,1
30532,3853,1
30532,8821,1
30532,11608,1
30532,13379,1
30533,13168,1
30534,12957,1
30534,28614,1
30535,12746,1
30536,12535,1
30536,13971,1
30537,12324,1
30538,12113,1
30539,5288,1
30539,7865,1
30539,11902,1
30539,23244,1
30540,11662,1
30540,11691,1
30541,11480,1
30542,11269,1
30543,11058,1
30544,10518,1
30544,10847,1
30545,10636,1
30546,10425,1
30547,10214,1
30547,21091,1
30547,21301,1
30547,30047,1
30548,10003,1
30548,31481,1
30548,31495,1
30549,8617,1
30549,9792,1
30549,20370,1
30549,27001,1
30550,1394,1
30550,9581,1
30550,12896,1
30551,9370,1
30551,15266,1
30552,9159,1
30552,16213,1
30553,8948,1
30554,2147,1
30554,8737,1
30554,17590,1
30555,8526,1
30556,8315,1
30557,8104,1
30558,7893,1
30558,10126,1
30558,23428,1
30559,7682,1
30559,9701,1
30560,5630,1
30560,7471,1
30561,7260,1
30562,7049,1
30563,6838,1
30563,14297,1
30564,6627,1
30564,12936,1
30565,6416,1
30566,6205,1
30567,5994,1
30567,13741,1
30568,5783,1
30569,5572,1
30570,5361,1
30571,5150,1
30571,18231,1
30571,32052,1
30572,4939,1
30573,4728,1
30573,9472,1
30574,4517,1
30574,17655,1
30575,4306,1
30575,16976,1
30576,4095,1
30577,3884,1
30577,18712,1
30578,3673,1
30579,3462,1
30580,3251,1
30581,3040,1
30581,11050,1
30581,24457,1
30582,2829,1
30583,2618,1
30584,2407,1
30584,26975,1
30585,2196,1
30585,2918,1
30586,1985,1
30586,3128,1
30587,1774,1
30587,30632,1
30588,1563,1
30588,22227,1
30589,1352,1
30589,19030,1
30590,1141,1
30590,8480,1
30591,930,1
30592,719,1
30592,24775,1
30593,508,1
30593,2659,1
30593,10343,1
30594,297,1
30594,29299,1
30595,86,1
30595,9080,1
30595,19640,1
30596,32487,1
30596,32643,1
30597,32432,1
30598,22732,1
30598,25063,1
30598,30396,1
30598,32221,1
30599,20707,1
30599,26990,1
30599,32010,1
30600,31799,1
30601,31588,1
30602,31377,1
30603,1312,1
30603,6221,1
30603,31166,1
30604,30955,1
30605,30744,1
30605,30966,1
30606,30533,1
30607,3139,1
30607,23273,1
30607,30322,1
30608,30111,1
30609,6624,1
30609,26415,1
30609,29900,1
30610,6923,1
30610,29689,1
30611,29478,1
30612,3086,1
30612,3716,1
30612,6219,1
30612,13527,1
30612,29267,1
30613,7413,1
30613,24323,1
30613,29056,1
30614,12737,1
30614,28845,1
30614,31828,1
30615,28634,1
30616,15251,1
30616,28423,1
30617,28212,1
30618,21380,1
30618,28001,1
30619,21373,1
30619,27790,1
30619,27812,1
30619,28397,1
30620,1710,1
30620,11135,1
30620,11774,1
30620,27579,1
30620,30631,1
30621,20899,1
30621,27368,1
30622,14095,1
30622,18974,1
30622,27157,1
30623,14626,1
30623,26946,1
30624,26735,1
30625,22087,1
30625,26524,1
30626,26313,1
30627,3430,1
30627,12407,1
30627,26102,1
30627,29404,1
30627,32258,1
30628,17187,1
30628,25891,1
30628,31128,1
30629,25680,1
30630,18264,1
30630,20717,1
30630,25469,1
30631,2695,1
30631,11748,1
30631,25258,1
30632,10250,1
30632,19594,1
30632,25047,1
30633,8603,1
30633,24836,1
30633,30154,1
30634,24625,1
30635,7083,1
30635,22004,1
30635,24414,1
30636,11915,1
30636,24203,1
30636,28577,1
30637,23992,1
30638,4636,1
30638,23781,1
30638,31412,1
30639,677,1
30639,23570,1
30640,23359,1
30640,29216,1
30641,23044,1
30641,23148,1
30642,22937,1
30643,22726,1
30644,7125,1
30644,22515,1
30645,22304,1
30646,22093,1
30646,29506,1
30647,21882,1
30648,21671,1
30649,21460,1
30650,21249,1
30651,9974,1
30651,21038,1
30652,20827,1
30652,32390,1
30653,10159,1
30653,17724,1
30653,20616,1
30653,21498,1
30654,20405,1
30654,23164,1
30654,26154,1
30655,7017,1
30655,20194,1
30655,23480,1
30656,1955,1
30656,19983,1
30657,12021,1
30657,19772,1
30658,6998,1
30658,19561,1
30659,19350,1
30660,19139,1
30661,18928,1
30662,1763,1
30662,9241,1
30662,18717,1
30662,26266,1
30663,18506,1
30664,18295,1
30665,1412,1
30665,18084,1
30665,24887,1
30666,274,1
30666,17873,1
30667,986,1
30667,9249,1
30667,17662,1
30668,17451,1
30669,17240,1
30669,26011,1
30670,14973,1
30670,17029,1
30671,16818,1
30672,16607,1
30672,24557,1
30673,9075,1
30673,10193,1
30673,16396,1
30674,16185,1
30675,3564,1
30675,15974,1
30675,17835,1
30676,11016,1
30676,15763,1
30677,2772,1
30677,3092,1
30677,15552,1
30677,23155,1
30678,5002,1
30678,15341,1
30678,16404,1
30678,32424,1
30679,28,1
30679,15130,1
30680,14919,1
30681,10731,1
30681,14708,1
30681,19029,1
30682,14497,1
30683,14286,1
30684,14075,1
30685,3974,1
30685,13864,1
30685,20123,1
30685,26082,1
30686,13653,1
30686,32103,1
30687,13442,1
30687,29507,1
30688,13231,1
30689,13020,1
30690,9584,1
30690,12809,1
30691,6800,1
30691,12598,1
30692,12387,1
30693,12176,1
30694,533,1
30694,11965,1
30695,8231,1
30695,11754,1
30696,11543,1
30697,11332,1
30697,18502,1
30697,21108,1
30698,11121,1
30698,20738,1
30699,8325,1
30699,10910,1
30699,22537,1
30699,31240,1
30700,10699,1
30701,10488,1
30701,31237,1
30702,10277,1
30703,10066,1
30704,9855,1
30705,1903,1
30705,9644,1
30706,9433,1
30707,434,1
30707,9222,1
30708,8946,1
30708,9011,1
30708,17539,1
30709,8800,1
30710,8589,1
30710,22019,1
30711,8378,1
30711,10546,1
30712,3480,1
30712,8167,1
30712,24343,1
30713,7956,1
30713,17496,1
30714,5082,1
30714,7745,1
30715,7534,1
30715,8058,1
30715,23875,1
30715,26496,1
30716,7323,1
30717,7112,1
30718,6901,1
30718,30131,1
30719,2585,1
30719,6690,1
30719,26456,1
30720,6479,1
30721,6268,1
30721,8364,1
30722,344,1
30722,6057,1
30723,5846,1
30723,11922,1
30724,5635,1
30724,8239,1
30724,17409,1
30725,5424,1
30726,5213,1
30727,5002,1
30728,4791,1
30729,651,1
30729,4580,1
30729,28535,1
30730,4369,1
30731,4158,1
30731,22189,1
30732,3947,1
30732,10313,1
30733,3736,1
30733,4693,1
30734,3525,1
30734,9948,1
30735,3314,1
30735,15433,1
30735,25275,1
30735,27321,1
30736,3103,1
30737,2892,1
30737,9815,1
30738,2681,1
30738,16648,1
30738,20469,1
30738,29398,1
30739,1672,1
30739,2470,1
30739,21210,1
30739,23050,1
30740,1239,1
30740,2259,1
30741,2048,1
30741,17017,1
30742,1837,1
30742,25014,1
30742,30324,1
30743,1626,1
30744,1415,1
30744,2473,1
30744,26479,1
30744,28519,1
30745,1204,1
30745,20148,1
30746,993,1
30746,4084,1
30746,7042,1
30746,14490,1
30747,782,1
30748,571,1
30749,360,1
30750,149,1
30750,2021,1
30750,12289,1
30751,10559,1
30751,32706,1
30752,23071,1
30752,28213,1
30752,32495,1
30753,13943,1
30753,27950,1
30753,32284,1
30754,11161,1
30754,22513,1
30754,32073,1
30755,14579,1
30755,31862,1
30756,31651,1
30757,31440,1
30758,31229,1
30759,31018,1
30760,9471,1
30760,13725,1
30760,30807,1
30761,6908,1
30761,30596,1
30762,24260,1
30762,30385,1
30763,30174,1
30764,29963,1
30765,26174,1
30765,29752,1
30766,29541,1
30767,292,1
30767,18208,1
30767,29330,1
30768,29119,1
30769,28908,1
30770,15658,1
30770,28697,1
30771,1553,1
30771,11150,1
30771,13010,1
30771,28486,1
30772,12503,1
30772,19687,1
30772,28275,1
30773,11055,1
30773,28064,1
30774,16837,1
30774,27853,1
30775,15116,1
30775,16050,1
30775,26594,1
30775,27642,1
30776,3024,1
30776,24885,1
30776,27431,1
30777,3745,1
30777,27220,1
30778,24722,1
30778,27009,1
30779,26798,1
30780,26587,1
30781,26376,1
30782,5099,1
30782,16221,1
30782,26165,1
30783,14955,1
30783,25522,1
30783,25954,1
30784,25743,1
30785,1537,1
30785,18381,1
30785,25532,1
30786,25321,1
30786,27583,1
30787,4895,1
30787,16016,1
30787,25110,1
30788,1789,1
30788,24899,1
30789,24688,1
30789,28134,1
30789,30682,1
30790,4836,1
30790,19323,1
30790,24477,1
30791,7609,1
30791,8991,1
30791,24266,1
30792,8845,1
30792,24055,1
30793,6891,1
30793,23844,1
30794,18544,1
30794,23633,1
30795,4239,1
30795,13258,1
30795,23422,1
30796,22439,1
30796,23211,1
30797,10508,1
30797,23000,1
30798,7494,1
30798,22789,1
30798,27252,1
30799,6556,1
30799,22578,1
30800,22367,1
30801,22156,1
30802,21945,1
30803,16035,1
30803,21734,1
30804,4386,1
30804,21523,1
30805,21312,1
30806,611,1
30806,12927,1
30806,21101,1
30806,27711,1
30807,17396,1
30807,20890,1
30808,20679,1
30808,25781,1
30809,20468,1
30810,18398,1
30810,20257,1
30811,1013,1
30811,20046,1
30812,19835,1
30813,19624,1
30814,19413,1
30814,26124,1
30814,31029,1
30815,6040,1
30815,19202,1
30816,17427,1
30816,18991,1
30816,24358,1
30817,10208,1
30817,18780,1
30817,21564,1
30818,10252,1
30818,18569,1
30819,18358,1
30820,18147,1
30821,3033,1
30821,17936,1
30822,8679,1
30822,17725,1
30823,765,1
30823,17514,1
30824,17303,1
30825,3855,1
30825,17092,1
30825,20041,1
30826,16881,1
30826,24231,1
30827,6654,1
30827,16670,1
30828,15027,1
30828,16459,1
30828,28399,1
30829,16248,1
30829,31065,1
30830,16037,1
30831,15826,1
30832,12945,1
30832,15615,1
30832,25257,1
30832,31638,1
30833,15404,1
30833,20431,1
30834,15193,1
30834,29838,1
30835,14982,1
30835,24138,1
30835,26760,1
30836,14771,1
30837,14560,1
30838,14349,1
30839,14138,1
30839,21623,1
30839,25700,1
30840,13927,1
30840,32060,1
30841,13716,1
30842,13505,1
30843,374,1
30843,13294,1
30844,9581,1
30844,13083,1
30845,12872,1
30846,12661,1
30847,12450,1
30848,12239,1
30849,11425,1
30849,12028,1
30850,11817,1
30851,7167,1
30851,11606,1
30852,11395,1
30852,32417,1
30853,11184,1
30853,26836,1
30854,10973,1
30855,5862,1
30855,10762,1
30855,18562,1
30856,10551,1
30857,10340,1
30858,1384,1
30858,4801,1
30858,10129,1
30858,14377,1
30858,22312,1
30859,9918,1
30859,32317,1
30860,9707,1
30861,3255,1
30861,9496,1
30861,18597,1
30862,6206,1
30862,9285,1
30863,9074,1
30863,22574,1
30864,8863,1
30865,8652,1
30866,8163,1
30866,8441,1
30867,8230,1
30867,27591,1
30868,8019,1
30869,7808,1
30870,4516,1
30870,7597,1
30870,25644,1
30871,7386,1
30871,8219,1
30871,9868,1
30872,7175,1
30873,6964,1
30873,11211,1
30873,21335,1
30874,6753,1
30874,16582,1
30874,24993,1
30875,6542,1
30876,6331,1
30876,7935,1
30876,19643,1
30877,6120,1
30877,16562,1
30878,5909,1
30878,31042,1
30879,5698,1
30880,5027,1
30880,5487,1
30880,21224,1
30881,5276,1
30881,31523,1
30882,5065,1
30883,4854,1
30884,1068,1
30884,4643,1
30884,17189,1
30885,3245,1
30885,4432,1
30885,16053,1
30885,20619,1
30886,3474,1
30886,4221,1
30887,4010,1
30887,20403,1
30888,3799,1
30888,16707,1
30889,3588,1
30890,3377,1
30890,14206,1
30890,15203,1
30890,26198,1
30891,3166,1
30892,2955,1
30892,14522,1
30892,15573,1
30892,24581,1
30893,2744,1
30893,9988,1
30894,2533,1
30894,18505,1
30895,2322,1
30895,30429,1
30896,2111,1
30897,1900,1
30897,29969,1
30898,1689,1
30899,1478,1
30899,9713,1
30900,1267,1
30900,18445,1
30901,1056,1
30901,8275,1
30901,26122,1
30902,845,1
30902,2357,1
30903,634,1
30904,423,1
30905,212,1
30905,15833,1
30905,21420,1
30905,30030,1
30906,1,1
30907,24355,1
30907,32558,1
30908,32031,1
30908,32347,1
30909,32136,1
30910,5534,1
30910,31925,1
30911,17087,1
30911,31714,1
30912,31503,1
30913,31292,1
30914,3807,1
30914,31081,1
30915,3618,1
30915,30870,1
30916,17843,1
30916,30659,1
30917,30448,1
30918,30237,1
30919,30026,1
30920,26312,1
30920,29815,1
30921,29604,1
30922,2875,1
30922,16416,1
30922,25486,1
30922,29393,1
30922,30938,1
30923,16336,1
30923,26993,1
30923,29182,1
30924,920,1
30924,4193,1
30924,19974,1
30924,28971,1
30925,4527,1
30925,28760,1
30926,28549,1
30927,5334,1
30927,19828,1
30927,28338,1
30928,4987,1
30928,8277,1
30928,28127,1
30929,27916,1
30929,31336,1
30930,8795,1
30930,27705,1
30930,31613,1
30931,1104,1
30931,5122,1
30931,27494,1
30932,17555,1
30932,27283,1
30933,13886,1
30933,27072,1
30934,11180,1
30934,26861,1
30935,11965,1
30935,20687,1
30935,26650,1
30936,26439,1
30937,16110,1
30937,25796,1
30937,26228,1
30938,16667,1
30938,26017,1
30938,30005,1
30939,25806,1
30940,16275,1
30940,25595,1
30941,25384,1
30942,10614,1
30942,25173,1
30942,31675,1
30943,7116,1
30943,24962,1
30943,27886,1
30944,6421,1
30944,24751,1
30944,30882,1
30945,24540,1
30945,32477,1
30946,24329,1
30947,12171,1
30947,24118,1
30947,28193,1
30948,21226,1
30948,23907,1
30949,23696,1
30950,20602,1
30950,23485,1
30951,23274,1
30952,18525,1
30952,23063,1
30952,28237,1
30953,18224,1
30953,22852,1
30954,22641,1
30955,3297,1
30955,6952,1
30955,18238,1
30955,22430,1
30956,22219,1
30957,22008,1
30958,21797,1
30959,21586,1
30959,24715,1
30959,31964,1
30960,21375,1
30961,21164,1
30962,20953,1
30963,20742,1
30964,20531,1
30965,16628,1
30965,20320,1
30965,25312,1
30966,20109,1
30967,7370,1
30967,17362,1
30967,19898,1
30968,19687,1
30968,19990,1
30969,19476,1
30970,19265,1
30971,19054,1
30972,18843,1
30973,9216,1
30973,15776,1
30973,18632,1
30974,18421,1
30975,4544,1
30975,6965,1
30975,16430,1
30975,18210,1
30975,29256,1
30976,17999,1
30977,1119,1
30977,17788,1
30977,19560,1
30977,22132,1
30978,8917,1
30978,17577,1
30979,17366,1
30980,17155,1
30980,30007,1
30981,16944,1
30982,16733,1
30983,16522,1
30983,22862,1
30984,13368,1
30984,16311,1
30984,26129,1
30984,29279,1
30985,16100,1
30985,17492,1
30986,9090,1
30986,15889,1
30987,15678,1
30988,15467,1
30988,29938,1
30989,8680,1
30989,15256,1
30989,23089,1
30990,15045,1
30991,14834,1
30992,14623,1
30992,19970,1
30993,10650,1
30993,14412,1
30994,11799,1
30994,13692,1
30994,14201,1
30995,13990,1
30996,13779,1
30997,13568,1
30997,27204,1
30998,13357,1
30999,13146,1
31000,12935,1
31001,7768,1
31001,12724,1
31001,25854,1
31002,12513,1
31002,16031,1
31002,20955,1
31002,30601,1
31003,5340,1
31003,12302,1
31004,12091,1
31004,13500,1
31005,4492,1
31005,11880,1
31006,11669,1
31007,11458,1
31008,11247,1
31008,25190,1
31009,4509,1
31009,11036,1
31010,9891,1
31010,10825,1
31011,10614,1
31012,10403,1
31012,17898,1
31013,1709,1
31013,10192,1
31014,9981,1
31015,9770,1
31015,25906,1
31016,9559,1
31017,9348,1
31017,17611,1
31018,2093,1
31018,9137,1
31018,25996,1
31018,28622,1
31019,8926,1
31019,24534,1
31019,28272,1
31020,2741,1
31020,8715,1
31021,8504,1
31022,8293,1
31022,25441,1
31023,8082,1
31023,10318,1
31024,7871,1
31024,24066,1
31025,7660,1
31026,7449,1
31026,31226,1
31027,7238,1
31027,17453,1
31027,20963,1
31028,6142,1
31028,7027,1
31029,6816,1
31029,16930,1
31030,92,1
31030,6605,1
31031,6394,1
31031,26066,1
31032,4072,1
31032,6183,1
31032,16181,1
31033,5972,1
31034,5761,1
31034,7879,1
31034,8344,1
31035,5550,1
31035,28682,1
31035,30594,1
31036,5339,1
31036,20378,1
31037,1572,1
31037,5128,1
31037,6717,1
31037,8640,1
31038,2489,1
31038,4917,1
31039,4706,1
31039,22746,1
31040,4495,1
31040,15782,1
31040,23504,1
31041,4284,1
31042,4073,1
31042,14326,1
31043,3862,1
31043,10735,1
31044,3651,1
31045,3440,1
31045,4802,1
31045,11657,1
31045,25497,1
31046,3229,1
31046,7178,1
31046,13554,1
31046,31178,1
31047,3018,1
31047,9293,1
31048,366,1
31048,2807,1
31048,18217,1
31048,26200,1
31049,2596,1
31049,18640,1
31049,25382,1
31050,2385,1
31051,2174,1
31051,27280,1
31052,1963,1
31052,26368,1
31053,1752,1
31053,23006,1
31054,1541,1
31055,1260,1
31055,1330,1
31055,19080,1
31056,1119,1
31056,12247,1
31056,20439,1
31057,908,1
31058,697,1
31058,16061,1
31058,27642,1
31059,486,1
31059,25677,1
31060,275,1
31061,64,1
31061,7906,1
31061,11054,1
31062,31023,1
31062,32621,1
31063,32410,1
31064,25459,1
31064,32199,1
31065,31988,1
31066,3479,1
31066,21283,1
31066,29552,1
31066,31777,1
31067,31566,1
31068,31355,1
31069,25177,1
31069,31144,1
31069,32040,1
31070,545,1
31070,21835,1
31070,30933,1
31071,30722,1
31072,19439,1
31072,30511,1
31073,20622,1
31073,28157,1
31073,30300,1
31074,3360,1
31074,8090,1
31074,15347,1
31074,28736,1
31074,30089,1
31075,15995,1
31075,26549,1
31075,29878,1
31076,29667,1
31077,29456,1
31078,29245,1
31079,10152,1
31079,29034,1
31080,4282,1
31080,28823,1
31081,12538,1
31081,17941,1
31081,28612,1
31082,28401,1
31083,3046,1
31083,13252,1
31083,28190,1
31084,27979,1
31084,29303,1
31085,27768,1
31086,15996,1
31086,27557,1
31087,1289,1
31087,27346,1
31088,27135,1
31088,30771,1
31089,10863,1
31089,26924,1
31090,26713,1
31091,26502,1
31091,30335,1
31092,25632,1
31092,26291,1
31092,31466,1
31093,25221,1
31093,26080,1
31094,1991,1
31094,25869,1
31095,25658,1
31096,25447,1
31097,16037,1
31097,25236,1
31097,27180,1
31097,29987,1
31098,25025,1
31098,27453,1
31099,24814,1
31100,13856,1
31100,24603,1
31101,3818,1
31101,24392,1
31102,9563,1
31102,23163,1
31102,24181,1
31102,30283,1
31103,4869,1
31103,8554,1
31103,23970,1
31104,15001,1
31104,23759,1
31105,23548,1
31105,26602,1
31106,23337,1
31107,3800,1
31107,13021,1
31107,23126,1
31108,22915,1
31109,12389,1
31109,22704,1
31110,22493,1
31111,23,1
31111,13794,1
31111,21874,1
31111,22282,1
31112,22071,1
31113,4455,1
31113,21860,1
31114,14767,1
31114,21649,1
31114,29821,1
31115,4589,1
31115,7246,1
31115,21438,1
31116,3968,1
31116,7128,1
31116,20796,1
31116,21227,1
31117,21016,1
31118,17117,1
31118,20489,1
31118,20805,1
31119,4735,1
31119,20594,1
31120,5277,1
31120,20383,1
31120,26160,1
31121,18864,1
31121,20172,1
31122,19961,1
31123,16178,1
31123,19750,1
31124,19539,1
31124,32034,1
31125,16555,1
31125,19328,1
31126,19117,1
31126,28964,1
31127,8148,1
31127,18906,1
31128,18695,1
31129,6119,1
31129,6569,1
31129,18484,1
31130,18273,1
31131,12309,1
31131,18062,1
31132,10615,1
31132,15759,1
31132,17851,1
31133,17640,1
31133,26600,1
31134,17429,1
31134,30982,1
31135,17218,1
31136,14746,1
31136,17007,1
31136,25752,1
31137,12228,1
31137,16796,1
31138,16585,1
31138,30723,1
31139,7622,1
31139,16374,1
31139,24461,1
31140,16163,1
31140,22130,1
31140,27402,1
31141,1443,1
31141,15952,1
31142,15741,1
31143,1336,1
31143,15530,1
31144,2425,1
31144,15319,1
31144,26506,1
31145,6539,1
31145,15108,1
31146,14897,1
31146,25241,1
31147,10566,1
31147,14686,1
31148,14475,1
31148,29817,1
31149,4890,1
31149,14264,1
31150,4210,1
31150,14053,1
31150,23399,1
31150,27055,1
31151,1515,1
31151,13842,1
31151,30072,1
31152,13631,1
31152,14885,1
31153,5217,1
31153,13420,1
31153,14186,1
31154,13209,1
31155,12998,1
31156,12787,1
31157,12576,1
31158,12365,1
31159,12154,1
31160,11943,1
31160,21879,1
31161,11732,1
31161,25210,1
31162,11521,1
31163,4641,1
31163,6739,1
31163,11310,1
31163,25882,1
31164,8468,1
31164,11099,1
31165,10888,1
31165,11368,1
31166,10677,1
31166,14459,1
31167,10466,1
31167,11643,1
31168,10255,1
31168,25661,1
31169,10044,1
31169,25942,1
31170,9833,1
31170,24230,1
31171,9622,1
31172,9411,1
31172,10079,1
31173,9200,1
31174,8989,1
31175,8778,1
31176,8567,1
31177,8356,1
31177,25343,1
31178,8145,1
31178,20359,1
31179,7934,1
31180,7723,1
31181,7512,1
31181,9919,1
31182,7301,1
31183,7090,1
31183,9007,1
31183,12922,1
31183,26809,1
31183,32183,1
31184,6879,1
31184,22395,1
31185,6668,1
31185,26772,1
31186,6457,1
31187,6246,1
31188,6035,1
31188,18111,1
31188,24039,1
31189,5824,1
31189,15008,1
31190,5613,1
31190,22183,1
31190,24307,1
31191,5402,1
31191,16789,1
31192,2950,1
31192,5191,1
31192,6588,1
31192,14380,1
31192,24483,1
31193,4980,1
31193,10301,1
31193,19896,1
31193,21552,1
31194,4769,1
31194,18121,1
31195,4558,1
31196,4347,1
31196,24121,1
31197,4136,1
31198,3925,1
31198,7782,1
31198,24186,1
31199,3714,1
31200,3503,1
31200,17765,1
31200,19462,1
31201,3292,1
31202,3081,1
31202,6003,1
31202,15440,1
31202,16441,1
31203,2870,1
31203,4962,1
31204,2659,1
31205,2448,1
31206,2237,1
31207,2026,1
31208,1815,1
31209,1604,1
31209,10824,1
31210,1393,1
31210,22094,1
31210,26345,1
31210,28640,1
31211,1182,1
31212,971,1
31212,11264,1
31213,760,1
31214,549,1
31214,24588,1
31215,338,1
31215,4860,1
31216,127,1
31217,32684,1
31218,1824,1
31218,2439,1
31218,7013,1
31218,32473,1
31219,32262,1
31220,12717,1
31220,26015,1
31220,32051,1
31221,31840,1
31222,4232,1
31222,28895,1
31222,31629,1
31223,31418,1
31224,5259,1
31224,9880,1
31224,24996,1
31224,31207,1
31225,30996,1
31226,30785,1
31227,16721,1
31227,27880,1
31227,30574,1
31228,30363,1
31229,30152,1
31230,29941,1
31231,29730,1
31232,1560,1
31232,4618,1
31232,20541,1
31232,22437,1
31232,29519,1
31232,31363,1
31233,2593,1
31233,29308,1
31234,23889,1
31234,29097,1
31234,31926,1
31235,1685,1
31235,28886,1
31236,7578,1
31236,28675,1
31237,3947,1
31237,23837,1
31237,28464,1
31238,28253,1
31239,27795,1
31239,28042,1
31240,27831,1
31241,15928,1
31241,27620,1
31242,9423,1
31242,27409,1
31242,30238,1
31243,27198,1
31244,18281,1
31244,25865,1
31244,26987,1
31244,28462,1
31245,26776,1
31246,1552,1
31246,5311,1
31246,26565,1
31247,26354,1
31248,26143,1
31249,3055,1
31249,4539,1
31249,23325,1
31249,25932,1
31250,9939,1
31250,25721,1
31251,16356,1
31251,20257,1
31251,25510,1
31252,25299,1
31253,25088,1
31253,29454,1
31254,24877,1
31255,24666,1
31255,31586,1
31256,24455,1
31257,24244,1
31258,24033,1
31259,22827,1
31259,23822,1
31259,24327,1
31259,27747,1
31260,14344,1
31260,23611,1
31260,28409,1
31261,7307,1
31261,8731,1
31261,23400,1
31262,14949,1
31262,23189,1
31263,22978,1
31263,23878,1
31264,22767,1
31265,22556,1
31266,22345,1
31267,21356,1
31267,22134,1
31267,32321,1
31268,3879,1
31268,21923,1
31269,10205,1
31269,21712,1
31270,20249,1
31270,21501,1
31271,21290,1
31272,21079,1
31273,20868,1
31274,13946,1
31274,20657,1
31275,20446,1
31275,31504,1
31276,20235,1
31277,20024,1
31278,19813,1
31278,22394,1
31279,1199,1
31279,14222,1
31279,15136,1
31279,16705,1
31279,19602,1
31280,19391,1
31280,25845,1
31281,19180,1
31281,21054,1
31282,10450,1
31282,18969,1
31282,32230,1
31283,18758,1
31284,15198,1
31284,18547,1
31284,19933,1
31285,18336,1
31286,5024,1
31286,6167,1
31286,18125,1
31287,5452,1
31287,17914,1
31288,5951,1
31288,10448,1
31288,17703,1
31288,26958,1
31289,844,1
31289,17492,1
31290,16681,1
31290,17281,1
31291,17070,1
31292,16795,1
31292,16859,1
31292,22318,1
31293,16648,1
31293,23971,1
31294,8920,1
31294,16437,1
31294,28154,1
31295,16226,1
31296,16015,1
31297,102,1
31297,7950,1
31297,11980,1
31297,15804,1
31297,31078,1
31298,5196,1
31298,15519,1
31298,15593,1
31298,16242,1
31298,23615,1
31299,15382,1
31300,15171,1
31301,3771,1
31301,14960,1
31302,14749,1
31303,14538,1
31303,22830,1
31304,11646,1
31304,14327,1
31304,17702,1
31304,32026,1
31305,14116,1
31306,9143,1
31306,13905,1
31306,25511,1
31307,13694,1
31307,15134,1
31308,13483,1
31308,27676,1
31309,13272,1
31310,13061,1
31310,23153,1
31311,12850,1
31312,12639,1
31312,31619,1
31313,12428,1
31313,13963,1
31313,16286,1
31313,30338,1
31314,12217,1
31314,21273,1
31314,24289,1
31315,5254,1
31315,9398,1
31315,12006,1
31316,11795,1
31316,19450,1
31316,31096,1
31317,11584,1
31318,11373,1
31319,11162,1
31319,25855,1
31320,4305,1
31320,9131,1
31320,10951,1
31321,3554,1
31321,10740,1
31321,23274,1
31322,6107,1
31322,10529,1
31322,16883,1
31322,25671,1
31323,10318,1
31323,16529,1
31323,23782,1
31324,4451,1
31324,10107,1
31324,22315,1
31325,9084,1
31325,9896,1
31325,25323,1
31326,9685,1
31327,9474,1
31327,11375,1
31328,9263,1
31329,5498,1
31329,9052,1
31330,7528,1
31330,8841,1
31330,14489,1
31330,19882,1
31331,6580,1
31331,8630,1
31331,12877,1
31331,31371,1
31332,8419,1
31332,15613,1
31333,8208,1
31334,7997,1
31335,7786,1
31335,30862,1
31336,7575,1
31337,7364,1
31337,18612,1
31337,24908,1
31337,32574,1
31338,4607,1
31338,7153,1
31338,20927,1
31339,6942,1
31339,11848,1
31340,6731,1
31340,10540,1
31341,189,1
31341,6520,1
31342,6309,1
31342,29428,1
31343,6098,1
31344,5887,1
31344,18660,1
31345,5676,1
31345,17363,1
31346,5465,1
31346,15025,1
31347,3802,1
31347,5251,1
31347,5254,1
31348,5043,1
31348,6958,1
31349,4832,1
31349,11251,1
31350,182,1
31350,4621,1
31350,21487,1
31350,23232,1
31351,4410,1
31352,4199,1
31353,3988,1
31354,3777,1
31355,3566,1
31355,30782,1
31356,3355,1
31356,31361,1
31357,3144,1
31357,11920,1
31358,2933,1
31359,2722,1
31360,2511,1
31360,18167,1
31360,27186,1
31361,406,1
31361,2300,1
31361,5751,1
31361,14902,1
31362,2089,1
31362,5136,1
31363,1878,1
31363,11024,1
31363,26896,1
31364,1667,1
31365,1456,1
31365,13274,1
31366,1245,1
31366,24097,1
31366,27732,1
31367,1034,1
31367,27175,1
31368,823,1
31368,18798,1
31369,612,1
31369,1133,1
31369,6518,1
31370,401,1
31371,190,1
31371,14424,1
31371,32388,1
31372,26590,1
31372,32747,1
31373,32536,1
31374,12376,1
31374,23877,1
31374,32325,1
31375,1746,1
31375,32114,1
31376,24561,1
31376,31903,1
31377,8559,1
31377,31692,1
31378,31481,1
31379,31270,1
31380,28455,1
31380,31059,1
31381,30848,1
31382,30637,1
31383,30426,1
31384,30215,1
31385,30004,1
31386,16886,1
31386,29793,1
31387,29582,1
31388,29371,1
31389,29160,1
31390,28949,1
31391,1805,1
31391,9567,1
31391,28738,1
31392,12961,1
31392,26484,1
31392,28527,1
31393,9255,1
31393,12591,1
31393,28316,1
31393,28824,1
31394,21524,1
31394,28105,1
31395,7280,1
31395,27894,1
31396,27683,1
31397,27472,1
31398,27261,1
31398,31991,1
31399,27050,1
31400,26839,1
31401,1583,1
31401,9151,1
31401,26628,1
31402,25616,1
31402,26417,1
31403,13409,1
31403,25531,1
31403,26206,1
31404,25995,1
31405,16150,1
31405,25784,1
31406,25573,1
31407,24575,1
31407,25362,1
31408,8197,1
31408,17001,1
31408,25151,1
31409,4439,1
31409,24940,1
31410,24729,1
31411,24518,1
31412,24307,1
31412,26888,1
31412,32018,1
31413,24096,1
31414,2930,1
31414,21175,1
31414,23885,1
31415,23674,1
31416,14772,1
31416,23463,1
31416,24947,1
31417,13025,1
31417,23252,1
31418,23041,1
31419,11409,1
31419,11416,1
31419,22830,1
31420,22619,1
31421,17377,1
31421,22408,1
31422,22197,1
31423,21447,1
31423,21986,1
31424,11117,1
31424,14343,1
31424,21775,1
31424,23808,1
31424,28451,1
31425,188,1
31425,21564,1
31425,28065,1
31426,15114,1
31426,21353,1
31427,4307,1
31427,6068,1
31427,21142,1
31428,20931,1
31429,15886,1
31429,20720,1
31430,20509,1
31431,12996,1
31431,20298,1
31431,24126,1
31432,11648,1
31432,20087,1
31433,19876,1
31433,22249,1
31434,10629,1
31434,15775,1
31434,16314,1
31434,19665,1
31435,19454,1
31436,19243,1
31437,19032,1
31438,18821,1
31439,18610,1
31440,4470,1
31440,6202,1
31440,11430,1
31440,18399,1
31441,5938,1
31441,8517,1
31441,18188,1
31442,12438,1
31442,17977,1
31443,17766,1
31443,31285,1
31443,31686,1
31444,17555,1
31445,17344,1
31445,26016,1
31446,17133,1
31447,16922,1
31447,23180,1
31448,16711,1
31449,16500,1
31449,22656,1
31450,3634,1
31450,16289,1
31451,16078,1
31451,18196,1
31451,31636,1
31452,15867,1
31452,16412,1
31452,30685,1
31453,14959,1
31453,15656,1
31454,8784,1
31454,15445,1
31454,18628,1
31455,6138,1
31455,15234,1
31456,15023,1
31457,14812,1
31457,19383,1
31457,25561,1
31457,26962,1
31458,13075,1
31458,14601,1
31458,20408,1
31458,29356,1
31459,14390,1
31460,14179,1
31461,11602,1
31461,13968,1
31461,29426,1
31462,9907,1
31462,10893,1
31462,10954,1
31462,13757,1
31462,20386,1
31462,32403,1
31463,7697,1
31463,13546,1
31463,30675,1
31464,4043,1
31464,13335,1
31464,25475,1
31464,30818,1
31465,13124,1
31465,13808,1
31466,12913,1
31467,12702,1
31467,13908,1
31468,12491,1
31469,12280,1
31469,18658,1
31470,12069,1
31470,19368,1
31471,11858,1
31472,11647,1
31472,17729,1
31473,11436,1
31473,15105,1
31474,8036,1
31474,11225,1
31474,24582,1
31474,32518,1
31475,11014,1
31476,10803,1
31477,10592,1
31478,10381,1
31479,10170,1
31479,20494,1
31480,9959,1
31480,30026,1
31481,416,1
31481,9748,1
31481,12585,1
31481,22277,1
31482,9537,1
31483,9326,1
31484,8650,1
31484,9115,1
31485,8904,1
31486,1082,1
31486,8693,1
31487,8482,1
31488,8271,1
31489,8060,1
31489,19689,1
31490,7849,1
31491,1334,1
31491,7080,1
31491,7638,1
31491,18006,1
31492,7427,1
31493,7216,1
31493,7232,1
31493,31323,1
31493,32488,1
31494,7005,1
31495,6794,1
31495,25889,1
31496,6583,1
31496,13378,1
31497,6372,1
31497,21000,1
31498,6161,1
31498,32519,1
31499,5950,1
31499,18609,1
31500,1414,1
31500,5739,1
31501,5528,1
31502,5317,1
31502,8164,1
31503,5106,1
31503,26078,1
31504,4895,1
31505,4684,1
31505,5542,1
31505,10018,1
31505,20221,1
31506,4473,1
31506,5353,1
31507,4262,1
31507,7339,1
31508,4051,1
31509,3840,1
31509,4800,1
31509,12305,1
31509,20508,1
31510,3629,1
31511,3418,1
31512,3126,1
31512,3207,1
31512,11201,1
31513,2996,1
31513,23262,1
31514,2785,1
31514,16115,1
31514,26490,1
31515,2574,1
31515,26130,1
31516,2363,1
31516,3575,1
31516,9786,1
31517,2152,1
31518,1941,1
31519,1730,1
31519,11661,1
31520,1519,1
31521,1308,1
31522,1097,1
31523,886,1
31523,8739,1
31524,675,1
31525,464,1
31525,9294,1
31525,14803,1
31525,23205,1
31526,253,1
31527,42,1
31527,28798,1
31528,29875,1
31528,32599,1
31529,87,1
31529,32388,1
31530,3603,1
31530,32177,1
31531,23612,1
31531,31966,1
31532,27491,1
31532,31755,1
31533,20404,1
31533,31544,1
31534,17664,1
31534,31333,1
31535,31122,1
31536,30911,1
31537,30700,1
31537,31848,1
31538,30489,1
31539,30278,1
31540,2235,1
31540,30067,1
31541,29856,1
31542,29645,1
31543,29434,1
31544,15216,1
31544,29223,1
31545,12258,1
31545,29012,1
31546,28801,1
31546,29736,1
31547,23783,1
31547,28590,1
31548,15862,1
31548,28379,1
31549,2139,1
31549,28168,1
31550,1683,1
31550,23739,1
31550,24458,1
31550,27341,1
31550,27957,1
31551,4086,1
31551,27746,1
31551,32315,1
31552,27535,1
31553,27324,1
31554,22478,1
31554,27113,1
31555,26902,1
31555,29276,1
31556,26691,1
31557,26480,1
31558,10166,1
31558,20735,1
31558,23225,1
31558,26269,1
31559,8313,1
31559,26058,1
31560,12054,1
31560,13478,1
31560,25847,1
31561,25059,1
31561,25636,1
31562,25425,1
31563,25214,1
31564,25003,1
31564,27067,1
31565,24792,1
31566,11760,1
31566,20260,1
31566,24581,1
31566,32554,1
31567,24370,1
31568,24159,1
31569,17331,1
31569,23948,1
31570,23737,1
31571,20816,1
31571,23526,1
31572,23315,1
31573,23104,1
31574,22893,1
31575,20609,1
31575,22682,1
31576,19321,1
31576,22471,1
31577,15123,1
31577,22260,1
31578,8337,1
31578,11281,1
31578,22049,1
31579,3784,1
31579,4744,1
31579,8291,1
31579,11357,1
31579,16373,1
31579,21838,1
31580,21627,1
31580,26823,1
31581,10537,1
31581,21416,1
31582,21205,1
31582,25857,1
31583,17587,1
31583,20994,1
31584,8983,1
31584,20783,1
31585,11196,1
31585,20572,1
31586,8790,1
31586,20361,1
31587,20150,1
31588,9849,1
31588,19939,1
31589,9530,1
31589,10332,1
31589,10386,1
31589,19728,1
31590,19517,1
31591,12244,1
31591,19306,1
31592,11396,1
31592,19095,1
31592,32530,1
31593,18884,1
31594,18673,1
31595,2986,1
31595,18462,1
31596,18251,1
31596,25165,1
31597,18040,1
31598,17829,1
31598,27970,1
31599,13111,1
31599,16924,1
31599,17618,1
31599,18207,1
31600,15492,1
31600,17407,1
31601,4950,1
31601,17196,1
31602,2162,1
31602,16985,1
31602,21168,1
31603,2095,1
31603,12077,1
31603,16774,1
31604,16563,1
31605,16352,1
31606,16141,1
31607,1302,1
31607,15930,1
31608,15719,1
31609,15508,1
31609,24804,1
31610,13457,1
31610,15297,1
31611,2569,1
31611,15086,1
31612,14875,1
31612,19100,1
31613,12656,1
31613,14664,1
31614,1744,1
31614,14453,1
31615,5593,1
31615,14242,1
31616,14031,1
31617,13820,1
31617,13949,1
31617,26599,1
31618,13609,1
31619,13398,1
31620,13187,1
31620,14266,1
31621,12976,1
31621,15306,1
31621,17203,1
31621,26079,1
31622,12765,1
31623,12554,1
31624,12343,1
31625,12132,1
31625,20557,1
31626,11921,1
31626,28982,1
31627,11710,1
31628,11499,1
31628,20248,1
31629,11288,1
31630,11077,1
31631,10866,1
31631,11893,1
31632,1500,1
31632,10655,1
31632,20379,1
31633,1860,1
31633,10444,1
31633,32408,1
31634,10233,1
31634,14587,1
31634,16909,1
31635,10022,1
31636,9811,1
31637,9600,1
31637,10910,1
31638,2044,1
31638,4581,1
31638,9389,1
31639,9178,1
31640,8967,1
31641,8756,1
31641,11824,1
31641,32557,1
31642,4558,1
31642,8545,1
31643,8334,1
31643,22327,1
31644,8123,1
31644,25829,1
31645,3932,1
31645,7912,1
31645,20454,1
31646,7701,1
31647,7490,1
31647,13670,1
31647,19756,1
31648,4019,1
31648,7279,1
31649,7068,1
31650,6857,1
31651,2192,1
31651,6646,1
31652,3443,1
31652,4657,1
31652,6435,1
31653,6224,1
31653,15428,1
31653,15446,1
31653,16402,1
31654,4327,1
31654,6013,1
31654,20153,1
31655,5802,1
31655,10517,1
31656,5591,1
31657,5380,1
31657,16081,1
31658,5169,1
31658,22506,1
31659,4958,1
31659,12344,1
31659,29002,1
31660,4747,1
31660,7671,1
31661,4536,1
31661,24692,1
31662,4325,1
31662,32420,1
31663,4114,1
31663,21389,1
31664,3903,1
31665,3692,1
31665,4450,1
31665,5437,1
31665,7396,1
31666,3481,1
31666,21008,1
31667,3270,1
31668,2172,1
31668,3059,1
31669,2848,1
31669,9787,1
31670,2637,1
31671,2426,1
31671,10642,1
31672,2215,1
31673,2004,1
31673,4434,1
31674,1793,1
31674,20742,1
31675,1582,1
31675,5295,1
31676,1371,1
31676,13264,1
31677,1160,1
31677,2285,1
31677,18248,1
31678,949,1
31679,738,1
31679,25211,1
31680,257,1
31680,527,1
31680,27409,1
31681,316,1
31681,28131,1
31682,105,1
31682,8012,1
31683,1660,1
31683,6360,1
31683,30587,1
31683,32662,1
31684,1028,1
31684,7020,1
31684,32451,1
31685,32240,1
31686,9101,1
31686,16608,1
31686,32029,1
31687,14589,1
31687,19843,1
31687,31818,1
31688,21211,1
31688,31607,1
31689,31396,1
31690,4077,1
31690,7847,1
31690,27550,1
31690,31185,1
31691,25369,1
31691,30974,1
31691,31947,1
31692,30169,1
31692,30763,1
31693,19793,1
31693,25012,1
31693,30552,1
31694,15031,1
31694,30341,1
31695,30130,1
31696,29919,1
31697,23635,1
31697,28769,1
31697,29708,1
31698,29497,1
31698,31721,1
31699,9404,1
31699,27108,1
31699,29286,1
31700,29075,1
31701,28864,1
31702,28653,1
31703,28442,1
31704,28231,1
31704,31831,1
31705,23513,1
31705,28020,1
31706,27809,1
31707,27598,1
31708,27387,1
31709,27176,1
31710,26291,1
31710,26965,1
31711,26754,1
31712,3663,1
31712,9525,1
31712,26543,1
31713,26332,1
31713,27213,1
31714,16405,1
31714,21036,1
31714,26121,1
31714,31737,1
31715,9663,1
31715,25910,1
31716,24395,1
31716,25699,1
31717,11730,1
31717,25488,1
31717,25976,1
31718,25277,1
31718,29467,1
31719,4217,1
31719,11973,1
31719,20568,1
31719,25066,1
31720,4285,1
31720,24855,1
31721,44,1
31721,24644,1
31722,24433,1
31723,22938,1
31723,24222,1
31724,24011,1
31725,23800,1
31726,23589,1
31727,14328,1
31727,23378,1
31728,2505,1
31728,23167,1
31729,22956,1
31730,10991,1
31730,22745,1
31731,22534,1
31732,22323,1
31733,4920,1
31733,22112,1
31734,16232,1
31734,21901,1
31735,21690,1
31736,21479,1
31737,21268,1
31738,21057,1
31739,17951,1
31739,18665,1
31739,20846,1
31739,29005,1
31740,11482,1
31740,20635,1
31741,20424,1
31741,24312,1
31741,24689,1
31742,20213,1
31742,27003,1
31743,20002,1
31743,28310,1
31744,19791,1
31744,31070,1
31745,13203,1
31745,19580,1
31746,3257,1
31746,19369,1
31747,19158,1
31748,18947,1
31749,11955,1
31749,18736,1
31749,26788,1
31750,9359,1
31750,18525,1
31751,2594,1
31751,11758,1
31751,18314,1
31752,18103,1
31752,20495,1
31753,17892,1
31754,7025,1
31754,17681,1
31755,17470,1
31755,28205,1
31756,17259,1
31757,4908,1
31757,5569,1
31757,17048,1
31757,21428,1
31758,16837,1
31758,18626,1
31759,413,1
31759,16626,1
31760,13930,1
31760,16415,1
31761,16204,1
31762,15993,1
31763,15782,1
31763,31447,1
31764,14516,1
31764,15571,1
31765,15360,1
31766,15149,1
31766,16747,1
31766,27719,1
31767,14938,1
31768,2382,1
31768,14727,1
31769,14516,1
31770,14305,1
31770,26906,1
31771,14094,1
31772,13883,1
31773,3592,1
31773,13672,1
31773,30777,1
31774,13461,1
31774,26902,1
31774,32395,1
31775,13250,1
31775,22831,1
31776,2632,1
31776,13039,1
31776,30727,1
31777,12828,1
31778,12617,1
31779,5098,1
31779,12406,1
31780,12195,1
31780,16992,1
31781,7619,1
31781,11984,1
31782,11773,1
31782,28224,1
31783,11562,1
31783,12712,1
31784,11351,1
31785,11140,1
31785,11839,1
31785,14478,1
31786,10929,1
31787,10718,1
31787,19072,1
31787,25603,1
31787,26436,1
31788,10507,1
31788,15432,1
31789,10296,1
31789,25330,1
31789,27551,1
31790,10085,1
31791,9874,1
31792,9663,1
31793,9452,1
31794,9241,1
31794,17944,1
31795,9030,1
31796,8819,1
31796,20040,1
31797,8608,1
31798,8397,1
31799,8186,1
31800,7975,1
31801,7764,1
31802,5067,1
31802,7553,1
31802,13752,1
31803,7342,1
31804,7131,1
31804,13798,1
31804,16424,1
31805,982,1
31805,6920,1
31806,316,1
31806,6709,1
31807,6498,1
31807,9893,1
31808,5440,1
31808,6287,1
31808,13035,1
31809,2359,1
31809,6076,1
31809,13558,1
31810,5865,1
31810,9769,1
31810,15692,1
31810,16704,1
31811,5654,1
31812,5443,1
31813,5232,1
31814,5021,1
31814,20038,1
31814,29612,1
31815,4810,1
31816,4599,1
31817,4388,1
31817,7317,1
31818,4177,1
31818,24292,1
31818,25444,1
31819,3966,1
31819,26324,1
31820,3755,1
31821,3544,1
31821,18252,1
31822,3333,1
31822,19075,1
31823,3122,1
31823,15877,1
31824,2911,1
31825,2700,1
31826,2489,1
31827,2278,1
31827,30562,1
31828,2067,1
31828,15472,1
31829,702,1
31829,1856,1
31830,1645,1
31830,9602,1
31830,22531,1
31830,22941,1
31830,27474,1
31831,1434,1
31832,1223,1
31832,10249,1
31832,11137,1
31832,27122,1
31833,1012,1
31834,801,1
31835,590,1
31835,10265,1
31835,23590,1
31836,379,1
31837,168,1
31837,6299,1
31837,32157,1
31838,19192,1
31838,22076,1
31838,32725,1
31839,32514,1
31840,17302,1
31840,32303,1
31841,32092,1
31842,6169,1
31842,31881,1
31843,31670,1
31844,27825,1
31844,31459,1
31845,31248,1
31846,28325,1
31846,31037,1
31847,19571,1
31847,30826,1
31848,8101,1
31848,28301,1
31848,30615,1
31849,30404,1
31849,32098,1
31850,12100,1
31850,18080,1
31850,22529,1
31850,28357,1
31850,30193,1
31851,29982,1
31852,6773,1
31852,29771,1
31853,133,1
31853,16375,1
31853,19816,1
31853,27563,1
31853,29560,1
31854,29349,1
31855,29138,1
31856,28927,1
31857,18437,1
31857,28716,1
31858,28505,1
31859,10838,1
31859,28294,1
31860,17749,1
31860,26879,1
31860,28083,1
31861,27872,1
31862,27661,1
31862,32162,1
31863,27450,1
31864,27239,1
31865,27028,1
31866,24536,1
31866,26817,1
31867,8315,1
31867,14503,1
31867,26606,1
31868,26395,1
31869,5803,1
31869,8133,1
31869,26184,1
31870,25973,1
31871,153,1
31871,17566,1
31871,25762,1
31871,28984,1
31872,1237,1
31872,25551,1
31873,25340,1
31874,25129,1
31875,5435,1
31875,24918,1
31876,24707,1
31876,27292,1
31877,577,1
31877,24496,1
31878,7644,1
31878,24285,1
31879,3136,1
31879,24074,1
31880,23863,1
31881,8135,1
31881,13648,1
31881,23652,1
31882,11766,1
31882,23441,1
31883,3306,1
31883,23230,1
31884,23019,1
31884,24122,1
31885,22808,1
31886,16899,1
31886,22597,1
31886,28491,1
31887,22386,1
31888,11037,1
31888,22175,1
31889,115,1
31889,21964,1
31890,8262,1
31890,21753,1
31890,23531,1
31891,21542,1
31892,7628,1
31892,15540,1
31892,21331,1
31893,14263,1
31893,21120,1
31893,29768,1
31894,20909,1
31895,20698,1
31896,3988,1
31896,15707,1
31896,20487,1
31897,20276,1
31898,20065,1
31898,27012,1
31899,14444,1
31899,19854,1
31900,19643,1
31900,24847,1
31900,31732,1
31901,19432,1
31901,21070,1
31902,17232,1
31902,19221,1
31903,16828,1
31903,19010,1
31904,5920,1
31904,18799,1
31905,18312,1
31905,18588,1
31906,4763,1
31906,16300,1
31906,18377,1
31907,3925,1
31907,18166,1
31908,17955,1
31908,24900,1
31908,32756,1
31909,17744,1
31909,18806,1
31909,24283,1
31909,32563,1
31910,17150,1
31910,17533,1
31911,17322,1
31911,18467,1
31912,17111,1
31912,25824,1
31913,4295,1
31913,16900,1
31913,20657,1
31913,22111,1
31914,16689,1
31915,16478,1
31916,16267,1
31916,27948,1
31917,16056,1
31917,16144,1
31917,16267,1
31917,17436,1
31918,15845,1
31919,15634,1
31920,7607,1
31920,15423,1
31921,15212,1
31921,22952,1
31922,15001,1
31923,14790,1
31923,24950,1
31923,29236,1
31924,14579,1
31925,14368,1
31926,14157,1
31926,21738,1
31927,13946,1
31927,19059,1
31928,3396,1
31928,7169,1
31928,13735,1
31928,18363,1
31929,9636,1
31929,13524,1
31930,13313,1
31931,13102,1
31932,11927,1
31932,12891,1
31933,12680,1
31933,18606,1
31934,9905,1
31934,12469,1
31935,12143,1
31935,12258,1
31935,24243,1
31936,12047,1
31937,10955,1
31937,11836,1
31938,11625,1
31938,19782,1
31939,11414,1
31939,32081,1
31940,11203,1
31940,28608,1
31941,10992,1
31942,6478,1
31942,10781,1
31943,10570,1
31943,15131,1
31944,10359,1
31945,10148,1
31945,20086,1
31945,24565,1
31945,30304,1
31946,8868,1
31946,9937,1
31946,22075,1
31947,382,1
31947,9726,1
31948,9515,1
31948,10256,1
31948,27969,1
31949,9304,1
31949,14876,1
31949,15791,1
31949,29627,1
31950,9093,1
31950,17457,1
31951,8882,1
31952,8671,1
31953,8460,1
31954,8249,1
31955,8038,1
31956,7827,1
31956,12916,1
31957,7616,1
31957,18246,1
31958,1158,1
31958,7405,1
31958,22449,1
31959,5278,1
31959,7194,1
31959,27118,1
31960,6983,1
31960,9648,1
31960,31417,1
31961,6772,1
31962,469,1
31962,6561,1
31962,30713,1
31963,6350,1
31963,11486,1
31964,4897,1
31964,6139,1
31965,5928,1
31966,5717,1
31967,5506,1
31967,5725,1
31968,3187,1
31968,5295,1
31968,19168,1
31969,5084,1
31969,23137,1
31970,4873,1
31970,7787,1
31971,4662,1
31972,4451,1
31972,27525,1
31973,4240,1
31973,25577,1
31973,29128,1
31974,4029,1
31974,22543,1
31975,1747,1
31975,3818,1
31976,3607,1
31976,12803,1
31977,3396,1
31978,1428,1
31978,3185,1
31979,2974,1
31979,3521,1
31980,2763,1
31981,2552,1
31981,22240,1
31982,2341,1
31982,10130,1
31982,28517,1
31983,2130,1
31984,1919,1
31985,1708,1
31986,1497,1
31986,14341,1
31987,1286,1
31987,26839,1
31988,1075,1
31988,28679,1
31989,864,1
31990,653,1
31990,25550,1
31991,442,1
31992,231,1
31992,19941,1
31993,20,1
31994,32577,1
31995,13646,1
31995,22843,1
31995,32366,1
31996,32155,1
31997,31944,1
31998,31733,1
31999,31522,1
32000,6528,1
32000,31311,1
32001,2504,1
32001,5382,1
32001,9862,1
32001,11693,1
32001,31100,1
32002,30889,1
32003,24110,1
32003,30678,1
32004,27439,1
32004,30467,1
32005,3281,1
32005,30256,1
32006,30045,1
32007,29834,1
32008,14662,1
32008,29623,1
32009,29412,1
32010,29201,1
32011,28990,1
32012,23146,1
32012,28779,1
32013,7780,1
32013,28568,1
32014,28357,1
32015,28146,1
32015,31887,1
32016,27935,1
32016,31681,1
32017,27724,1
32018,14819,1
32018,27513,1
32019,27302,1
32020,20006,1
32020,27091,1
32021,25558,1
32021,26880,1
32021,29472,1
32022,26669,1
32023,26458,1
32023,28868,1
32024,4111,1
32024,26247,1
32025,23537,1
32025,26036,1
32026,22658,1
32026,25825,1
32027,9501,1
32027,25614,1
32028,25403,1
32029,25192,1
32030,14195,1
32030,24981,1
32030,25672,1
32031,24770,1
32032,1147,1
32032,1492,1
32032,11350,1
32032,24559,1
32033,24348,1
32034,15585,1
32034,24137,1
32035,23926,1
32035,29029,1
32036,5692,1
32036,9163,1
32036,23715,1
32037,23504,1
32038,23293,1
32039,5986,1
32039,23082,1
32040,22871,1
32041,22660,1
32041,31278,1
32042,6437,1
32042,22449,1
32043,15051,1
32043,22238,1
32044,14102,1
32044,22027,1
32045,21816,1
32046,7421,1
32046,21605,1
32047,15225,1
32047,21394,1
32048,21183,1
32049,7711,1
32049,20972,1
32050,5293,1
32050,20761,1
32051,20550,1
32051,26389,1
32052,20339,1
32052,21244,1
32052,29481,1
32053,9538,1
32053,20128,1
32054,19917,1
32055,13583,1
32055,19706,1
32055,22556,1
32056,3134,1
32056,19495,1
32057,4590,1
32057,5257,1
32057,16885,1
32057,19284,1
32058,19073,1
32059,18862,1
32060,1345,1
32060,13062,1
32060,18651,1
32061,18440,1
32062,17543,1
32062,18229,1
32062,18418,1
32063,8744,1
32063,9436,1
32063,18018,1
32063,30795,1
32064,17807,1
32065,17596,1
32066,17385,1
32066,31983,1
32067,17174,1
32068,6668,1
32068,16963,1
32069,16752,1
32070,7873,1
32070,16541,1
32071,16330,1
32071,25557,1
32072,16119,1
32072,22402,1
32072,30551,1
32073,2988,1
32073,12406,1
32073,15908,1
32073,19182,1
32074,15697,1
32075,15486,1
32076,15275,1
32077,15064,1
32077,26207,1
32078,14853,1
32078,18963,1
32079,14642,1
32080,14431,1
32081,317,1
32081,14220,1
32082,14009,1
32082,16196,1
32082,19991,1
32083,13798,1
32084,13587,1
32084,25842,1
32085,10179,1
32085,13376,1
32085,17118,1
32086,13165,1
32086,31472,1
32087,12612,1
32087,12954,1
32088,12743,1
32089,12532,1
32090,12321,1
32091,12110,1
32092,11899,1
32092,19889,1
32092,27901,1
32092,29616,1
32093,11688,1
32094,2786,1
32094,11477,1
32094,16044,1
32094,21287,1
32095,11266,1
32096,7643,1
32096,11055,1
32097,10844,1
32097,18894,1
32097,24220,1
32098,10633,1
32099,10422,1
32100,9534,1
32100,10211,1
32100,29944,1
32101,1077,1
32101,10000,1
32101,32336,1
32102,9789,1
32103,9578,1
32104,9367,1
32104,15726,1
32104,21998,1
32105,54,1
32105,9156,1
32106,8945,1
32106,13308,1
32106,27389,1
32106,31860,1
32107,478,1
32107,8734,1
32107,30057,1
32108,8523,1
32108,28291,1
32109,89,1
32109,2463,1
32109,8312,1
32109,24000,1
32110,8101,1
32111,3764,1
32111,7890,1
32112,7679,1
32113,7468,1
32113,17650,1
32114,7257,1
32115,7046,1
32115,13848,1
32115,14209,1
32116,4194,1
32116,6835,1
32116,23437,1
32117,347,1
32117,6624,1
32117,11360,1
32118,6413,1
32118,16872,1
32119,6202,1
32119,7518,1
32120,5064,1
32120,5991,1
32121,5780,1
32121,16298,1
32121,21052,1
32122,5569,1
32123,5358,1
32123,15281,1
32123,18870,1
32124,1470,1
32124,5147,1
32125,4936,1
32126,4725,1
32126,24702,1
32127,4514,1
32127,13057,1
32128,4303,1
32128,4382,1
32129,4092,1
32130,3881,1
32130,18212,1
32131,3670,1
32132,3459,1
32132,5919,1
32132,12637,1
32132,14253,1
32132,16935,1
32132,19230,1
32133,3248,1
32133,30400,1
32134,3037,1
32134,7967,1
32134,27484,1
32134,31045,1
32135,2826,1
32135,15353,1
32135,16014,1
32136,2615,1
32137,2404,1
32137,5558,1
32137,24676,1
32138,2193,1
32139,1982,1
32140,1771,1
32140,9879,1
32141,1560,1
32142,1349,1
32142,26568,1
32143,1138,1
32144,927,1
32145,716,1
32146,505,1
32146,4898,1
32146,14063,1
32146,17916,1
32147,294,1
32147,691,1
32147,19920,1
32148,83,1
32148,1421,1
32149,4490,1
32149,7598,1
32149,20629,1
32149,32640,1
32150,3069,1
32150,5547,1
32150,7808,1
32150,32429,1
32151,32218,1
32152,9517,1
32152,32007,1
32153,31796,1
32154,20421,1
32154,31585,1
32155,31374,1
32156,31163,1
32157,2026,1
32157,30952,1
32158,5787,1
32158,8140,1
32158,30741,1
32159,14233,1
32159,30530,1
32160,30319,1
32161,30108,1
32162,9995,1
32162,29897,1
32163,24276,1
32163,29686,1
32164,29475,1
32165,29264,1
32166,22864,1
32166,29053,1
32167,28842,1
32168,1988,1
32168,28631,1
32169,1767,1
32169,28420,1
32170,18971,1
32170,24540,1
32170,28209,1
32171,11590,1
32171,18132,1
32171,27998,1
32172,20042,1
32172,27787,1
32173,3842,1
32173,27576,1
32174,27365,1
32175,692,1
32175,19666,1
32175,27154,1
32176,4613,1
32176,26943,1
32177,8430,1
32177,9564,1
32177,26732,1
32178,2739,1
32178,5990,1
32178,26521,1
32179,16604,1
32179,26310,1
32180,17739,1
32180,26099,1
32181,25888,1
32181,26311,1
32182,25677,1
32183,25466,1
32184,11010,1
32184,25255,1
32185,25044,1
32186,24833,1
32187,24622,1
32187,31131,1
32188,19122,1
32188,23735,1
32188,24411,1
32188,28073,1
32189,24200,1
32190,23989,1
32190,26449,1
32190,30921,1
32191,7488,1
32191,23778,1
32192,23567,1
32193,15739,1
32193,22212,1
32193,23356,1
32193,30264,1
32194,2156,1
32194,23145,1
32195,14656,1
32195,22934,1
32196,9908,1
32196,22723,1
32197,22512,1
32198,4489,1
32198,11248,1
32198,22301,1
32199,13511,1
32199,22090,1
32199,32063,1
32200,14093,1
32200,21879,1
32200,23420,1
32201,21668,1
32202,21457,1
32203,15184,1
32203,19797,1
32203,21246,1
32204,21035,1
32205,20824,1
32206,10194,1
32206,20613,1
32206,29232,1
32207,20402,1
32208,5715,1
32208,20191,1
32209,19980,1
32209,22701,1
32209,24558,1
32210,19769,1
32211,3936,1
32211,19558,1
32212,3686,1
32212,19347,1
32212,31157,1
32212,31610,1
32213,19136,1
32214,18925,1
32214,20067,1
32215,735,1
32215,4169,1
32215,18714,1
32215,31809,1
32216,12683,1
32216,18503,1
32216,25398,1
32217,18292,1
32217,23462,1
32218,18081,1
32218,19653,1
32218,25716,1
32219,17870,1
32220,5759,1
32220,17659,1
32221,17448,1
32222,17237,1
32223,7069,1
32223,17026,1
32223,24083,1
32224,4323,1
32224,16815,1
32224,25367,1
32225,7061,1
32225,16604,1
32225,22610,1
32226,16393,1
32227,16182,1
32228,15971,1
32228,26854,1
32229,15760,1
32230,15549,1
32231,15338,1
32232,15127,1
32233,14916,1
32233,29464,1
32234,14705,1
32235,14494,1
32236,14283,1
32237,4643,1
32237,14072,1
32238,13861,1
32238,24769,1
32239,13650,1
32240,8701,1
32240,13439,1
32240,28910,1
32241,13228,1
32241,28710,1
32242,13017,1
32242,17518,1
32242,24983,1
32243,12806,1
32243,24783,1
32244,12595,1
32244,14883,1
32244,25710,1
32245,12384,1
32246,12173,1
32247,3504,1
32247,11962,1
32247,25043,1
32248,11751,1
32248,31227,1
32249,1222,1
32249,11540,1
32250,11329,1
32250,16919,1
32251,11118,1
32252,10907,1
32253,10696,1
32253,12411,1
32254,10485,1
32255,10274,1
32256,10063,1
32257,8028,1
32257,9852,1
32257,28082,1
32258,9641,1
32258,29950,1
32259,9430,1
32260,9219,1
32260,16342,1
32261,9008,1
32261,13868,1
32261,14369,1
32261,15684,1
32262,4240,1
32262,6812,1
32262,8797,1
32263,8586,1
32263,23413,1
32264,8375,1
32265,2770,1
32265,3522,1
32265,8164,1
32265,28727,1
32265,31341,1
32266,7953,1
32267,7742,1
32267,19775,1
32268,7531,1
32268,28190,1
32269,4713,1
32269,7320,1
32269,14790,1
32270,7109,1
32270,10084,1
32271,6382,1
32271,6898,1
32271,20166,1
32272,6687,1
32272,16777,1
32272,23631,1
32273,6476,1
32274,6265,1
32275,6054,1
32276,4082,1
32276,5843,1
32276,24696,1
32277,4918,1
32277,5632,1
32278,5421,1
32279,5210,1
32279,28332,1
32280,4999,1
32280,5642,1
32280,20607,1
32281,2325,1
32281,3324,1
32281,4788,1
32281,26183,1
32282,4577,1
32283,4366,1
32284,4155,1
32284,25733,1
32284,29694,1
32284,31631,1
32285,3944,1
32286,3733,1
32286,26134,1
32287,3522,1
32288,498,1
32288,3311,1
32289,3100,1
32290,2889,1
32290,7898,1
32290,30768,1
32291,2678,1
32292,2467,1
32292,13284,1
32292,27379,1
32292,32406,1
32293,2256,1
32293,18206,1
32294,2045,1
32294,16357,1
32295,1834,1
32296,1623,1
32296,2915,1
32296,13556,1
32297,1412,1
32297,21405,1
32298,1201,1
32298,21765,1
32299,990,1
32299,17568,1
32300,779,1
32300,23377,1
32301,568,1
32302,357,1
32302,4806,1
32302,7956,1
32303,146,1
32303,10310,1
32303,21468,1
32304,9208,1
32304,13890,1
32304,14014,1
32304,15478,1
32304,18124,1
32304,32703,1
32305,6240,1
32305,17233,1
32305,22839,1
32305,32492,1
32306,5610,1
32306,24468,1
32306,32281,1
32307,17935,1
32307,18812,1
32307,32070,1
32308,31859,1
32309,2401,1
32309,31648,1
32310,29500,1
32310,31437,1
32311,31226,1
32312,30875,1
32312,31015,1
32312,31760,1
32313,2122,1
32313,20783,1
32313,22716,1
32313,30804,1
32314,20338,1
32314,30593,1
32315,18989,1
32315,21963,1
32315,24959,1
32315,30382,1
32316,28311,1
32316,30171,1
32316,30222,1
32317,29960,1
32318,27768,1
32318,29749,1
32319,10976,1
32319,29538,1
32320,29327,1
32321,16278,1
32321,16744,1
32321,29116,1
32322,28905,1
32323,13,1
32323,10987,1
32323,28694,1
32324,28483,1
32324,31891,1
32325,28272,1
32326,7646,1
32326,13767,1
32326,20830,1
32326,28061,1
32327,27850,1
32328,20416,1
32328,25769,1
32328,27639,1
32329,22662,1
32329,27428,1
32330,4202,1
32330,12575,1
32330,12700,1
32330,27217,1
32331,27006,1
32331,31075,1
32332,12093,1
32332,26795,1
32332,29032,1
32333,2191,1
32333,26584,1
32333,26648,1
32334,26373,1
32335,26162,1
32335,30679,1
32336,17923,1
32336,25951,1
32337,4703,1
32337,11484,1
32337,25740,1
32338,25529,1
32339,4105,1
32339,25318,1
32339,29914,1
32340,19419,1
32340,25107,1
32341,24896,1
32341,32293,1
32342,24685,1
32343,5007,1
32343,24474,1
32344,13532,1
32344,24263,1
32345,14603,1
32345,24052,1
32346,13417,1
32346,23841,1
32346,25916,1
32347,23630,1
32348,23419,1
32349,2299,1
32349,23208,1
32350,22997,1
32350,31038,1
32351,22786,1
32352,22575,1
32353,18913,1
32353,22364,1
32354,18273,1
32354,22153,1
32355,21942,1
32356,432,1
32356,4144,1
32356,17870,1
32356,20866,1
32356,21731,1
32356,28618,1
32357,21520,1
32358,7031,1
32358,21309,1
32359,8887,1
32359,21098,1
32360,14452,1
32360,20887,1
32361,20676,1
32362,10248,1
32362,20465,1
32363,20254,1
32363,23867,1
32364,812,1
32364,6663,1
32364,20043,1
32364,24661,1
32364,26557,1
32365,19832,1
32366,19621,1
32367,19410,1
32367,22988,1
32368,6825,1
32368,18949,1
32368,19199,1
32368,32088,1
32369,18988,1
32369,31647,1
32370,18777,1
32371,8783,1
32371,18566,1
32372,5198,1
32372,18355,1
32373,10374,1
32373,18144,1
32374,17933,1
32375,17722,1
32376,17511,1
32376,21429,1
32377,17300,1
32378,15855,1
32378,17089,1
32379,16395,1
32379,16878,1
32380,16667,1
32381,16456,1
32382,12755,1
32382,16245,1
32382,17863,1
32383,603,1
32383,16034,1
32383,18096,1
32383,29913,1
32384,15823,1
32385,15612,1
32385,21763,1
32386,15401,1
32387,15190,1
32388,14979,1
32389,14768,1
32390,1557,1
32390,14557,1
32390,23122,1
32390,29673,1
32391,14346,1
32391,16408,1
32392,14135,1
32393,5183,1
32393,6716,1
32393,13924,1
32394,7114,1
32394,13713,1
32395,13502,1
32396,6561,1
32396,13291,1
32396,16785,1
32396,26569,1
32397,6427,1
32397,13080,1
32397,20762,1
32398,12869,1
32399,12658,1
32399,17778,1
32399,25481,1
32399,31185,1
32400,6719,1
32400,12447,1
32400,18269,1
32401,11316,1
32401,12236,1
32401,18510,1
32402,12025,1
32403,11814,1
32403,21707,1
32404,2374,1
32404,7735,1
32404,11603,1
32405,11392,1
32406,11181,1
32406,26351,1
32406,31145,1
32407,10970,1
32408,10759,1
32409,10548,1
32410,10337,1
32411,10126,1
32412,9915,1
32412,19131,1
32413,9704,1
32414,2852,1
32414,4236,1
32414,9493,1
32414,31701,1
32415,9282,1
32415,17700,1
32416,5228,1
32416,9071,1
32416,16873,1
32417,8860,1
32417,13603,1
32418,8649,1
32419,8438,1
32420,8227,1
32421,8016,1
32422,5208,1
32422,7805,1
32422,18325,1
32423,7594,1
32424,3453,1
32424,7383,1
32424,13825,1
32424,17686,1
32425,7172,1
32425,20638,1
32426,6961,1
32426,13446,1
32427,6750,1
32428,80,1
32428,6539,1
32429,6328,1
32430,6117,1
32431,5906,1
32431,12574,1
32431,17538,1
32431,21766,1
32432,5695,1
32433,5484,1
32433,17928,1
32433,25930,1
32434,5273,1
32434,26158,1
32435,5062,1
32435,7677,1
32436,4851,1
32437,4640,1
32437,4880,1
32438,4429,1
32439,579,1
32439,4218,1
32440,4007,1
32441,3796,1
32442,633,1
32442,3585,1
32442,12350,1
32443,3374,1
32443,11080,1
32444,3163,1
32445,2952,1
32445,16762,1
32446,2741,1
32446,23575,1
32447,250,1
32447,2530,1
32447,26596,1
32447,28922,1
32447,30774,1
32448,2319,1
32449,2108,1
32449,30197,1
32450,1897,1
32451,1686,1
32451,3789,1
32452,1475,1
32453,1264,1
32453,22319,1
32454,1053,1
32454,17897,1
32455,842,1
32455,4412,1
32456,631,1
32457,420,1
32458,209,1
32459,12351,1
32459,31006,1
32459,32766,1
32460,8874,1
32460,32555,1
32461,2247,1
32461,32344,1
32462,32133,1
32463,31922,1
32464,31428,1
32464,31711,1
32465,31500,1
32466,31289,1
32467,17149,1
32467,31078,1
32468,30867,1
32469,12632,1
32469,30656,1
32470,30445,1
32471,27284,1
32471,30234,1
32472,27508,1
32472,30023,1
32473,14749,1
32473,29812,1
32474,8773,1
32474,29601,1
32475,29390,1
32475,31733,1
32476,29179,1
32477,8672,1
32477,28968,1
32478,15118,1
32478,26495,1
32478,28757,1
32479,28546,1
32479,32039,1
32480,11380,1
32480,28335,1
32481,5028,1
32481,15113,1
32481,28124,1
32482,27913,1
32483,27658,1
32483,27702,1
32484,27491,1
32485,17173,1
32485,27280,1
32486,9723,1
32486,27069,1
32486,29895,1
32487,5285,1
32487,26858,1
32488,26647,1
32488,26920,1
32488,30943,1
32489,26436,1
32490,25606,1
32490,26225,1
32491,3530,1
32491,26014,1
32492,15808,1
32492,25803,1
32493,20199,1
32493,25592,1
32494,25381,1
32495,8268,1
32495,25170,1
32496,17878,1
32496,23491,1
32496,24959,1
32496,29203,1
32497,24748,1
32498,24537,1
32498,28456,1
32499,15470,1
32499,24326,1
32499,27758,1
32499,27775,1
32500,18388,1
32500,24115,1
32501,23904,1
32502,2048,1
32502,13084,1
32502,23693,1
32503,21205,1
32503,23482,1
32503,27207,1
32504,6873,1
32504,14232,1
32504,14922,1
32504,23271,1
32505,23060,1
32506,16835,1
32506,22849,1
32507,5763,1
32507,22638,1
32508,22427,1
32508,32350,1
32509,7939,1
32509,22216,1
32510,22005,1
32510,27798,1
32511,4186,1
32511,21794,1
32512,4363,1
32512,4580,1
32512,21583,1
32513,21372,1
32514,2558,1
32514,2836,1
32514,9818,1
32514,21161,1
32515,20950,1
32515,26143,1
32516,8884,1
32516,20739,1
32517,4998,1
32517,20528,1
32518,4997,1
32518,20317,1
32518,27202,1
32519,20106,1
32520,12465,1
32520,19895,1
32520,20334,1
32521,19684,1
32521,19820,1
32522,17662,1
32522,19473,1
32522,23518,1
32523,18091,1
32523,19262,1
32523,22936,1
32524,19051,1
32524,22948,1
32525,18840,1
32525,28113,1
32526,18629,1
32527,18418,1
32528,18207,1
32529,721,1
32529,17996,1
32530,15268,1
32530,17785,1
32530,22117,1
32531,16456,1
32531,17574,1
32531,30814,1
32532,17363,1
32533,17152,1
32534,16941,1
32535,13723,1
32535,16730,1
32536,16519,1
32536,19480,1
32536,20328,1
32536,32195,1
32537,16308,1
32538,16097,1
32538,17342,1
32539,7936,1
32539,15886,1
32540,6942,1
32540,15675,1
32540,17024,1
32540,28809,1
32541,15464,1
32542,15253,1
32543,15042,1
32544,14831,1
32545,6216,1
32545,14620,1
32546,14409,1
32546,16165,1
32547,14198,1
32548,13987,1
32549,13776,1
32549,14142,1
32550,2166,1
32550,13565,1
32550,17110,1
32551,7216,1
32551,8379,1
32551,13354,1
32552,13143,1
32552,29945,1
32553,12932,1
32553,26731,1
32553,29459,1
32554,12721,1
32554,16047,1
32555,12510,1
32555,19474,1
32556,12299,1
32557,2206,1
32557,12088,1
32558,11877,1
32559,11666,1
32559,20613,1
32559,27872,1
32560,6201,1
32560,11455,1
32560,30006,1
32560,32352,1
32561,11244,1
32562,8302,1
32562,11033,1
32563,106,1
32563,10822,1
32564,10611,1
32565,2158,1
32565,10400,1
32566,7404,1
32566,10189,1
32567,9978,1
32568,9767,1
32568,21388,1
32569,3243,1
32569,9556,1
32569,9651,1
32570,9345,1
32571,9134,1
32572,8923,1
32573,8712,1
32574,8501,1
32575,8290,1
32576,8079,1
32576,32289,1
32577,7346,1
32577,7868,1
32578,7657,1
32579,7446,1
32579,9077,1
32579,20599,1
32579,21816,1
32580,7235,1
32581,6943,1
32581,7024,1
32581,29059,1
32582,6813,1
32582,7568,1
32582,26062,1
32583,6602,1
32583,11503,1
32584,6391,1
32585,6180,1
32585,14405,1
32586,5969,1
32587,2815,1
32587,5758,1
32588,5547,1
32588,23638,1
32588,31744,1
32589,5336,1
32589,26220,1
32589,32013,1
32590,730,1
32590,5125,1
32591,4914,1
32591,28675,1
32592,4703,1
32593,4492,1
32593,7685,1
32594,4281,1
32595,4070,1
32596,3859,1
32596,4823,1
32596,6792,1
32596,8213,1
32596,17812,1
32597,3648,1
32598,1056,1
32598,3437,1
32599,3226,1
32599,30076,1
32600,3015,1
32601,2804,1
32602,2593,1
32603,2382,1
32604,2171,1
32605,1960,1
32605,24788,1
32606,1749,1
32606,11325,1
32607,1538,1
32608,1327,1
32609,1116,1
32609,27381,1
32610,905,1
32610,30686,1
32610,32108,1
32611,694,1
32612,483,1
32613,272,1
32614,61,1
32615,12443,1
32615,31803,1
32615,32618,1
32616,10919,1
32616,32407,1
32617,7286,1
32617,13928,1
32617,31002,1
32617,32196,1
32618,31985,1
32619,1397,1
32619,4561,1
32619,5320,1
32619,31774,1
32620,20875,1
32620,31563,1
32621,31352,1
32622,17756,1
32622,27648,1
32622,31141,1
32623,9100,1
32623,20651,1
32623,30930,1
32624,15170,1
32624,30719,1
32625,9796,1
32625,30508,1
32626,23682,1
32626,24374,1
32626,30297,1
32627,30086,1
32628,13932,1
32628,29875,1
32629,29664,1
32630,21621,1
32630,29453,1
32631,4260,1
32631,29242,1
32632,4212,1
32632,15296,1
32632,29031,1
32633,28820,1
32634,14846,1
32634,28609,1
32634,31741,1
32635,25339,1
32635,26652,1
32635,28398,1
32636,28187,1
32637,5401,1
32637,27976,1
32638,13958,1
32638,27765,1
32638,31280,1
32638,31941,1
32639,27554,1
32640,15971,1
32640,27343,1
32641,4121,1
32641,20702,1
32641,27132,1
32642,8223,1
32642,26921,1
32642,31475,1
32643,26710,1
32644,26499,1
32645,23709,1
32645,26288,1
32646,11679,1
32646,26077,1
32646,31597,1
32647,9290,1
32647,25866,1
32648,25655,1
32649,25444,1
32650,25233,1
32651,16538,1
32651,24596,1
32651,25022,1
32652,24811,1
32653,24600,1
32654,7015,1
32654,24389,1
32655,22342,1
32655,24178,1
32656,20320,1
32656,23967,1
32657,23756,1
32658,19637,1
32658,23545,1
32659,17248,1
32659,23334,1
32660,23123,1
32660,31272,1
32661,22912,1
32661,24589,1
32661,27514,1
32662,12779,1
32662,22701,1
32663,5342,1
32663,22490,1
32664,11949,1
32664,22279,1
32665,12006,1
32665,22068,1
32665,25125,1
32666,13860,1
32666,19633,1
32666,21857,1
32667,21646,1
32668,6433,1
32668,21435,1
32668,21504,1
32669,21224,1
32669,28700,1
32670,21013,1
32671,8927,1
32671,10709,1
32671,15933,1
32671,20802,1
32671,28932,1
32671,31662,1
32672,15511,1
32672,17498,1
32672,20591,1
32673,20380,1
32673,32368,1
32674,20169,1
32675,255,1
32675,4058,1
32675,19958,1
32676,17790,1
32676,19747,1
32676,28875,1
32677,19536,1
32677,22592,1
32678,4119,1
32678,13435,1
32678,19325,1
32679,825,1
32679,3457,1
32679,19114,1
32680,18903,1
32680,20624,1
32681,1806,1
32681,18692,1
32681,20839,1
32682,18481,1
32682,25625,1
32683,8096,1
32683,18270,1
32684,3380,1
32684,18059,1
32684,25172,1
32685,17848,1
32685,24816,1
32686,17637,1
32686,23085,1
32687,17426,1
32688,17215,1
32689,8051,1
32689,17004,1
32690,16793,1
32690,21865,1
32691,5973,1
32691,10883,1
32691,14836,1
32691,16582,1
32691,20240,1
32691,23147,1
32692,3008,1
32692,16371,1
32692,21887,1
32692,22707,1
32693,16160,1
32693,25947,1
32694,15949,1
32694,22618,1
32694,23027,1
32695,15738,1
32696,15527,1
32696,17737,1
32696,26814,1
32697,15316,1
32698,12041,1
32698,15105,1
32699,9184,1
32699,14894,1
32700,5423,1
32700,14683,1
32701,14472,1
32702,4903,1
32702,5312,1
32702,14261,1
32703,1093,1
32703,7103,1
32703,14050,1
32704,13839,1
32704,20440,1
32705,13628,1
32706,13417,1
32706,24841,1
32706,31943,1
32707,13206,1
32708,6505,1
32708,12995,1
32709,11478,1
32709,12784,1
32710,12573,1
32711,901,1
32711,12362,1
32711,26573,1
32712,11497,1
32712,12151,1
32712,31811,1
32713,11940,1
32714,11729,1
32715,11518,1
32716,11307,1
32717,3719,1
32717,11096,1
32718,10885,1
32719,10674,1
32719,12795,1
32720,10463,1
32720,30833,1
32721,10252,1
32721,13792,1
32722,10041,1
32723,1808,1
32723,9830,1
32724,375,1
32724,5835,1
32724,9619,1
32725,9408,1
32725,15912,1
32726,9197,1
32726,29638,1
32727,8986,1
32728,8775,1
32728,13490,1
32729,8564,1
32729,16420,1
32730,8353,1
32731,8142,1
32731,12556,1
32732,7931,1
32733,3707,1
32733,7720,1
32734,7509,1
32734,29060,1
32735,7298,1
32735,31906,1
32736,7087,1
32737,4094,1
32737,6876,1
32738,6665,1
32738,7086,1
32738,19722,1
32738,25487,1
32739,6454,1
32740,6243,1
32740,12381,1
32741,6032,1
32742,5821,1
32743,5610,1
32744,5399,1
32744,11141,1
32745,5188,1
32746,4912,1
32746,4977,1
32746,10486,1
32747,4766,1
32748,4555,1
32748,28243,1
32749,4344,1
32749,22720,1
32750,4133,1
32750,15637,1
32751,3922,1
32751,25049,1
32752,51,1
32752,3711,1
32753,3500,1
32753,13578,1
32753,14644,1
32754,3289,1
32755,3078,1
32755,23123,1
32756,2867,1
32756,4029,1
32757,2656,1
32757,5442,1
32757,16774,1
32757,21743,1
32757,22922,1
32758,2445,1
32758,28633,1
32758,29499,1
32759,2234,1
32759,18935,1
32760,2023,1
32760,32138,1
32761,1812,1
32761,3034,1
32762,1601,1
32763,1390,1
32764,1179,1
32764,28054,1
32765,968,1
32766,757,1
32766,21677,1
32767,546,1
